rebalance_date,invest_year,select_year,n_stocks,best_nodes,best_dropout,best_lr,best_val_loss,RMSE,MSE,MAE,R2_rank,R2_raw_vs_zero,Spearman,Directional_Accuracy,Geometric_Score,turnover,tc_drag_bps
1998-01-02,1998,1997,20,16.000000,0.100000,0.010000,0.047171,0.313176,0.098079,0.257172,-0.179900,-74.962153,0.207519,0.550000,0.534522,1.000000,0.000000
1998-02-02,1998,1997,20,16.000000,0.100000,0.010000,0.046580,0.317476,0.100791,0.258036,-0.212520,-61.144503,-0.012030,0.550000,0.611010,0.542574,0.000000
1998-03-02,1998,1997,20,16.000000,0.300000,0.010000,0.045986,0.297033,0.088229,0.266819,-0.061397,-26.102391,-0.048138,0.550000,0.612372,0.589688,0.000000
1998-04-01,1998,1997,20,16.000000,0.100000,0.010000,0.046050,0.292235,0.085401,0.227916,-0.027381,-35.490674,0.294737,0.600000,0.603023,0.551766,0.000000
1998-05-01,1998,1997,20,16.000000,0.300000,0.010000,0.046003,0.282575,0.079849,0.249441,0.039412,-87.408523,0.227068,0.500000,0.500000,0.456746,0.000000
1998-06-01,1998,1997,20,16.000000,0.100000,0.010000,0.046425,0.329132,0.108328,0.274852,-0.303195,-15.493735,-0.224060,0.500000,0.346410,0.639482,0.000000
1998-07-01,1998,1997,20,16.000000,0.100000,0.010000,0.045322,0.304737,0.092864,0.262066,-0.117165,-69.426815,0.100752,0.550000,0.531816,0.470495,0.000000
1998-08-03,1998,1997,20,16.000000,0.300000,0.010000,0.046010,0.291896,0.085203,0.254809,-0.025001,-17.208152,0.004511,0.350000,0.561951,0.427552,0.000000
1998-09-01,1998,1997,20,16.000000,0.100000,0.010000,0.046950,0.257057,0.066078,0.223240,0.205071,-22.588379,0.288722,0.550000,0.550482,0.528476,0.000000
1998-10-01,1998,1997,20,16.000000,0.300000,0.010000,0.046109,0.271407,0.073662,0.238375,0.113841,-5.476133,0.428571,0.450000,,0.607110,0.000000
1998-11-02,1998,1997,20,16.000000,0.300000,0.010000,0.045522,0.284414,0.080892,0.250734,0.026868,-19.982327,0.222556,0.700000,0.685994,0.727147,0.000000
1998-12-01,1998,1997,20,16.000000,0.300000,0.010000,0.047834,0.307361,0.094471,0.267533,-0.136493,-44.716042,-0.207519,0.650000,0.597614,0.433473,0.000000
1999-01-04,1999,1998,20,16.000000,0.300000,0.010000,0.044594,0.295234,0.087163,0.254308,-0.048577,-20.529772,0.055639,0.550000,0.530330,0.568850,0.000000
1999-02-01,1999,1998,20,16.000000,0.100000,0.010000,0.045282,0.316274,0.100029,0.280644,-0.203361,-68.663652,-0.054135,0.450000,0.426401,0.426922,0.000000
1999-03-01,1999,1998,20,16.000000,0.300000,0.010000,0.045809,0.316427,0.100126,0.281181,-0.204523,-34.188906,-0.227068,0.500000,0.572822,0.527696,0.000000
1999-04-01,1999,1998,20,16.000000,0.300000,0.010000,0.046563,0.281426,0.079201,0.238473,0.047209,-21.187799,0.266165,0.550000,0.531816,0.516837,0.000000
1999-05-03,1999,1998,20,16.000000,0.300000,0.010000,0.044732,0.342189,0.117093,0.280764,-0.408638,-65.042457,-0.405121,0.300000,0.313112,0.477795,0.000000
1999-06-01,1999,1998,20,16.000000,0.300000,0.010000,0.045498,0.271265,0.073585,0.244314,0.114769,-12.987115,0.288722,0.650000,0.656790,0.345194,0.000000
1999-07-01,1999,1998,20,16.000000,0.100000,0.010000,0.045653,0.325738,0.106105,0.272560,-0.276457,-78.868090,-0.160756,0.250000,0.267261,0.308367,0.000000
1999-08-02,1999,1998,20,16.000000,0.300000,0.010000,0.046204,0.314521,0.098924,0.260897,-0.190060,-37.878854,0.076692,0.600000,0.566947,0.362360,0.000000
1999-09-01,1999,1998,20,16.000000,0.300000,0.010000,0.044086,0.285769,0.081664,0.239592,0.017578,-43.659008,0.019549,0.300000,0.000000,0.455099,0.000000
1999-10-01,1999,1998,20,16.000000,0.300000,0.010000,0.044992,0.299026,0.089417,0.263476,-0.075690,-10.206827,-0.041171,0.650000,0.656790,0.371024,0.000000
1999-11-01,1999,1998,20,16.000000,0.300000,0.010000,0.043594,0.308796,0.095355,0.246732,-0.147127,-45.491376,0.310241,0.650000,0.612372,0.260599,0.000000
1999-12-01,1999,1998,20,16.000000,0.300000,0.010000,0.043834,0.268577,0.072134,0.222411,0.132226,-14.829396,0.395489,0.700000,0.696311,0.216060,0.000000
2000-01-03,2000,1999,20,16.000000,0.100000,0.010000,0.044392,0.302953,0.091780,0.257293,-0.104123,-21.409962,0.181823,0.500000,0.500000,0.747531,0.000000
2000-02-01,2000,1999,20,16.000000,0.100000,0.010000,0.045714,0.267555,0.071586,0.229532,0.138819,-14.997955,0.424060,0.600000,0.559017,0.388521,0.000000
2000-03-01,2000,1999,20,16.000000,0.300000,0.010000,0.044610,0.291545,0.084999,0.253567,-0.022539,-7.452042,-0.058647,0.550000,0.442807,0.554778,0.000000
2000-04-03,2000,1999,20,16.000000,0.100000,0.010000,0.043153,0.331304,0.109763,0.277810,-0.320453,-32.863346,-0.210304,0.450000,0.432049,0.500503,0.000000
2000-05-01,2000,1999,20,16.000000,0.100000,0.010000,0.044021,0.317069,0.100533,0.263313,-0.209416,-18.604153,-0.341353,0.400000,0.402015,0.474591,0.000000
2000-06-01,2000,1999,20,16.000000,0.300000,0.010000,0.044460,0.284611,0.081003,0.243628,0.025523,-31.656853,0.056859,0.750000,0.000000,0.782350,0.000000
2000-07-03,2000,1999,20,16.000000,0.100000,0.010000,0.045831,0.280529,0.078697,0.243269,0.053274,-50.523128,0.308271,0.650000,0.651339,0.689952,0.000000
2000-08-01,2000,1999,20,16.000000,0.100000,0.010000,0.043573,0.323957,0.104948,0.278220,-0.262537,-24.526499,-0.302256,0.400000,0.348155,0.584367,0.000000
2000-09-01,2000,1999,20,16.000000,0.300000,0.010000,0.045198,0.299513,0.089708,0.259387,-0.079194,-13.676579,-0.136842,0.350000,0.322749,0.645718,0.000000
2000-10-02,2000,1999,20,16.000000,0.300000,0.010000,0.044188,0.310649,0.096503,0.268826,-0.160937,-20.179072,-0.267770,0.350000,0.348155,0.633601,0.000000
2000-11-01,2000,1999,20,16.000000,0.300000,0.010000,0.044517,0.288489,0.083226,0.244910,-0.001215,-27.790148,0.181955,0.550000,0.492366,0.693539,0.000000
2000-12-01,2000,1999,20,16.000000,0.100000,0.010000,0.045805,0.298671,0.089205,0.247780,-0.073138,-33.456936,0.123308,0.500000,0.489898,0.426292,0.000000
2001-01-02,2001,2000,20,16.000000,0.100000,0.010000,0.045269,0.316273,0.100029,0.251627,-0.203351,-13.859615,-0.069173,0.400000,0.264575,0.559699,0.000000
2001-02-01,2001,2000,20,16.000000,0.300000,0.010000,0.044993,0.323439,0.104613,0.267517,-0.258499,-20.713233,-0.079699,0.450000,0.594089,0.407452,0.000000
2001-03-01,2001,2000,20,16.000000,0.300000,0.010000,0.044777,0.289073,0.083563,0.257678,-0.005273,-22.157848,0.215638,0.400000,0.542326,0.616405,0.000000
2001-04-02,2001,2000,20,16.000000,0.300000,0.010000,0.044625,0.282371,0.079733,0.246079,0.040800,-14.906786,0.201504,0.600000,0.000000,0.616481,0.000000
2001-05-01,2001,2000,20,16.000000,0.300000,0.010000,0.046085,0.305585,0.093382,0.250405,-0.123396,-153.267131,0.148872,0.550000,0.559017,0.669953,0.000000
2001-06-01,2001,2000,20,16.000000,0.300000,0.010000,0.046635,0.274751,0.075488,0.237108,0.091871,-54.959817,0.382510,0.450000,0.000000,0.746689,0.000000
2001-07-02,2001,2000,20,16.000000,0.300000,0.010000,0.044580,0.294542,0.086755,0.256854,-0.043671,-51.734590,0.021294,0.400000,0.348155,0.942990,0.000000
2001-08-01,2001,2000,20,16.000000,0.300000,0.010000,0.045715,0.337647,0.114005,0.291821,-0.371495,-27.854665,-0.678156,0.550000,0.442807,0.955401,0.000000
2001-09-04,2001,2000,20,16.000000,0.300000,0.010000,0.044487,0.315475,0.099524,0.252792,-0.197285,-33.794303,-0.245113,0.400000,0.395285,0.622025,0.000000
2001-10-01,2001,2000,20,16.000000,0.300000,0.010000,0.045742,0.260532,0.067877,0.228113,0.183434,-13.443634,0.427068,0.700000,0.626783,0.454130,0.000000
2001-11-01,2001,2000,20,16.000000,0.300000,0.010000,0.045281,0.292505,0.085559,0.253179,-0.029281,-26.957502,-0.082707,0.500000,0.314485,0.517580,0.000000
2001-12-03,2001,2000,20,16.000000,0.300000,0.010000,0.045559,0.298581,0.089151,0.255968,-0.072489,-68.968433,-0.060150,0.450000,0.433013,0.592579,0.000000
2002-01-02,2002,2001,20,16.000000,0.100000,0.010000,0.044881,0.293607,0.086205,0.256453,-0.037051,-92.048752,0.061654,0.400000,0.422577,0.709416,0.000000
2002-02-01,2002,2001,20,16.000000,0.100000,0.010000,0.044684,0.327701,0.107388,0.276037,-0.291888,-41.098346,-0.123355,0.400000,0.405999,0.577191,0.000000
2002-03-01,2002,2001,20,16.000000,0.300000,0.010000,0.046187,0.303221,0.091943,0.265582,-0.106079,-69.466400,-0.177444,0.450000,0.376051,0.616501,0.000000
2002-04-01,2002,2001,20,16.000000,0.300000,0.010000,0.044772,0.302429,0.091463,0.253977,-0.100312,-26.769103,-0.136842,0.450000,0.523937,0.463098,0.000000
2002-05-01,2002,2001,20,16.000000,0.100000,0.010000,0.044646,0.338311,0.114454,0.280308,-0.376892,-109.499354,-0.225564,0.300000,0.327327,0.462159,0.000000
2002-06-03,2002,2001,20,16.000000,0.100000,0.010000,0.044425,0.361854,0.130939,0.309587,-0.575201,-37.680040,-0.495482,0.400000,0.408248,0.594598,0.000000
2002-07-01,2002,2001,20,16.000000,0.100000,0.010000,0.045927,0.281984,0.079515,0.238728,0.043428,-43.312759,0.224060,0.500000,0.545545,0.565390,0.000000
2002-08-01,2002,2001,20,16.000000,0.100000,0.010000,0.047681,0.246371,0.060699,0.209753,0.269788,-42.220403,0.533835,0.800000,0.721110,0.654403,0.000000
2002-09-03,2002,2001,20,16.000000,0.300000,0.010000,0.044416,0.286501,0.082083,0.244354,0.012540,-38.528202,0.149980,0.300000,0.420084,0.360844,0.000000
2002-10-01,2002,2001,20,16.000000,0.300000,0.010000,0.044179,0.322573,0.104053,0.273895,-0.251769,-10.781285,-0.260150,0.450000,0.326599,0.327710,0.000000
2002-11-01,2002,2001,20,16.000000,0.300000,0.010000,0.045528,0.303387,0.092044,0.263439,-0.107293,-30.483001,-0.276692,0.400000,0.270031,0.431161,0.000000
2002-12-02,2002,2001,20,16.000000,0.300000,0.010000,0.047112,0.260095,0.067649,0.231502,0.186173,-41.111715,0.520301,0.450000,0.594089,0.425428,0.000000
2003-01-02,2003,2002,20,16.000000,0.300000,0.010000,0.045515,0.287685,0.082762,0.249599,0.004361,-91.953133,0.148872,0.350000,,0.882149,0.000000
2003-02-03,2003,2002,20,16.000000,0.100000,0.010000,0.045222,0.312569,0.097699,0.247016,-0.175330,-113.574385,0.064662,0.500000,0.572822,0.593917,0.000000
2003-03-03,2003,2002,20,16.000000,0.300000,0.010000,0.045273,0.277757,0.077149,0.248278,0.071895,-103.837439,0.306998,0.650000,0.433013,0.509741,0.000000
2003-04-01,2003,2002,20,16.000000,0.100000,0.010000,0.043777,0.343272,0.117836,0.276540,-0.417574,-41.506111,-0.174436,0.750000,0.637377,0.557507,0.000000
2003-05-01,2003,2002,20,16.000000,0.100000,0.010000,0.044339,0.291798,0.085146,0.256752,-0.024310,-72.040890,0.067925,0.500000,0.513553,0.594069,0.000000
2003-06-02,2003,2002,20,16.000000,0.100000,0.010000,0.044251,0.292862,0.085768,0.254808,-0.031794,-76.764088,0.162406,0.600000,0.544705,0.792272,0.000000
2003-07-01,2003,2002,20,16.000000,0.100000,0.010000,0.045386,0.301862,0.091121,0.264405,-0.096191,-58.751732,0.054135,0.500000,0.500000,0.773128,0.000000
2003-08-01,2003,2002,20,16.000000,0.100000,0.010000,0.044990,0.288813,0.083413,0.252380,-0.003467,-99.997613,0.272180,0.600000,0.603023,0.531655,0.000000
2003-09-02,2003,2002,20,16.000000,0.300000,0.010000,0.044836,0.272129,0.074054,0.240350,0.109124,-164.666018,0.416541,0.500000,0.513553,0.479494,0.000000
2003-10-01,2003,2002,20,16.000000,0.300000,0.010000,0.044895,0.300150,0.090090,0.258219,-0.083789,-70.265298,-0.318797,0.500000,0.327327,0.431341,0.000000
2003-11-03,2003,2002,20,16.000000,0.300000,0.010000,0.045281,0.288314,0.083125,0.250000,-0.000000,-209.244190,,0.400000,0.000000,0.264718,0.000000
2003-12-01,2003,2002,20,16.000000,0.100000,0.010000,0.046480,0.332206,0.110361,0.269890,-0.327650,-49.597005,-0.273684,0.350000,0.000000,0.581989,0.000000
2004-01-02,2004,2003,20,16.000000,0.300000,0.010000,0.043719,0.290858,0.084599,0.243824,-0.017726,-180.831996,0.290226,0.700000,0.612372,0.653168,0.000000
2004-02-02,2004,2003,20,16.000000,0.300000,0.010000,0.044392,0.322355,0.103913,0.248802,-0.250077,-194.958391,0.064662,0.450000,0.444750,0.572152,0.000000
2004-03-01,2004,2003,20,16.000000,0.100000,0.010000,0.044695,0.349682,0.122277,0.289727,-0.471007,-217.645590,-0.037594,0.450000,0.516398,0.572853,0.000000
2004-04-01,2004,2003,20,16.000000,0.300000,0.010000,0.044353,0.295424,0.087275,0.263747,-0.049929,-129.617568,0.034586,0.400000,0.389249,0.612166,0.000000
2004-05-03,2004,2003,20,16.000000,0.100000,0.010000,0.045415,0.267898,0.071769,0.237128,0.136610,-206.891477,0.378947,0.600000,0.530330,0.485751,0.000000
2004-06-01,2004,2003,20,16.000000,0.300000,0.010000,0.044108,0.292504,0.085558,0.246858,-0.029274,-191.856565,-0.036090,0.550000,0.547723,0.630006,0.000000
2004-07-01,2004,2003,20,16.000000,0.300000,0.010000,0.044993,0.288315,0.083125,0.250000,-0.000006,-105.189256,,0.350000,0.000000,0.511443,0.000000
2004-08-02,2004,2003,20,16.000000,0.100000,0.010000,0.044930,0.277050,0.076757,0.243072,0.076613,-113.305065,0.288722,0.550000,0.444750,0.370141,0.000000
2004-09-01,2004,2003,20,16.000000,0.300000,0.010000,0.046054,0.299445,0.089667,0.258716,-0.078703,-53.473225,-0.114286,0.450000,0.449467,0.422180,0.000000
2004-10-01,2004,2003,20,16.000000,0.300000,0.010000,0.044029,0.317679,0.100920,0.269055,-0.214077,-155.541654,-0.634586,0.450000,0.284268,0.398188,0.000000
2004-11-01,2004,2003,20,16.000000,0.100000,0.010000,0.045311,0.258871,0.067014,0.210589,0.193811,-194.081281,0.503759,0.750000,0.654654,0.425240,0.000000
2004-12-01,2004,2003,20,32.000000,0.100000,0.010000,0.045015,0.305771,0.093496,0.273216,-0.124761,-150.180025,-0.064662,0.500000,0.461880,0.652074,0.000000
2005-01-03,2005,2004,20,16.000000,0.300000,0.010000,0.044489,0.279554,0.078150,0.242141,0.059845,-114.863465,0.234586,0.500000,0.577350,0.606117,0.000000
2005-02-01,2005,2004,20,16.000000,0.300000,0.010000,0.047153,0.279705,0.078235,0.239331,0.058825,-59.560099,0.278195,0.550000,0.547723,0.642687,0.000000
2005-03-01,2005,2004,20,16.000000,0.300000,0.010000,0.045556,0.279913,0.078351,0.246550,0.057428,-115.256472,0.166917,0.250000,0.342997,0.751003,0.000000
2005-04-01,2005,2004,20,16.000000,0.300000,0.010000,0.044626,0.305521,0.093343,0.265753,-0.122923,-85.192612,-0.216541,0.450000,0.381881,0.450226,0.000000
2005-05-02,2005,2004,20,16.000000,0.100000,0.010000,0.044141,0.307524,0.094571,0.261068,-0.137695,-113.584291,-0.123308,0.700000,0.612372,0.608727,0.000000
2005-06-01,2005,2004,20,16.000000,0.100000,0.010000,0.044723,0.275126,0.075694,0.239623,0.089394,-238.205028,0.162406,0.450000,0.489898,0.433749,0.000000
2005-07-01,2005,2004,20,16.000000,0.100000,0.010000,0.042471,0.309431,0.095748,0.261618,-0.151852,-132.339343,-0.166917,0.550000,0.365148,0.478995,0.000000
2005-08-01,2005,2004,20,16.000000,0.300000,0.010000,0.046706,0.287226,0.082499,0.250477,0.007531,-165.918649,0.209023,0.500000,0.534522,0.588520,0.000000
2005-09-01,2005,2004,20,16.000000,0.300000,0.010000,0.047809,0.312214,0.097478,0.270498,-0.172664,-279.469743,-0.063158,0.400000,0.346410,0.537479,0.000000
2005-10-03,2005,2004,20,16.000000,0.300000,0.010000,0.045750,0.287121,0.082439,0.254153,0.008258,-75.995946,0.103759,0.500000,0.408248,0.509574,0.000000
2005-11-01,2005,2004,20,16.000000,0.100000,0.010000,0.045526,0.299199,0.089520,0.261973,-0.076935,-53.441786,0.031819,0.600000,0.760886,0.539654,0.000000
2005-12-01,2005,2004,20,16.000000,0.300000,0.010000,0.045668,0.290797,0.084563,0.251968,-0.017295,-137.799593,-0.037550,0.250000,0.000000,0.595535,0.000000
2006-01-03,2006,2005,20,16.000000,0.100000,0.010000,0.044984,0.356934,0.127402,0.290166,-0.532650,-87.401969,-0.127820,0.400000,0.405999,0.657244,0.000000
2006-02-01,2006,2005,20,16.000000,0.100000,0.010000,0.044226,0.278287,0.077443,0.224507,0.068350,-213.002054,0.218045,0.600000,0.603807,0.339362,0.000000
2006-03-01,2006,2005,20,16.000000,0.300000,0.010000,0.046635,0.271679,0.073809,0.230627,0.112069,-273.979070,0.342857,0.600000,0.591608,0.651773,0.000000
2006-04-03,2006,2005,20,16.000000,0.300000,0.010000,0.044940,0.289195,0.083634,0.252976,-0.006117,-100.147326,0.071455,0.450000,0.284268,0.710465,0.000000
2006-05-01,2006,2005,20,16.000000,0.300000,0.010000,0.044475,0.276049,0.076203,0.241127,0.083273,-138.157545,0.416541,0.500000,0.529150,0.525810,0.000000
2006-06-01,2006,2005,20,16.000000,0.100000,0.010000,0.044180,0.268741,0.072222,0.226882,0.131167,-231.893464,0.323308,0.600000,0.516398,0.496116,0.000000
2006-07-03,2006,2005,20,16.000000,0.100000,0.010000,0.043740,0.319180,0.101876,0.267039,-0.225572,-72.642508,-0.347368,0.450000,0.296500,0.463159,0.000000
2006-08-01,2006,2005,20,16.000000,0.300000,0.010000,0.044084,0.305431,0.093288,0.259156,-0.122265,-41.195420,-0.136842,0.550000,0.000000,0.326356,0.000000
2006-09-01,2006,2005,20,16.000000,0.100000,0.010000,0.045004,0.323600,0.104717,0.278592,-0.259756,-259.121341,-0.124812,0.650000,0.000000,0.381708,0.000000
2006-10-02,2006,2005,20,16.000000,0.300000,0.010000,0.044173,0.318227,0.101269,0.274443,-0.218270,-116.969856,-0.279052,0.600000,0.000000,0.399273,0.000000
2006-11-01,2006,2005,20,16.000000,0.300000,0.010000,0.045061,0.322740,0.104161,0.280023,-0.253065,-123.597111,-0.254135,0.350000,0.322749,0.671443,0.000000
2006-12-01,2006,2005,20,16.000000,0.100000,0.010000,0.044514,0.280989,0.078955,0.226945,0.050167,-151.472421,0.275188,0.600000,0.516398,0.518197,0.000000
2007-01-03,2007,2006,19,16.000000,0.300000,0.010000,0.044521,0.320198,0.102527,0.267315,-0.233737,-224.543055,-0.215789,0.631579,0.553912,0.635325,0.000000
2007-02-01,2007,2006,19,16.000000,0.100000,0.010000,0.045842,0.267520,0.071567,0.227916,0.138808,-170.681823,0.387719,0.421053,0.623610,0.368018,0.000000
2007-03-01,2007,2006,19,16.000000,0.300000,0.010000,0.045266,0.295901,0.087558,0.251081,-0.053610,-208.356945,0.004475,0.631579,0.632456,0.637784,0.000000
2007-04-02,2007,2006,19,16.000000,0.300000,0.010000,0.044526,0.286588,0.082133,0.247141,0.011668,-69.013250,0.133333,0.578947,0.000000,0.618319,0.000000
2007-05-01,2007,2006,19,16.000000,0.100000,0.010000,0.045323,0.268498,0.072091,0.227325,0.132506,-178.564968,0.335088,0.842105,0.559017,0.607319,0.000000
2007-06-01,2007,2006,19,16.000000,0.100000,0.010000,0.045031,0.284250,0.080798,0.236941,0.027730,-213.962814,0.221053,0.421053,0.462910,0.473810,0.000000
2007-07-02,2007,2006,19,16.000000,0.100000,0.010000,0.047042,0.244991,0.060021,0.226585,0.277753,-115.780761,0.677193,0.736842,0.763763,0.453526,0.000000
2007-08-01,2007,2006,19,16.000000,0.100000,0.010000,0.045558,0.344188,0.118466,0.303564,-0.425537,-108.701113,-0.439667,0.263158,0.292770,0.576625,0.000000
2007-09-04,2007,2006,19,16.000000,0.300000,0.010000,0.046596,0.281036,0.078981,0.244166,0.049595,-160.781096,0.270175,0.631579,0.375534,0.598918,0.000000
2007-10-01,2007,2006,19,16.000000,0.100000,0.010000,0.046375,0.305144,0.093113,0.270553,-0.120460,-62.280627,0.177193,0.315789,0.238366,0.377342,0.000000
2007-11-01,2007,2006,19,16.000000,0.300000,0.010000,0.045614,0.290258,0.084250,0.255904,-0.013804,-76.266960,-0.085965,0.473684,0.394405,0.479563,0.000000
2007-12-03,2007,2006,19,16.000000,0.100000,0.010000,0.044622,0.271168,0.073532,0.231304,0.115162,-117.460873,0.431579,0.578947,0.516398,0.441617,0.000000
2008-01-02,2008,2007,19,16.000000,0.300000,0.010000,0.044002,0.315498,0.099539,0.257924,-0.197782,-35.200974,-0.096491,0.368421,0.377964,0.586460,0.000000
2008-02-01,2008,2007,19,16.000000,0.100000,0.010000,0.044802,0.297215,0.088337,0.253139,-0.062986,-40.795577,-0.417038,0.210526,0.000000,0.359339,0.000000
2008-03-03,2008,2007,19,16.000000,0.300000,0.010000,0.046680,0.306509,0.093948,0.261890,-0.130505,-56.710447,-0.122807,0.526316,0.436436,0.412762,0.000000
2008-04-01,2008,2007,19,16.000000,0.300000,0.010000,0.044758,0.269408,0.072580,0.234060,0.126615,-57.543702,0.349123,0.473684,0.398862,0.402676,0.000000
2008-05-01,2008,2007,19,16.000000,0.300000,0.010000,0.046772,0.335120,0.112305,0.284750,-0.351406,-46.597672,-0.507018,0.157895,0.169031,0.466736,0.000000
2008-06-02,2008,2007,19,16.000000,0.300000,0.010000,0.047785,0.332025,0.110241,0.285612,-0.326564,-24.876610,-0.110526,0.263158,0.471405,0.426283,0.000000
2008-07-01,2008,2007,19,16.000000,0.100000,0.010000,0.045191,0.296077,0.087662,0.252638,-0.054863,-19.954443,0.122807,0.684211,0.583874,0.398046,0.000000
2008-08-01,2008,2007,19,16.000000,0.300000,0.010000,0.045985,0.272565,0.074292,0.230579,0.106023,-57.568368,0.259649,0.684211,0.679366,0.613609,0.000000
2008-09-02,2008,2007,20,16.000000,0.100000,0.010000,0.046214,0.280714,0.078800,0.244141,0.052026,-6.465830,0.227068,0.550000,0.534522,0.482231,0.000000
2008-10-01,2008,2007,20,16.000000,0.300000,0.010000,0.045837,0.230357,0.053064,0.198619,0.361631,-9.812883,0.789474,0.450000,,0.525990,0.000000
2008-11-03,2008,2007,20,16.000000,0.300000,0.010000,0.044306,0.304319,0.092610,0.259445,-0.114107,-17.235584,-0.106767,0.150000,0.000000,0.451282,0.000000
2008-12-01,2008,2007,20,16.000000,0.100000,0.010000,0.044304,0.325592,0.106010,0.276071,-0.275309,-23.467674,-0.172932,0.600000,0.000000,0.579789,0.000000
2009-01-02,2009,2008,19,16.000000,0.300000,0.010000,0.046795,0.311521,0.097045,0.261514,-0.167777,-17.270852,-0.121053,0.421053,0.594089,1.013034,0.000000
2009-02-02,2009,2008,19,16.000000,0.300000,0.010000,0.046503,0.317121,0.100565,0.271133,-0.210138,-22.850360,-0.468421,0.368421,0.420084,0.604125,0.000000
2009-03-02,2009,2008,19,16.000000,0.100000,0.010000,0.045996,0.278525,0.077576,0.240837,0.066497,-4.961968,0.184211,0.631579,,0.396290,0.000000
2009-04-01,2009,2008,19,16.000000,0.100000,0.010000,0.046085,0.321711,0.103498,0.278770,-0.245429,-16.848238,-0.005263,0.263158,0.213201,0.402345,0.000000
2009-05-01,2009,2008,19,32.000000,0.300000,0.010000,0.045886,0.264000,0.069696,0.219832,0.161328,-23.488969,0.364912,0.631579,0.670820,0.571785,0.000000
2009-06-01,2009,2008,19,16.000000,0.100000,0.010000,0.044177,0.313690,0.098401,0.264536,-0.184094,-83.122732,-0.350877,0.473684,0.476731,0.557150,0.000000
2009-07-01,2009,2008,19,16.000000,0.100000,0.010000,0.044232,0.320304,0.102595,0.260235,-0.234558,-37.014428,0.038596,0.578947,0.542326,0.354203,0.000000
2009-08-03,2009,2008,19,16.000000,0.300000,0.010000,0.045527,0.275734,0.076029,0.238263,0.085117,-186.033869,0.373684,0.684211,0.666667,0.456900,0.000000
2009-09-01,2009,2008,19,16.000000,0.300000,0.010000,0.046074,0.311567,0.097074,0.275259,-0.168124,-32.240588,-0.253107,0.368421,0.408248,0.480613,0.000000
2009-10-01,2009,2008,19,16.000000,0.300000,0.010000,0.043837,0.305139,0.093110,0.259578,-0.120422,-77.826308,-0.203509,0.526316,0.387298,0.584042,0.000000
2009-11-02,2009,2008,19,16.000000,0.100000,0.010000,0.044752,0.297174,0.088312,0.257042,-0.062692,-48.851258,-0.087719,0.315789,0.527046,0.493746,0.000000
2009-12-01,2009,2008,19,16.000000,0.100000,0.010000,0.044744,0.325691,0.106074,0.270868,-0.276428,-134.489896,-0.171930,0.368421,0.365148,0.533186,0.000000
2010-01-04,2010,2009,20,16.000000,0.100000,0.010000,0.044920,0.266253,0.070891,0.231918,0.147180,-63.780332,0.384962,0.550000,0.594089,0.913138,0.000000
2010-02-01,2010,2009,20,16.000000,0.300000,0.010000,0.046876,0.273666,0.074893,0.234216,0.099031,-156.711086,0.376606,0.600000,0.568535,0.750320,0.000000
2010-03-01,2010,2009,20,16.000000,0.300000,0.010000,0.044865,0.277641,0.077084,0.238816,0.072670,-65.774628,0.312782,0.750000,0.714006,0.255873,0.000000
2010-04-01,2010,2009,20,16.000000,0.300000,0.010000,0.043883,0.285124,0.081296,0.246908,0.022004,-135.518609,0.184962,0.500000,0.400000,0.343300,0.000000
2010-05-03,2010,2009,20,16.000000,0.100000,0.010000,0.045807,0.316651,0.100268,0.267137,-0.206226,-40.223437,-0.001504,0.600000,,0.541505,0.000000
2010-06-01,2010,2009,20,16.000000,0.300000,0.010000,0.045125,0.334978,0.112210,0.281167,-0.349894,-106.391551,-0.389474,0.400000,0.485071,0.497647,0.000000
2010-07-01,2010,2009,20,16.000000,0.300000,0.010000,0.046131,0.284109,0.080718,0.236451,0.028958,-32.054471,0.144361,0.750000,0.000000,0.430141,0.000000
2010-08-02,2010,2009,20,16.000000,0.300000,0.010000,0.044996,0.333710,0.111362,0.277796,-0.339698,-45.472387,-0.290226,0.450000,0.523937,0.457640,0.000000
2010-09-01,2010,2009,20,16.000000,0.300000,0.010000,0.046077,0.283018,0.080099,0.242375,0.036398,-42.084142,0.225564,0.750000,0.000000,0.462909,0.000000
2010-10-01,2010,2009,20,16.000000,0.100000,0.010000,0.045052,0.367938,0.135378,0.298401,-0.628608,-75.554714,-0.268522,0.700000,0.504878,0.653459,0.000000
2010-11-01,2010,2009,20,16.000000,0.300000,0.010000,0.044940,0.272596,0.074309,0.239879,0.106059,-94.518051,0.354887,0.500000,0.534522,0.372352,0.000000
2010-12-01,2010,2009,20,16.000000,0.100000,0.010000,0.045419,0.273724,0.074925,0.240143,0.098650,-36.666582,0.303759,0.550000,0.442807,0.504020,0.000000
2011-01-03,2011,2010,20,16.000000,0.300000,0.010000,0.044349,0.318060,0.101162,0.271702,-0.216990,-119.258608,-0.246617,0.550000,0.559017,0.790336,0.000000
2011-02-01,2011,2010,20,16.000000,0.100000,0.010000,0.045633,0.298209,0.088928,0.264126,-0.069815,-244.299172,0.076692,0.650000,0.574169,0.615451,0.000000
2011-03-01,2011,2010,20,16.000000,0.100000,0.010000,0.044759,0.305343,0.093234,0.268125,-0.121615,-187.954157,-0.021053,0.350000,0.317821,0.568816,0.000000
2011-04-01,2011,2010,20,16.000000,0.100000,0.010000,0.045988,0.325274,0.105803,0.281733,-0.272817,-77.355358,-0.069173,0.600000,0.516398,0.636760,0.000000
2011-05-02,2011,2010,20,16.000000,0.300000,0.010000,0.046451,0.296710,0.088037,0.256118,-0.059088,-250.438251,-0.009023,0.500000,0.500000,0.556008,0.000000
2011-06-01,2011,2010,20,16.000000,0.100000,0.010000,0.045879,0.299913,0.089948,0.258831,-0.082077,-404.357775,0.065438,0.500000,0.460566,0.504786,0.000000
2011-07-01,2011,2010,20,16.000000,0.100000,0.010000,0.046668,0.293679,0.086247,0.257049,-0.037562,-57.624191,0.136842,0.400000,0.484123,0.489756,0.000000
2011-08-01,2011,2010,20,16.000000,0.300000,0.010000,0.045507,0.267494,0.071553,0.234644,0.139211,-52.692242,0.621053,0.550000,0.632456,0.495773,0.000000
2011-09-01,2011,2010,20,16.000000,0.100000,0.010000,0.044252,0.288315,0.083126,0.250000,-0.000006,-50.248422,,0.250000,0.000000,0.449202,0.000000
2011-10-03,2011,2010,20,16.000000,0.300000,0.010000,0.045208,0.293834,0.086338,0.245884,-0.038655,-6.123987,-0.067669,0.750000,,0.374832,0.000000
2011-11-01,2011,2010,20,16.000000,0.100000,0.010000,0.044947,0.258012,0.066570,0.221221,0.199155,-113.844123,0.440602,0.850000,0.755929,0.438333,0.000000
2011-12-01,2011,2010,20,16.000000,0.100000,0.010000,0.044869,0.313718,0.098419,0.250012,-0.183988,-67.174202,0.067669,0.650000,0.541603,0.496453,0.000000
2012-01-03,2012,2011,19,16.000000,0.100000,0.010000,0.045709,0.267580,0.071599,0.234683,0.138424,-73.837227,0.454386,0.631579,0.553912,0.617916,0.000000
2012-02-01,2012,2011,19,16.000000,0.300000,0.010000,0.045547,0.290726,0.084522,0.238226,-0.017077,-63.338411,0.205263,0.578947,0.547723,0.545360,0.000000
2012-03-01,2012,2011,19,16.000000,0.100000,0.010000,0.045103,0.380579,0.144841,0.306105,-0.742917,-73.715416,-0.380702,0.421053,0.414039,0.456430,0.000000
2012-04-02,2012,2011,20,16.000000,0.100000,0.010000,0.045235,0.315825,0.099745,0.276189,-0.199946,-241.939121,-0.084211,0.400000,0.436436,0.656011,0.000000
2012-05-01,2012,2011,20,16.000000,0.100000,0.010000,0.045336,0.283349,0.080287,0.248408,0.034147,-45.715330,0.112471,0.450000,0.594089,0.348086,0.000000
2012-06-01,2012,2011,20,16.000000,0.300000,0.010000,0.047008,0.289023,0.083534,0.250569,-0.004925,-30.133438,-0.258607,0.950000,0.000000,0.385910,0.000000
2012-07-02,2012,2011,20,16.000000,0.300000,0.010000,0.046891,0.311941,0.097307,0.259154,-0.170612,-160.958745,-0.123020,0.650000,0.000000,0.267246,0.000000
2012-08-01,2012,2011,20,16.000000,0.300000,0.010000,0.045649,0.308235,0.095009,0.256120,-0.142962,-163.606126,-0.040617,0.600000,0.565685,0.428122,0.000000
2012-09-04,2012,2011,20,16.000000,0.300000,0.010000,0.045352,0.315499,0.099540,0.270332,-0.197470,-81.456606,-0.299699,0.650000,0.586302,0.433986,0.000000
2012-10-01,2012,2011,20,16.000000,0.300000,0.010000,0.045475,0.285116,0.081291,0.256317,0.022065,-123.462983,0.253012,0.450000,0.530330,0.258892,0.000000
2012-11-01,2012,2011,20,16.000000,0.300000,0.010000,0.045899,0.301363,0.090820,0.262052,-0.092567,-188.401184,-0.251506,0.350000,0.363137,0.429896,0.000000
2012-12-03,2012,2011,20,16.000000,0.100000,0.010000,0.044832,0.294692,0.086843,0.227225,-0.044731,-207.747645,0.342857,0.700000,0.674200,0.561136,0.000000
2013-01-02,2013,2012,20,16.000000,0.100000,0.010000,0.044135,0.294397,0.086669,0.254848,-0.042640,-93.332515,0.108271,0.650000,0.632456,0.744313,0.000000
2013-02-01,2013,2012,20,16.000000,0.300000,0.010000,0.045026,0.294880,0.086954,0.256244,-0.046068,-316.916142,0.016541,0.700000,0.690066,0.570514,0.000000
2013-03-01,2013,2012,20,16.000000,0.100000,0.010000,0.045506,0.327121,0.107008,0.292625,-0.287312,-154.432932,-0.317293,0.600000,0.559017,0.403981,0.000000
2013-04-01,2013,2012,20,16.000000,0.300000,0.010000,0.045957,0.338796,0.114783,0.283843,-0.380843,-97.131868,-0.233083,0.500000,0.375000,0.360741,0.000000
2013-05-01,2013,2012,20,16.000000,0.100000,0.010000,0.045548,0.331593,0.109954,0.283078,-0.322754,-58.383206,-0.222556,0.500000,0.480384,0.241789,0.000000
2013-06-03,2013,2012,20,16.000000,0.100000,0.010000,0.045722,0.303483,0.092102,0.249009,-0.107991,-134.798951,-0.165414,0.500000,0.545545,0.466507,0.000000
2013-07-01,2013,2012,20,16.000000,0.100000,0.010000,0.045748,0.274910,0.075575,0.228235,0.090822,-71.201671,0.257143,0.600000,0.559017,0.474962,0.000000
2013-08-01,2013,2012,20,16.000000,0.100000,0.010000,0.045936,0.287909,0.082892,0.231863,0.002806,-90.131200,0.237594,0.350000,0.408248,0.463344,0.000000
2013-09-03,2013,2012,20,16.000000,0.300000,0.010000,0.044941,0.256107,0.065591,0.225025,0.210940,-426.058170,0.386466,0.850000,0.748331,0.363256,0.000000
2013-10-01,2013,2012,20,16.000000,0.300000,0.010000,0.044044,0.291685,0.085080,0.246774,-0.023521,-65.592342,0.108680,0.600000,0.000000,0.358362,0.000000
2013-11-01,2013,2012,20,16.000000,0.300000,0.010000,0.044303,0.311420,0.096982,0.266054,-0.166702,-100.917991,-0.147368,0.600000,0.464420,0.561032,0.000000
2013-12-02,2013,2012,20,16.000000,0.100000,0.010000,0.046099,0.286543,0.082107,0.249922,0.012245,-171.109802,0.224060,0.650000,0.574169,0.343430,0.000000
2014-01-02,2014,2013,20,16.000000,0.300000,0.010000,0.044614,0.294674,0.086833,0.249122,-0.044606,-101.275502,0.016541,0.250000,0.250000,0.820573,0.000000
2014-02-03,2014,2013,20,16.000000,0.300000,0.010000,0.044364,0.300668,0.090401,0.265714,-0.087533,-73.416171,-0.022556,0.650000,,0.471713,0.000000
2014-03-03,2014,2013,20,16.000000,0.300000,0.010000,0.045163,0.318002,0.101125,0.262337,-0.216547,-85.671530,-0.175940,0.650000,0.485071,0.430408,0.000000
2014-04-01,2014,2013,20,16.000000,0.100000,0.010000,0.045903,0.311873,0.097265,0.247678,-0.170105,-93.989153,0.037594,0.600000,0.568535,0.380542,0.000000
2014-05-01,2014,2013,20,16.000000,0.100000,0.010000,0.044934,0.298469,0.089084,0.259972,-0.071685,-275.938980,0.093570,0.500000,0.000000,0.272123,0.000000
2014-06-02,2014,2013,20,16.000000,0.100000,0.010000,0.045946,0.318128,0.101206,0.265831,-0.217511,-301.880214,0.106767,0.650000,0.635642,0.397953,0.000000
2014-07-01,2014,2013,20,16.000000,0.300000,0.010000,0.045220,0.323058,0.104366,0.274848,-0.255534,-282.303178,-0.227926,0.300000,0.327327,0.544975,0.000000
2014-08-01,2014,2013,20,16.000000,0.100000,0.010000,0.045440,0.345121,0.119109,0.289964,-0.432885,-92.004307,-0.312782,0.700000,0.000000,0.547371,0.000000
2014-09-02,2014,2013,20,16.000000,0.300000,0.010000,0.045523,0.297590,0.088560,0.248800,-0.065381,-252.316366,-0.054135,0.550000,0.426401,0.254004,0.000000
2014-10-01,2014,2013,20,16.000000,0.300000,0.010000,0.045608,0.306641,0.094029,0.254536,-0.131172,-120.929913,-0.269126,0.650000,0.433013,0.149801,0.000000
2014-11-03,2014,2013,20,16.000000,0.300000,0.010000,0.045739,0.279347,0.078035,0.233925,0.061237,-70.195735,0.184962,0.650000,0.597614,0.263358,0.000000
2014-12-01,2014,2013,20,16.000000,0.300000,0.010000,0.045583,0.334907,0.112163,0.290930,-0.349326,-222.580716,-0.252632,0.450000,0.374166,0.347156,0.000000
2015-01-02,2015,2014,19,16.000000,0.100000,0.010000,0.045299,0.317321,0.100693,0.250327,-0.211666,-62.586362,0.187719,0.157895,0.242536,0.565216,0.000000
2015-02-02,2015,2014,19,16.000000,0.100000,0.010000,0.044139,0.274340,0.075263,0.222462,0.094339,-59.052713,0.238596,0.578947,0.612372,0.466297,0.000000
2015-03-02,2015,2014,19,16.000000,0.300000,0.010000,0.045800,0.306084,0.093688,0.266151,-0.127373,-235.224992,-0.122861,0.263158,0.000000,0.590571,0.000000
2015-04-01,2015,2014,19,16.000000,0.300000,0.010000,0.044720,0.329684,0.108692,0.283967,-0.307925,-92.971098,-0.350877,0.526316,0.339683,0.340152,0.000000
2015-05-01,2015,2014,19,16.000000,0.100000,0.010000,0.044721,0.288275,0.083103,0.249313,-0.000000,-416.272636,,0.473684,0.000000,0.279011,0.000000
2015-06-01,2015,2014,19,16.000000,0.300000,0.010000,0.044520,0.271962,0.073964,0.241447,0.109973,-143.704146,0.454386,0.578947,0.654654,0.466552,0.000000
2015-07-01,2015,2014,19,16.000000,0.300000,0.010000,0.045637,0.281394,0.079183,0.245198,0.047167,-74.229148,0.384211,0.684211,0.392232,0.385857,0.000000
2015-08-03,2015,2014,19,16.000000,0.300000,0.010000,0.045548,0.303318,0.092002,0.262489,-0.107090,-74.792202,-0.100000,0.210526,,0.450555,0.000000
2015-09-01,2015,2014,19,16.000000,0.300000,0.010000,0.045303,0.295960,0.087592,0.256756,-0.054027,-277.598533,-0.256685,0.736842,0.000000,0.510533,0.000000
2015-10-01,2015,2014,19,16.000000,0.100000,0.010000,0.046657,0.258240,0.066688,0.214572,0.197525,-21.134129,0.436842,0.578947,0.000000,0.497592,0.000000
2015-11-02,2015,2014,19,16.000000,0.100000,0.010000,0.045024,0.295036,0.087046,0.250384,-0.047457,-548.424964,0.133333,0.421053,0.000000,0.476446,0.000000
2015-12-01,2015,2014,19,16.000000,0.100000,0.010000,0.045128,0.330698,0.109361,0.286718,-0.315976,-153.284717,-0.194737,0.421053,0.438529,0.573779,0.000000
2016-01-04,2016,2015,19,16.000000,0.300000,0.010000,0.044579,0.294947,0.086994,0.250734,-0.046822,-79.868954,0.222807,0.526316,0.488504,1.128084,0.000000
2016-02-01,2016,2015,19,16.000000,0.100000,0.010000,0.045282,0.319976,0.102385,0.282364,-0.232029,-170.549501,-0.117544,0.526316,0.534522,0.528838,0.000000
2016-03-01,2016,2015,19,16.000000,0.100000,0.010000,0.045103,0.317983,0.101113,0.291636,-0.216732,-103.136004,0.012281,0.526316,0.685994,0.395366,0.000000
2016-04-01,2016,2015,19,16.000000,0.300000,0.010000,0.045549,0.282517,0.079816,0.254800,0.039550,-61.547985,0.238596,0.526316,0.483046,0.561699,0.000000
2016-05-02,2016,2015,19,16.000000,0.100000,0.010000,0.044582,0.301591,0.090957,0.238754,-0.094516,-200.764293,0.001754,0.578947,0.480384,0.598051,0.000000
2016-06-01,2016,2015,20,16.000000,0.300000,0.010000,0.044950,0.282584,0.079854,0.252747,0.039354,-100.446564,0.330827,0.550000,0.316228,0.636290,0.000000
2016-07-01,2016,2015,20,16.000000,0.300000,0.010000,0.045167,0.278081,0.077329,0.241241,0.069725,-77.464486,0.387970,0.650000,0.000000,0.495486,0.000000
2016-08-01,2016,2015,20,16.000000,0.300000,0.010000,0.044709,0.307348,0.094463,0.269361,-0.136391,-143.205359,-0.269173,0.450000,0.296500,0.583048,0.000000
2016-09-01,2016,2015,20,16.000000,0.300000,0.010000,0.045991,0.282007,0.079528,0.236772,0.043272,-176.970519,0.130827,0.450000,0.376051,0.701389,0.000000
2016-10-03,2016,2015,20,16.000000,0.300000,0.010000,0.045393,0.331258,0.109732,0.282972,-0.320081,-247.283507,-0.457143,0.400000,0.265908,0.782079,0.000000
2016-11-01,2016,2015,20,16.000000,0.100000,0.010000,0.044983,0.304107,0.092481,0.252263,-0.112551,-28.171014,0.052632,0.500000,0.467707,0.762400,0.000000
2016-12-01,2016,2015,20,16.000000,0.300000,0.010000,0.045344,0.286642,0.082164,0.241709,0.011562,-180.757271,0.171429,0.600000,0.000000,0.701247,0.000000
2017-01-03,2017,2016,20,16.000000,0.100000,0.010000,0.045681,0.297824,0.088699,0.244979,-0.067060,-116.378927,0.045113,0.550000,0.531816,0.567532,0.000000
2017-02-01,2017,2016,20,16.000000,0.300000,0.010000,0.045228,0.295708,0.087444,0.254182,-0.051952,-105.911087,0.105263,0.550000,0.000000,0.482135,0.000000
2017-03-01,2017,2016,20,16.000000,0.300000,0.010000,0.045219,0.296673,0.088015,0.254170,-0.058829,-223.254570,-0.209023,0.500000,0.408248,0.678260,0.000000
2017-04-03,2017,2016,20,16.000000,0.300000,0.010000,0.045257,0.290158,0.084192,0.259865,-0.012835,-255.393145,0.157895,0.500000,0.513553,0.489838,0.000000
2017-05-01,2017,2016,20,16.000000,0.100000,0.010000,0.043948,0.346831,0.120292,0.296459,-0.447119,-199.445130,-0.496241,0.350000,0.317821,0.512468,0.000000
2017-06-01,2017,2016,20,16.000000,0.100000,0.010000,0.044488,0.294166,0.086534,0.253320,-0.041009,-151.152783,0.091729,0.500000,0.510310,0.624380,0.000000
2017-07-03,2017,2016,20,16.000000,0.300000,0.010000,0.044015,0.284921,0.081180,0.242168,0.023399,-92.383410,0.311278,0.650000,0.511766,0.425251,0.000000
2017-08-01,2017,2016,20,16.000000,0.300000,0.010000,0.044887,0.311669,0.097138,0.280726,-0.168575,-259.929546,-0.309774,0.400000,0.389249,0.460472,0.000000
2017-09-01,2017,2016,20,16.000000,0.300000,0.010000,0.046138,0.279248,0.077980,0.248520,0.061901,-135.417850,0.327943,0.600000,0.468807,0.417291,0.000000
2017-10-02,2017,2016,20,16.000000,0.300000,0.010000,0.045308,0.277106,0.076788,0.243992,0.076236,-35.462115,0.392481,0.700000,0.663325,0.449315,0.000000
2017-11-01,2017,2016,20,16.000000,0.100000,0.010000,0.044233,0.306751,0.094096,0.266604,-0.131983,-139.365521,-0.015038,0.500000,0.420084,0.534927,0.000000
2017-12-01,2017,2016,20,16.000000,0.100000,0.010000,0.044270,0.304554,0.092753,0.267638,-0.115824,-241.934508,-0.315721,0.500000,0.375000,0.746556,0.000000
2018-01-02,2018,2017,20,16.000000,0.100000,0.010000,0.045530,0.298408,0.089047,0.248907,-0.071246,-37.060525,0.090226,0.600000,0.559017,0.524326,0.000000
2018-02-01,2018,2017,20,16.000000,0.300000,0.010000,0.044469,0.300346,0.090208,0.256601,-0.085205,-54.415810,-0.008274,0.200000,0.280056,0.363799,0.000000
2018-03-01,2018,2017,20,16.000000,0.300000,0.010000,0.044010,0.290357,0.084307,0.242298,-0.014222,-149.410574,0.212030,0.700000,0.565685,0.415249,0.000000
2018-04-02,2018,2017,20,16.000000,0.300000,0.010000,0.044105,0.308738,0.095319,0.269649,-0.146698,-57.549726,-0.181955,0.650000,0.485071,0.624608,0.000000
2018-05-01,2018,2017,20,16.000000,0.300000,0.010000,0.045973,0.275313,0.075797,0.226788,0.088156,-110.674591,0.339850,0.500000,0.327327,0.531836,0.000000
2018-06-01,2018,2017,20,16.000000,0.300000,0.010000,0.045747,0.307535,0.094578,0.257297,-0.137778,-166.222337,-0.106928,0.450000,0.444750,0.525754,0.000000
2018-07-02,2018,2017,20,16.000000,0.300000,0.010000,0.046255,0.272451,0.074230,0.221179,0.107012,-59.359107,0.335338,0.600000,0.626224,0.632850,0.000000
2018-08-01,2018,2017,20,16.000000,0.300000,0.010000,0.045062,0.323689,0.104775,0.291950,-0.260446,-77.977408,-0.407519,0.400000,0.000000,0.600296,0.000000
2018-09-04,2018,2017,20,16.000000,0.300000,0.010000,0.045051,0.332354,0.110459,0.297537,-0.328832,-220.696556,-0.581955,0.250000,0.000000,0.373733,0.000000
2018-10-01,2018,2017,20,16.000000,0.100000,0.010000,0.043237,0.314958,0.099199,0.280465,-0.193369,-51.429752,-0.067669,0.500000,0.534522,0.333620,0.000000
2018-11-01,2018,2017,20,16.000000,0.100000,0.010000,0.045077,0.323617,0.104728,0.267264,-0.259888,-62.365847,-0.184962,0.500000,0.500000,0.435380,0.000000
2018-12-03,2018,2017,20,16.000000,0.300000,0.010000,0.045847,0.316799,0.100362,0.265384,-0.207360,-36.702262,-0.339850,0.350000,,0.541732,0.000000
2019-01-02,2019,2018,20,16.000000,0.300000,0.010000,0.046491,0.279320,0.078020,0.233662,0.061414,-31.514552,0.190369,0.700000,0.816497,0.481002,0.000000
2019-02-01,2019,2018,20,16.000000,0.300000,0.010000,0.045876,0.277655,0.077092,0.238438,0.072577,-97.802793,0.293233,0.550000,0.612372,0.596920,0.000000
2019-03-01,2019,2018,20,16.000000,0.100000,0.010000,0.046167,0.362344,0.131293,0.296132,-0.579468,-181.857664,-0.532331,0.500000,0.461880,0.567676,0.000000
2019-04-01,2019,2018,20,16.000000,0.300000,0.010000,0.046193,0.292116,0.085331,0.254729,-0.026544,-64.585386,0.028571,0.350000,0.322749,0.479161,0.000000
2019-05-01,2019,2018,20,16.000000,0.300000,0.010000,0.045388,0.313524,0.098297,0.269895,-0.182522,-63.432810,-0.154887,0.350000,0.395285,0.363167,0.000000
2019-06-03,2019,2018,20,16.000000,0.300000,0.010000,0.045585,0.237792,0.056545,0.208565,0.319761,-26.167813,0.778947,0.650000,,0.446617,0.000000
2019-07-01,2019,2018,20,16.000000,0.300000,0.010000,0.045890,0.285912,0.081746,0.250394,0.016591,-102.265727,0.108271,0.650000,0.661438,0.432553,0.000000
2019-08-01,2019,2018,20,16.000000,0.300000,0.010000,0.045275,0.293166,0.085946,0.251084,-0.033939,-181.503810,0.001504,0.450000,0.449467,0.499247,0.000000
2019-09-03,2019,2018,20,16.000000,0.300000,0.010000,0.047081,0.302419,0.091457,0.256140,-0.100240,-86.301051,-0.195489,0.500000,0.500000,0.622362,0.000000
2019-10-01,2019,2018,20,16.000000,0.300000,0.010000,0.044962,0.285505,0.081513,0.251410,0.019390,-51.254107,0.183459,0.800000,0.740959,0.322315,0.000000
2019-11-01,2019,2018,20,16.000000,0.100000,0.010000,0.045320,0.288315,0.083126,0.250000,-0.000008,-153.136589,,0.800000,0.000000,0.395838,0.000000
2019-12-02,2019,2018,20,16.000000,0.300000,0.010000,0.045992,0.276104,0.076234,0.227933,0.082903,-116.256784,0.335338,0.600000,,0.565567,0.000000
2020-01-02,2020,2019,20,16.000000,0.100000,0.010000,0.045253,0.322601,0.104071,0.278890,-0.251984,-102.633805,-0.294737,0.400000,0.389249,0.932117,0.000000
2020-02-03,2020,2019,20,16.000000,0.100000,0.010000,0.044976,0.297448,0.088476,0.252555,-0.064368,-34.830341,-0.021053,0.600000,,0.446601,0.000000
2020-03-02,2020,2019,20,16.000000,0.300000,0.010000,0.044165,0.282726,0.079934,0.246618,0.038387,-16.717307,0.222556,0.150000,,0.278914,0.000000
2020-04-01,2020,2019,20,16.000000,0.300000,0.010000,0.044972,0.267666,0.071645,0.223672,0.138102,-2.544824,0.416698,0.550000,,0.495862,0.000000
2020-05-01,2020,2019,20,16.000000,0.300000,0.010000,0.044831,0.278938,0.077806,0.240942,0.063986,-39.823873,0.338346,0.700000,0.000000,0.569818,0.000000
2020-06-01,2020,2019,20,16.000000,0.300000,0.010000,0.043349,0.271099,0.073494,0.234991,0.115856,-94.898605,0.344361,0.450000,0.516398,0.594745,0.000000
2020-07-01,2020,2019,20,16.000000,0.100000,0.010000,0.044302,0.317255,0.100651,0.272569,-0.210834,-36.884501,-0.305263,0.500000,0.420084,0.705766,0.000000
2020-08-03,2020,2019,20,16.000000,0.300000,0.010000,0.045348,0.298472,0.089086,0.253083,-0.071709,-23.950690,-0.027068,0.600000,0.000000,0.559058,0.000000
2020-09-01,2020,2019,20,16.000000,0.100000,0.010000,0.044921,0.324263,0.105146,0.276778,-0.264918,-67.051816,-0.368560,0.350000,0.365148,0.431505,0.000000
2020-10-01,2020,2019,20,16.000000,0.100000,0.010000,0.045068,0.273017,0.074538,0.235243,0.103302,-77.320066,0.258647,0.400000,0.577350,0.559969,0.000000
2020-11-02,2020,2019,20,16.000000,0.100000,0.010000,0.045488,0.299375,0.089626,0.264178,-0.078202,-15.424209,0.126316,0.700000,,0.541733,0.000000
2020-12-01,2020,2019,20,16.000000,0.300000,0.010000,0.045196,0.266943,0.071259,0.225255,0.142752,-54.995773,0.305263,0.650000,0.654654,0.399091,0.000000
2021-01-04,2021,2020,20,16.000000,0.100000,0.010000,0.043252,0.314174,0.098706,0.268296,-0.187436,-124.593945,0.022556,0.400000,0.389249,0.633215,0.000000
2021-02-01,2021,2020,20,16.000000,0.300000,0.010000,0.043986,0.275761,0.076044,0.238668,0.085181,-35.629575,0.335338,0.450000,0.374166,0.457902,0.000000
2021-03-01,2021,2020,20,16.000000,0.100000,0.010000,0.043776,0.386058,0.149041,0.339217,-0.792969,-59.671271,-0.691729,0.200000,0.173205,0.479798,0.000000
2021-04-01,2021,2020,20,16.000000,0.300000,0.010000,0.044373,0.283507,0.080376,0.242819,0.033069,-56.271905,0.203008,0.650000,0.656790,0.506274,0.000000
2021-05-03,2021,2020,20,16.000000,0.300000,0.010000,0.044354,0.286669,0.082179,0.243589,0.011378,-147.832351,0.079699,0.450000,0.424264,0.341516,0.000000
2021-06-01,2021,2020,20,16.000000,0.100000,0.010000,0.044305,0.315848,0.099760,0.249364,-0.200119,-41.552671,0.111278,0.600000,0.603807,0.511551,0.000000
2021-07-01,2021,2020,20,16.000000,0.300000,0.010000,0.045346,0.304917,0.092975,0.261248,-0.118492,-142.280463,-0.206326,0.500000,0.314485,0.488415,0.000000
2021-08-02,2021,2020,20,16.000000,0.300000,0.010000,0.044031,0.284120,0.080724,0.251239,0.028882,-64.892627,0.267223,0.450000,0.559017,0.392263,0.000000
2021-09-01,2021,2020,20,16.000000,0.300000,0.010000,0.045174,0.328727,0.108062,0.275161,-0.299990,-85.417821,-0.431579,0.300000,0.279508,0.394019,0.000000
2021-10-01,2021,2020,20,16.000000,0.300000,0.010000,0.045038,0.288585,0.083281,0.248448,-0.001878,-10.540216,0.110307,0.550000,0.462910,0.420487,0.000000
2021-11-01,2021,2020,20,16.000000,0.300000,0.010000,0.043398,0.337253,0.113740,0.301552,-0.368300,-33.082885,-0.382531,0.450000,0.487950,0.397425,0.000000
2021-12-01,2021,2020,20,16.000000,0.100000,0.010000,0.044499,0.283780,0.080531,0.247910,0.031206,-29.393927,0.221053,0.500000,0.560112,0.520150,0.000000
2022-01-03,2022,2021,20,16.000000,0.300000,0.010000,0.045596,0.312439,0.097618,0.264226,-0.174355,-42.185213,-0.365414,0.250000,0.306186,0.773193,0.000000
2022-02-01,2022,2021,20,16.000000,0.300000,0.010000,0.045383,0.299147,0.089489,0.261439,-0.076556,-37.741922,-0.255051,0.300000,0.375000,0.331553,0.000000
2022-03-01,2022,2021,20,16.000000,0.300000,0.010000,0.044839,0.273362,0.074727,0.235367,0.101034,-21.813099,0.344361,0.700000,0.565685,0.377081,0.000000
2022-04-01,2022,2021,20,16.000000,0.300000,0.010000,0.045052,0.300934,0.090561,0.265183,-0.089461,-21.059810,-0.175940,0.250000,0.000000,0.562535,0.000000
2022-05-02,2022,2021,20,16.000000,0.300000,0.010000,0.043122,0.289255,0.083668,0.252362,-0.006537,-68.348938,0.048891,0.550000,0.597614,0.462791,0.000000
2022-06-01,2022,2021,20,16.000000,0.300000,0.010000,0.044495,0.312490,0.097650,0.263169,-0.174736,-34.995876,-0.213534,0.400000,0.440959,0.602397,0.000000
2022-07-01,2022,2021,20,16.000000,0.300000,0.010000,0.045044,0.287836,0.082850,0.253483,0.003314,-10.699774,0.102256,0.650000,0.586302,0.477024,0.000000
2022-08-01,2022,2021,20,16.000000,0.300000,0.010000,0.047074,0.282771,0.079959,0.241948,0.038085,-80.469166,0.184962,0.300000,0.420084,0.609726,0.000000
2022-09-01,2022,2021,20,16.000000,0.100000,0.010000,0.043746,0.302915,0.091758,0.256465,-0.103853,-37.062673,-0.098763,0.200000,,0.562225,0.000000
2022-10-03,2022,2021,20,16.000000,0.100000,0.010000,0.044411,0.335057,0.112264,0.288509,-0.350538,-18.403963,-0.434586,0.400000,0.305505,0.554013,0.000000
2022-11-01,2022,2021,20,16.000000,0.100000,0.010000,0.044970,0.286252,0.081940,0.243786,0.014250,-18.255275,0.303121,0.750000,0.750000,0.608770,0.000000
2022-12-01,2022,2021,20,16.000000,0.100000,0.010000,0.043861,0.340224,0.115753,0.276699,-0.392513,-30.129474,-0.105263,0.350000,0.442807,0.618961,0.000000
2023-01-03,2023,2022,20,16.000000,0.100000,0.001000,0.046119,0.308166,0.094967,0.266885,-0.142455,-6.448053,0.045113,0.650000,0.541603,0.736177,0.000000
2023-02-01,2023,2022,20,16.000000,0.300000,0.010000,0.044158,0.283285,0.080250,0.254152,0.034582,-52.044402,0.091012,0.500000,0.529150,0.566074,0.000000
2023-03-01,2023,2022,20,16.000000,0.100000,0.010000,0.044617,0.289100,0.083579,0.242628,-0.005461,-21.367035,-0.133885,0.500000,0.000000,0.317279,0.000000
2023-04-03,2023,2022,20,16.000000,0.300000,0.010000,0.045439,0.317407,0.100747,0.276462,-0.211996,-63.957845,-0.359398,0.400000,0.000000,0.404257,0.000000
2023-05-01,2023,2022,20,16.000000,0.100000,0.010000,0.044515,0.268776,0.072241,0.237319,0.130939,-20.470226,0.369925,0.450000,0.456435,0.501857,0.000000
2023-06-01,2023,2022,20,16.000000,0.300000,0.010000,0.046922,0.291285,0.084847,0.240732,-0.020716,-34.513240,0.141353,0.550000,0.594089,0.343819,0.000000
2023-07-03,2023,2022,20,16.000000,0.100000,0.010000,0.044971,0.320960,0.103015,0.265029,-0.239281,-82.932225,-0.261753,0.350000,0.345033,0.775783,0.000000
2023-08-01,2023,2022,20,16.000000,0.100000,0.010000,0.044917,0.275261,0.075769,0.221984,0.088497,-61.041221,0.363294,0.700000,0.703526,0.571023,0.000000
2023-09-01,2023,2022,20,16.000000,0.300000,0.010000,0.046190,0.279420,0.078076,0.246976,0.060746,-91.411695,0.206015,0.650000,0.692820,0.582309,0.000000
2023-10-02,2023,2022,20,16.000000,0.100000,0.010000,0.044760,0.322414,0.103951,0.283438,-0.250539,-63.219823,-0.142857,0.400000,0.405999,0.411569,0.000000
2023-11-01,2023,2022,20,16.000000,0.100000,0.010000,0.044250,0.253001,0.064010,0.223441,0.229959,-35.514415,0.431741,0.550000,0.707107,0.472197,0.000000
2023-12-01,2023,2022,20,16.000000,0.300000,0.010000,0.045037,0.269790,0.072787,0.234696,0.124370,-125.190061,0.468374,0.700000,0.726273,0.521239,0.000000
2024-01-02,2024,2023,20,16.000000,0.100000,0.010000,0.044603,0.375823,0.141243,0.299995,-0.699162,-30.077000,-0.390977,0.550000,0.395285,0.722433,0.000000
2024-02-01,2024,2023,20,16.000000,0.100000,0.010000,0.044117,0.301698,0.091021,0.254767,-0.094995,-24.329500,0.052632,0.750000,0.637377,0.417269,0.000000
2024-03-01,2024,2023,20,16.000000,0.100000,0.010000,0.045544,0.324276,0.105155,0.276851,-0.265021,-86.742239,-0.512782,0.400000,0.353553,0.499402,0.000000
2024-04-01,2024,2023,20,16.000000,0.300000,0.010000,0.044460,0.305602,0.093393,0.267452,-0.123523,-108.947054,-0.066165,0.500000,0.513553,0.562705,0.000000
2024-05-01,2024,2023,20,16.000000,0.300000,0.010000,0.044499,0.298123,0.088877,0.256176,-0.069199,-24.148131,0.003019,0.450000,0.396059,0.476028,0.000000
2024-06-03,2024,2023,20,16.000000,0.300000,0.010000,0.045139,0.270829,0.073348,0.227864,0.117613,-39.706329,0.377444,0.650000,0.684653,0.545809,0.000000
2024-07-01,2024,2023,20,16.000000,0.100000,0.010000,0.046523,0.347280,0.120603,0.289187,-0.450865,-61.531784,-0.335464,0.450000,0.376051,0.669253,0.000000
2024-08-01,2024,2023,20,16.000000,0.300000,0.010000,0.045412,0.301341,0.090806,0.252523,-0.092405,-45.362115,-0.190977,0.550000,0.000000,0.377182,0.000000
2024-09-03,2024,2023,20,16.000000,0.300000,0.010000,0.043415,0.254573,0.064808,0.219207,0.220360,-32.779702,0.617471,0.800000,0.777429,0.414724,0.000000
2024-10-01,2024,2023,20,16.000000,0.100000,0.010000,0.046071,0.302417,0.091456,0.262950,-0.100223,-138.540197,-0.159398,0.500000,0.500000,0.469401,0.000000
2024-11-01,2024,2023,20,16.000000,0.300000,0.010000,0.043646,0.303608,0.092178,0.261031,-0.108908,-16.232612,-0.127820,0.500000,0.500000,0.282833,0.000000
2024-12-02,2024,2023,20,16.000000,0.300000,0.010000,0.045577,0.279490,0.078115,0.233349,0.060273,-22.201238,0.177444,0.550000,0.565685,0.437377,0.000000
2025-01-02,2025,2024,20,16.000000,0.300000,0.010000,0.044850,0.294929,0.086983,0.254650,-0.046417,-43.980914,-0.085714,0.650000,0.541603,0.562756,0.000000
2025-02-03,2025,2024,20,16.000000,0.100000,0.010000,0.047215,0.319463,0.102056,0.272123,-0.227746,-40.289612,-0.213534,0.500000,0.460566,0.578908,0.000000
2025-03-03,2025,2024,20,16.000000,0.100000,0.010000,0.046098,0.324812,0.105503,0.272200,-0.269208,-45.433291,-0.250000,0.450000,0.000000,0.675568,0.000000
2025-04-01,2025,2024,20,16.000000,0.300000,0.010000,0.044968,0.283138,0.080167,0.243820,0.035586,-49.604707,0.198496,0.550000,0.424264,0.482392,0.000000
2025-05-01,2025,2024,20,16.000000,0.300000,0.010000,0.046001,0.295080,0.087072,0.258910,-0.047486,-14.059012,-0.208071,0.400000,0.400000,0.770005,0.000000
2025-06-02,2025,2024,20,16.000000,0.300000,0.010000,0.046402,0.309172,0.095587,0.264988,-0.149922,-25.472470,-0.265166,0.650000,0.662994,0.762918,0.000000
2025-07-01,2025,2024,20,16.000000,0.100000,0.010000,0.045065,0.281385,0.079178,0.240718,0.047486,-33.308329,0.342857,0.800000,0.797724,0.583184,0.000000
2025-08-01,2025,2024,20,16.000000,0.100000,0.010000,0.045752,0.306821,0.094139,0.262408,-0.132502,-25.124852,0.053825,0.500000,0.534522,0.614589,0.000000
2025-09-02,2025,2024,20,16.000000,0.300000,0.010000,0.045520,0.285757,0.081657,0.237426,0.017657,-16.382110,0.143944,0.550000,0.000000,0.641771,0.000000
2025-10-01,2025,2024,20,16.000000,0.300000,0.010000,0.046138,0.277161,0.076818,0.247015,0.075873,-68.464326,0.207519,0.450000,0.456435,0.406840,0.000000
2025-11-03,2025,2024,20,16.000000,0.300000,0.010000,0.044280,0.304037,0.092439,0.257912,-0.112046,-33.970322,-0.285714,0.300000,0.000000,0.530881,0.000000
2025-12-01,2025,2024,20,16.000000,0.300000,0.010000,0.043995,0.288316,0.083126,0.250000,-0.000013,-155.745062,,0.550000,0.000000,0.642168,0.000000
