rebalance_date,invest_year,select_year,ticker,assigned_weight,turnover,tc_drag_bps,best_nodes,best_batch,best_lr,best_val_loss,run_number,seed
1998-01-02,1998,1997,CSCO,0.10000880062580109,1.0,0.0,32,32,0.01,0.038335,5,46
1998-01-02,1998,1997,INTC,0.10000880062580109,0.0,0.0,32,32,0.01,0.038335,5,46
1998-01-02,1998,1997,LLY,0.10000880062580109,0.0,0.0,32,32,0.01,0.038335,5,46
1998-01-02,1998,1997,MSFT,0.10000880062580109,0.0,0.0,32,32,0.01,0.038335,5,46
1998-01-02,1998,1997,AIG,0.0941631868481636,0.0,0.0,32,32,0.01,0.038335,5,46
1998-01-02,1998,1997,C,0.09333018213510513,0.0,0.0,32,32,0.01,0.038335,5,46
1998-01-02,1998,1997,IBM,0.06782570481300354,0.0,0.0,32,32,0.01,0.038335,5,46
1998-01-02,1998,1997,DIS,0.06299873441457748,0.0,0.0,32,32,0.01,0.038335,5,46
1998-01-02,1998,1997,WMT,0.044937361031770706,0.0,0.0,32,32,0.01,0.038335,5,46
1998-01-02,1998,1997,VZ,0.03369932249188423,0.0,0.0,32,32,0.01,0.038335,5,46
1998-01-02,1998,1997,BMY,0.03227658569812775,0.0,0.0,32,32,0.01,0.038335,5,46
1998-01-02,1998,1997,XOM,0.02923336997628212,0.0,0.0,32,32,0.01,0.038335,5,46
1998-01-02,1998,1997,GE,0.029151631519198418,0.0,0.0,32,32,0.01,0.038335,5,46
1998-01-02,1998,1997,PG,0.02697996236383915,0.0,0.0,32,32,0.01,0.038335,5,46
1998-01-02,1998,1997,T,0.024167882278561592,0.0,0.0,32,32,0.01,0.038335,5,46
1998-01-02,1998,1997,KO,0.012240158393979073,0.0,0.0,32,32,0.01,0.038335,5,46
1998-01-02,1998,1997,PFE,0.012240158393979073,0.0,0.0,32,32,0.01,0.038335,5,46
1998-01-02,1998,1997,PEP,0.012240158393979073,0.0,0.0,32,32,0.01,0.038335,5,46
1998-01-02,1998,1997,MRK,0.012240158393979073,0.0,0.0,32,32,0.01,0.038335,5,46
1998-01-02,1998,1997,JNJ,0.012240158393979073,0.0,0.0,32,32,0.01,0.038335,5,46
1998-07-01,1998,1997,DIS,0.08778385072946548,0.55719,0.0,16,32,0.01,0.037394,5,46
1998-07-01,1998,1997,LLY,0.08477254211902618,0.0,0.0,16,32,0.01,0.037394,5,46
1998-07-01,1998,1997,T,0.0843508318066597,0.0,0.0,16,32,0.01,0.037394,5,46
1998-07-01,1998,1997,C,0.08099374920129776,0.0,0.0,16,32,0.01,0.037394,5,46
1998-07-01,1998,1997,CSCO,0.06810375303030014,0.0,0.0,16,32,0.01,0.037394,5,46
1998-07-01,1998,1997,BMY,0.0653328150510788,0.0,0.0,16,32,0.01,0.037394,5,46
1998-07-01,1998,1997,AIG,0.06173514574766159,0.0,0.0,16,32,0.01,0.037394,5,46
1998-07-01,1998,1997,MSFT,0.052495043724775314,0.0,0.0,16,32,0.01,0.037394,5,46
1998-07-01,1998,1997,VZ,0.04627632722258568,0.0,0.0,16,32,0.01,0.037394,5,46
1998-07-01,1998,1997,PFE,0.04407573491334915,0.0,0.0,16,32,0.01,0.037394,5,46
1998-07-01,1998,1997,JNJ,0.03934131935238838,0.0,0.0,16,32,0.01,0.037394,5,46
1998-07-01,1998,1997,IBM,0.03834689408540726,0.0,0.0,16,32,0.01,0.037394,5,46
1998-07-01,1998,1997,GE,0.03675231337547302,0.0,0.0,16,32,0.01,0.037394,5,46
1998-07-01,1998,1997,XOM,0.03649318218231201,0.0,0.0,16,32,0.01,0.037394,5,46
1998-07-01,1998,1997,MRK,0.03619126230478287,0.0,0.0,16,32,0.01,0.037394,5,46
1998-07-01,1998,1997,PG,0.03614230081439018,0.0,0.0,16,32,0.01,0.037394,5,46
1998-07-01,1998,1997,WMT,0.0347527451813221,0.0,0.0,16,32,0.01,0.037394,5,46
1998-07-01,1998,1997,INTC,0.03427252173423767,0.0,0.0,16,32,0.01,0.037394,5,46
1998-07-01,1998,1997,KO,0.021788712590932846,0.0,0.0,16,32,0.01,0.037394,5,46
1998-07-01,1998,1997,PEP,0.00999901257455349,0.0,0.0,16,32,0.01,0.037394,5,46
1999-01-04,1999,1998,XOM,0.09930981695652008,0.784324,0.0,32,32,0.01,0.036446,5,46
1999-01-04,1999,1998,BMY,0.09930981695652008,0.0,0.0,32,32,0.01,0.036446,5,46
1999-01-04,1999,1998,IBM,0.09746050834655762,0.0,0.0,32,32,0.01,0.036446,5,46
1999-01-04,1999,1998,HD,0.08763306587934494,0.0,0.0,32,32,0.01,0.036446,5,46
1999-01-04,1999,1998,JNJ,0.08520928770303726,0.0,0.0,32,32,0.01,0.036446,5,46
1999-01-04,1999,1998,C,0.0694902092218399,0.0,0.0,32,32,0.01,0.036446,5,46
1999-01-04,1999,1998,BAC,0.0671476349234581,0.0,0.0,32,32,0.01,0.036446,5,46
1999-01-04,1999,1998,AIG,0.06617606431245804,0.0,0.0,32,32,0.01,0.036446,5,46
1999-01-04,1999,1998,T,0.06518232077360153,0.0,0.0,32,32,0.01,0.036446,5,46
1999-01-04,1999,1998,MRK,0.05102882161736488,0.0,0.0,32,32,0.01,0.036446,5,46
1999-01-04,1999,1998,MSFT,0.0405188612639904,0.0,0.0,32,32,0.01,0.036446,5,46
1999-01-04,1999,1998,INTC,0.03160106763243675,0.0,0.0,32,32,0.01,0.036446,5,46
1999-01-04,1999,1998,PFE,0.031099367886781693,0.0,0.0,32,32,0.01,0.036446,5,46
1999-01-04,1999,1998,VZ,0.02451532892882824,0.0,0.0,32,32,0.01,0.036446,5,46
1999-01-04,1999,1998,WMT,0.02350435219705105,0.0,0.0,32,32,0.01,0.036446,5,46
1999-01-04,1999,1998,GE,0.020824166014790535,0.0,0.0,32,32,0.01,0.036446,5,46
1999-01-04,1999,1998,KO,0.009997345507144928,0.0,0.0,32,32,0.01,0.036446,5,46
1999-01-04,1999,1998,PG,0.009997345507144928,0.0,0.0,32,32,0.01,0.036446,5,46
1999-01-04,1999,1998,LLY,0.009997345507144928,0.0,0.0,32,32,0.01,0.036446,5,46
1999-01-04,1999,1998,CSCO,0.009997345507144928,0.0,0.0,32,32,0.01,0.036446,5,46
1999-07-01,1999,1998,INTC,0.09889109432697296,0.688102,0.0,32,32,0.01,0.038321,5,46
1999-07-01,1999,1998,C,0.08780822902917862,0.0,0.0,32,32,0.01,0.038321,5,46
1999-07-01,1999,1998,HD,0.08051513880491257,0.0,0.0,32,32,0.01,0.038321,5,46
1999-07-01,1999,1998,LLY,0.07014203816652298,0.0,0.0,32,32,0.01,0.038321,5,46
1999-07-01,1999,1998,BAC,0.06399095058441162,0.0,0.0,32,32,0.01,0.038321,5,46
1999-07-01,1999,1998,PFE,0.06293792277574539,0.0,0.0,32,32,0.01,0.038321,5,46
1999-07-01,1999,1998,AIG,0.062389492988586426,0.0,0.0,32,32,0.01,0.038321,5,46
1999-07-01,1999,1998,WMT,0.05712956190109253,0.0,0.0,32,32,0.01,0.038321,5,46
1999-07-01,1999,1998,MSFT,0.05671234428882599,0.0,0.0,32,32,0.01,0.038321,5,46
1999-07-01,1999,1998,PG,0.05474699288606644,0.0,0.0,32,32,0.01,0.038321,5,46
1999-07-01,1999,1998,MRK,0.05221081152558327,0.0,0.0,32,32,0.01,0.038321,5,46
1999-07-01,1999,1998,IBM,0.04630598798394203,0.0,0.0,32,32,0.01,0.038321,5,46
1999-07-01,1999,1998,XOM,0.04551955685019493,0.0,0.0,32,32,0.01,0.038321,5,46
1999-07-01,1999,1998,KO,0.03770902752876282,0.0,0.0,32,32,0.01,0.038321,5,46
1999-07-01,1999,1998,GE,0.037287596613168716,0.0,0.0,32,32,0.01,0.038321,5,46
1999-07-01,1999,1998,CSCO,0.0335233099758625,0.0,0.0,32,32,0.01,0.038321,5,46
1999-07-01,1999,1998,JNJ,0.01688140630722046,0.0,0.0,32,32,0.01,0.038321,5,46
1999-07-01,1999,1998,T,0.015302862040698528,0.0,0.0,32,32,0.01,0.038321,5,46
1999-07-01,1999,1998,BMY,0.00999782606959343,0.0,0.0,32,32,0.01,0.038321,5,46
1999-07-01,1999,1998,VZ,0.00999782606959343,0.0,0.0,32,32,0.01,0.038321,5,46
2000-01-03,2000,1999,BMY,0.09834488481283188,0.714766,0.0,16,64,0.01,0.039475,5,46
2000-01-03,2000,1999,INTC,0.08671353757381439,0.0,0.0,16,64,0.01,0.039475,5,46
2000-01-03,2000,1999,WMT,0.08187804371118546,0.0,0.0,16,64,0.01,0.039475,5,46
2000-01-03,2000,1999,QCOM,0.07390792667865753,0.0,0.0,16,64,0.01,0.039475,5,46
2000-01-03,2000,1999,PFE,0.07133696973323822,0.0,0.0,16,64,0.01,0.039475,5,46
2000-01-03,2000,1999,IBM,0.06622611731290817,0.0,0.0,16,64,0.01,0.039475,5,46
2000-01-03,2000,1999,MSFT,0.062375620007514954,0.0,0.0,16,64,0.01,0.039475,5,46
2000-01-03,2000,1999,C,0.05692765861749649,0.0,0.0,16,64,0.01,0.039475,5,46
2000-01-03,2000,1999,CSCO,0.055554937571287155,0.0,0.0,16,64,0.01,0.039475,5,46
2000-01-03,2000,1999,VZ,0.05313309654593468,0.0,0.0,16,64,0.01,0.039475,5,46
2000-01-03,2000,1999,ORCL,0.051076553761959076,0.0,0.0,16,64,0.01,0.039475,5,46
2000-01-03,2000,1999,AIG,0.04490666463971138,0.0,0.0,16,64,0.01,0.039475,5,46
2000-01-03,2000,1999,HD,0.03621135652065277,0.0,0.0,16,64,0.01,0.039475,5,46
2000-01-03,2000,1999,GE,0.03595498204231262,0.0,0.0,16,64,0.01,0.039475,5,46
2000-01-03,2000,1999,MRK,0.034666821360588074,0.0,0.0,16,64,0.01,0.039475,5,46
2000-01-03,2000,1999,T,0.03453005105257034,0.0,0.0,16,64,0.01,0.039475,5,46
2000-01-03,2000,1999,KO,0.026269225403666496,0.0,0.0,16,64,0.01,0.039475,5,46
2000-01-03,2000,1999,JNJ,0.009995179250836372,0.0,0.0,16,64,0.01,0.039475,5,46
2000-01-03,2000,1999,PG,0.009995179250836372,0.0,0.0,16,64,0.01,0.039475,5,46
2000-01-03,2000,1999,XOM,0.009995179250836372,0.0,0.0,16,64,0.01,0.039475,5,46
2000-07-03,2000,1999,MSFT,0.09908608347177505,0.550307,0.0,16,32,0.01,0.039505,5,46
2000-07-03,2000,1999,BMY,0.09424392133951187,0.0,0.0,16,32,0.01,0.039505,5,46
2000-07-03,2000,1999,IBM,0.09235267341136932,0.0,0.0,16,32,0.01,0.039505,5,46
2000-07-03,2000,1999,INTC,0.09170074015855789,0.0,0.0,16,32,0.01,0.039505,5,46
2000-07-03,2000,1999,PG,0.08970718830823898,0.0,0.0,16,32,0.01,0.039505,5,46
2000-07-03,2000,1999,CSCO,0.0768255740404129,0.0,0.0,16,32,0.01,0.039505,5,46
2000-07-03,2000,1999,T,0.07045630365610123,0.0,0.0,16,32,0.01,0.039505,5,46
2000-07-03,2000,1999,WMT,0.06822481006383896,0.0,0.0,16,32,0.01,0.039505,5,46
2000-07-03,2000,1999,C,0.058391865342855453,0.0,0.0,16,32,0.01,0.039505,5,46
2000-07-03,2000,1999,VZ,0.051366064697504044,0.0,0.0,16,32,0.01,0.039505,5,46
2000-07-03,2000,1999,XOM,0.03689771890640259,0.0,0.0,16,32,0.01,0.039505,5,46
2000-07-03,2000,1999,HD,0.03667490556836128,0.0,0.0,16,32,0.01,0.039505,5,46
2000-07-03,2000,1999,GE,0.027101853862404823,0.0,0.0,16,32,0.01,0.039505,5,46
2000-07-03,2000,1999,MRK,0.021397633478045464,0.0,0.0,16,32,0.01,0.039505,5,46
2000-07-03,2000,1999,KO,0.020129254087805748,0.0,0.0,16,32,0.01,0.039505,5,46
2000-07-03,2000,1999,QCOM,0.019228793680667877,0.0,0.0,16,32,0.01,0.039505,5,46
2000-07-03,2000,1999,PFE,0.01622268371284008,0.0,0.0,16,32,0.01,0.039505,5,46
2000-07-03,2000,1999,AIG,0.009997338987886906,0.0,0.0,16,32,0.01,0.039505,5,46
2000-07-03,2000,1999,JNJ,0.009997338987886906,0.0,0.0,16,32,0.01,0.039505,5,46
2000-07-03,2000,1999,ORCL,0.009997338987886906,0.0,0.0,16,32,0.01,0.039505,5,46
2001-01-02,2001,2000,INTC,0.10000421851873398,0.889188,0.0,16,32,0.01,0.038692,5,46
2001-01-02,2001,2000,AIG,0.10000421851873398,0.0,0.0,16,32,0.01,0.038692,5,46
2001-01-02,2001,2000,CSCO,0.10000421851873398,0.0,0.0,16,32,0.01,0.038692,5,46
2001-01-02,2001,2000,ORCL,0.10000421851873398,0.0,0.0,16,32,0.01,0.038692,5,46
2001-01-02,2001,2000,MRK,0.09708888828754425,0.0,0.0,16,32,0.01,0.038692,5,46
2001-01-02,2001,2000,LLY,0.06096016615629196,0.0,0.0,16,32,0.01,0.038692,5,46
2001-01-02,2001,2000,T,0.05349341407418251,0.0,0.0,16,32,0.01,0.038692,5,46
2001-01-02,2001,2000,BMY,0.04877487197518349,0.0,0.0,16,32,0.01,0.038692,5,46
2001-01-02,2001,2000,PG,0.04823397472500801,0.0,0.0,16,32,0.01,0.038692,5,46
2001-01-02,2001,2000,C,0.03916532173752785,0.0,0.0,16,32,0.01,0.038692,5,46
2001-01-02,2001,2000,HD,0.037908680737018585,0.0,0.0,16,32,0.01,0.038692,5,46
2001-01-02,2001,2000,XOM,0.035949598997831345,0.0,0.0,16,32,0.01,0.038692,5,46
2001-01-02,2001,2000,GE,0.03568725660443306,0.0,0.0,16,32,0.01,0.038692,5,46
2001-01-02,2001,2000,PFE,0.028928767889738083,0.0,0.0,16,32,0.01,0.038692,5,46
2001-01-02,2001,2000,MSFT,0.02717467211186886,0.0,0.0,16,32,0.01,0.038692,5,46
2001-01-02,2001,2000,VZ,0.02506714127957821,0.0,0.0,16,32,0.01,0.038692,5,46
2001-01-02,2001,2000,IBM,0.02429247833788395,0.0,0.0,16,32,0.01,0.038692,5,46
2001-01-02,2001,2000,JNJ,0.016398092731833458,0.0,0.0,16,32,0.01,0.038692,5,46
2001-01-02,2001,2000,KO,0.010429871268570423,0.0,0.0,16,32,0.01,0.038692,5,46
2001-01-02,2001,2000,WMT,0.010429871268570423,0.0,0.0,16,32,0.01,0.038692,5,46
2001-07-02,2001,2000,CSCO,0.10000468045473099,0.453017,0.0,16,32,0.01,0.031464,5,46
2001-07-02,2001,2000,ORCL,0.10000468045473099,0.0,0.0,16,32,0.01,0.031464,5,46
2001-07-02,2001,2000,INTC,0.10000468045473099,0.0,0.0,16,32,0.01,0.031464,5,46
2001-07-02,2001,2000,JNJ,0.08920799940824509,0.0,0.0,16,32,0.01,0.031464,5,46
2001-07-02,2001,2000,MRK,0.0867455005645752,0.0,0.0,16,32,0.01,0.031464,5,46
2001-07-02,2001,2000,MSFT,0.06742045283317566,0.0,0.0,16,32,0.01,0.031464,5,46
2001-07-02,2001,2000,HD,0.06362015753984451,0.0,0.0,16,32,0.01,0.031464,5,46
2001-07-02,2001,2000,AIG,0.06240576505661011,0.0,0.0,16,32,0.01,0.031464,5,46
2001-07-02,2001,2000,XOM,0.05859776958823204,0.0,0.0,16,32,0.01,0.031464,5,46
2001-07-02,2001,2000,PFE,0.045944005250930786,0.0,0.0,16,32,0.01,0.031464,5,46
2001-07-02,2001,2000,IBM,0.041982319205999374,0.0,0.0,16,32,0.01,0.031464,5,46
2001-07-02,2001,2000,VZ,0.030256178230047226,0.0,0.0,16,32,0.01,0.031464,5,46
2001-07-02,2001,2000,T,0.026389261707663536,0.0,0.0,16,32,0.01,0.031464,5,46
2001-07-02,2001,2000,GE,0.025296051055192947,0.0,0.0,16,32,0.01,0.031464,5,46
2001-07-02,2001,2000,WMT,0.023904401808977127,0.0,0.0,16,32,0.01,0.031464,5,46
2001-07-02,2001,2000,PG,0.0237579308450222,0.0,0.0,16,32,0.01,0.031464,5,46
2001-07-02,2001,2000,C,0.02171803079545498,0.0,0.0,16,32,0.01,0.031464,5,46
2001-07-02,2001,2000,LLY,0.010913411155343056,0.0,0.0,16,32,0.01,0.031464,5,46
2001-07-02,2001,2000,KO,0.010913411155343056,0.0,0.0,16,32,0.01,0.031464,5,46
2001-07-02,2001,2000,BMY,0.010913411155343056,0.0,0.0,16,32,0.01,0.031464,5,46
2002-01-02,2002,2001,HD,0.0802537277340889,0.781902,0.0,16,32,0.01,0.040597,5,46
2002-01-02,2002,2001,AIG,0.07377220690250397,0.0,0.0,16,32,0.01,0.040597,5,46
2002-01-02,2002,2001,T,0.06861253827810287,0.0,0.0,16,32,0.01,0.040597,5,46
2002-01-02,2002,2001,C,0.0652041807770729,0.0,0.0,16,32,0.01,0.040597,5,46
2002-01-02,2002,2001,GE,0.06438568979501724,0.0,0.0,16,32,0.01,0.040597,5,46
2002-01-02,2002,2001,BAC,0.06101110205054283,0.0,0.0,16,32,0.01,0.040597,5,46
2002-01-02,2002,2001,BMY,0.06072978302836418,0.0,0.0,16,32,0.01,0.040597,5,46
2002-01-02,2002,2001,MRK,0.06037944555282593,0.0,0.0,16,32,0.01,0.040597,5,46
2002-01-02,2002,2001,INTC,0.0597197450697422,0.0,0.0,16,32,0.01,0.040597,5,46
2002-01-02,2002,2001,VZ,0.057882461696863174,0.0,0.0,16,32,0.01,0.040597,5,46
2002-01-02,2002,2001,KO,0.0473654679954052,0.0,0.0,16,32,0.01,0.040597,5,46
2002-01-02,2002,2001,PG,0.046953242272138596,0.0,0.0,16,32,0.01,0.040597,5,46
2002-01-02,2002,2001,CVX,0.043558262288570404,0.0,0.0,16,32,0.01,0.040597,5,46
2002-01-02,2002,2001,XOM,0.03936350345611572,0.0,0.0,16,32,0.01,0.040597,5,46
2002-01-02,2002,2001,IBM,0.03804421052336693,0.0,0.0,16,32,0.01,0.040597,5,46
2002-01-02,2002,2001,JNJ,0.03761454299092293,0.0,0.0,16,32,0.01,0.040597,5,46
2002-01-02,2002,2001,MSFT,0.03234269097447395,0.0,0.0,16,32,0.01,0.040597,5,46
2002-01-02,2002,2001,CSCO,0.030834166333079338,0.0,0.0,16,32,0.01,0.040597,5,46
2002-01-02,2002,2001,WMT,0.021974030882120132,0.0,0.0,16,32,0.01,0.040597,5,46
2002-01-02,2002,2001,PFE,0.009999011643230915,0.0,0.0,16,32,0.01,0.040597,5,46
2002-07-01,2002,2001,BMY,0.10000301897525787,0.5263,0.0,32,32,0.01,0.036761,5,46
2002-07-01,2002,2001,CSCO,0.10000301897525787,0.0,0.0,32,32,0.01,0.036761,5,46
2002-07-01,2002,2001,INTC,0.10000301897525787,0.0,0.0,32,32,0.01,0.036761,5,46
2002-07-01,2002,2001,KO,0.07796745747327805,0.0,0.0,32,32,0.01,0.036761,5,46
2002-07-01,2002,2001,T,0.07781536877155304,0.0,0.0,32,32,0.01,0.036761,5,46
2002-07-01,2002,2001,IBM,0.06192663311958313,0.0,0.0,32,32,0.01,0.036761,5,46
2002-07-01,2002,2001,HD,0.06160488352179527,0.0,0.0,32,32,0.01,0.036761,5,46
2002-07-01,2002,2001,PG,0.050863638520240784,0.0,0.0,32,32,0.01,0.036761,5,46
2002-07-01,2002,2001,AIG,0.045870766043663025,0.0,0.0,32,32,0.01,0.036761,5,46
2002-07-01,2002,2001,CVX,0.044934917241334915,0.0,0.0,32,32,0.01,0.036761,5,46
2002-07-01,2002,2001,JNJ,0.042489923536777496,0.0,0.0,32,32,0.01,0.036761,5,46
2002-07-01,2002,2001,XOM,0.040167711675167084,0.0,0.0,32,32,0.01,0.036761,5,46
2002-07-01,2002,2001,MSFT,0.03901886194944382,0.0,0.0,32,32,0.01,0.036761,5,46
2002-07-01,2002,2001,GE,0.03716117516160011,0.0,0.0,32,32,0.01,0.036761,5,46
2002-07-01,2002,2001,C,0.03615774214267731,0.0,0.0,32,32,0.01,0.036761,5,46
2002-07-01,2002,2001,VZ,0.030474789440631866,0.0,0.0,32,32,0.01,0.036761,5,46
2002-07-01,2002,2001,MRK,0.02176249586045742,0.0,0.0,32,32,0.01,0.036761,5,46
2002-07-01,2002,2001,WMT,0.010591509751975536,0.0,0.0,32,32,0.01,0.036761,5,46
2002-07-01,2002,2001,PFE,0.010591509751975536,0.0,0.0,32,32,0.01,0.036761,5,46
2002-07-01,2002,2001,BAC,0.010591509751975536,0.0,0.0,32,32,0.01,0.036761,5,46
2003-01-02,2003,2002,AIG,0.09832325577735901,0.845813,0.0,16,32,0.01,0.039831,5,46
2003-01-02,2003,2002,CVX,0.06974390894174576,0.0,0.0,16,32,0.01,0.039831,5,46
2003-01-02,2003,2002,IBM,0.06932644546031952,0.0,0.0,16,32,0.01,0.039831,5,46
2003-01-02,2003,2002,GE,0.06684967130422592,0.0,0.0,16,32,0.01,0.039831,5,46
2003-01-02,2003,2002,PG,0.06546032428741455,0.0,0.0,16,32,0.01,0.039831,5,46
2003-01-02,2003,2002,KO,0.06265579164028168,0.0,0.0,16,32,0.01,0.039831,5,46
2003-01-02,2003,2002,MSFT,0.06242838874459267,0.0,0.0,16,32,0.01,0.039831,5,46
2003-01-02,2003,2002,PFE,0.06093643233180046,0.0,0.0,16,32,0.01,0.039831,5,46
2003-01-02,2003,2002,WFC,0.05471225455403328,0.0,0.0,16,32,0.01,0.039831,5,46
2003-01-02,2003,2002,MRK,0.05182255059480667,0.0,0.0,16,32,0.01,0.039831,5,46
2003-01-02,2003,2002,JNJ,0.05108071118593216,0.0,0.0,16,32,0.01,0.039831,5,46
2003-01-02,2003,2002,PEP,0.05094537138938904,0.0,0.0,16,32,0.01,0.039831,5,46
2003-01-02,2003,2002,VZ,0.04650463908910751,0.0,0.0,16,32,0.01,0.039831,5,46
2003-01-02,2003,2002,LLY,0.04088779538869858,0.0,0.0,16,32,0.01,0.039831,5,46
2003-01-02,2003,2002,XOM,0.04052875190973282,0.0,0.0,16,32,0.01,0.039831,5,46
2003-01-02,2003,2002,BAC,0.037803955376148224,0.0,0.0,16,32,0.01,0.039831,5,46
2003-01-02,2003,2002,CSCO,0.02197917550802231,0.0,0.0,16,32,0.01,0.039831,5,46
2003-01-02,2003,2002,C,0.020451584830880165,0.0,0.0,16,32,0.01,0.039831,5,46
2003-01-02,2003,2002,WMT,0.017559915781021118,0.0,0.0,16,32,0.01,0.039831,5,46
2003-01-02,2003,2002,INTC,0.009999011643230915,0.0,0.0,16,32,0.01,0.039831,5,46
2003-07-01,2003,2002,PFE,0.09959515929222107,0.354937,0.0,16,32,0.01,0.040984,5,46
2003-07-01,2003,2002,CVX,0.09723492711782455,0.0,0.0,16,32,0.01,0.040984,5,46
2003-07-01,2003,2002,PG,0.07443835586309433,0.0,0.0,16,32,0.01,0.040984,5,46
2003-07-01,2003,2002,GE,0.07151421904563904,0.0,0.0,16,32,0.01,0.040984,5,46
2003-07-01,2003,2002,XOM,0.07133764773607254,0.0,0.0,16,32,0.01,0.040984,5,46
2003-07-01,2003,2002,LLY,0.06481684744358063,0.0,0.0,16,32,0.01,0.040984,5,46
2003-07-01,2003,2002,BAC,0.05818106234073639,0.0,0.0,16,32,0.01,0.040984,5,46
2003-07-01,2003,2002,AIG,0.05741947516798973,0.0,0.0,16,32,0.01,0.040984,5,46
2003-07-01,2003,2002,WFC,0.055510006844997406,0.0,0.0,16,32,0.01,0.040984,5,46
2003-07-01,2003,2002,PEP,0.0506097674369812,0.0,0.0,16,32,0.01,0.040984,5,46
2003-07-01,2003,2002,JNJ,0.04840204492211342,0.0,0.0,16,32,0.01,0.040984,5,46
2003-07-01,2003,2002,MRK,0.04826264828443527,0.0,0.0,16,32,0.01,0.040984,5,46
2003-07-01,2003,2002,WMT,0.04408084973692894,0.0,0.0,16,32,0.01,0.040984,5,46
2003-07-01,2003,2002,MSFT,0.037690017372369766,0.0,0.0,16,32,0.01,0.040984,5,46
2003-07-01,2003,2002,IBM,0.03229329735040665,0.0,0.0,16,32,0.01,0.040984,5,46
2003-07-01,2003,2002,VZ,0.027089731767773628,0.0,0.0,16,32,0.01,0.040984,5,46
2003-07-01,2003,2002,KO,0.025458168238401413,0.0,0.0,16,32,0.01,0.040984,5,46
2003-07-01,2003,2002,INTC,0.016067354008555412,0.0,0.0,16,32,0.01,0.040984,5,46
2003-07-01,2003,2002,CSCO,0.00999920628964901,0.0,0.0,16,32,0.01,0.040984,5,46
2003-07-01,2003,2002,C,0.00999920628964901,0.0,0.0,16,32,0.01,0.040984,5,46
2004-01-02,2004,2003,AIG,0.06998825818300247,0.733514,0.0,16,32,0.01,0.039573,5,46
2004-01-02,2004,2003,MRK,0.06998825818300247,0.0,0.0,16,32,0.01,0.039573,5,46
2004-01-02,2004,2003,JNJ,0.06998825818300247,0.0,0.0,16,32,0.01,0.039573,5,46
2004-01-02,2004,2003,IBM,0.06998825818300247,0.0,0.0,16,32,0.01,0.039573,5,46
2004-01-02,2004,2003,VZ,0.06998825818300247,0.0,0.0,16,32,0.01,0.039573,5,46
2004-01-02,2004,2003,WMT,0.06998825818300247,0.0,0.0,16,32,0.01,0.039573,5,46
2004-01-02,2004,2003,PG,0.06998825818300247,0.0,0.0,16,32,0.01,0.039573,5,46
2004-01-02,2004,2003,XOM,0.06998825818300247,0.0,0.0,16,32,0.01,0.039573,5,46
2004-01-02,2004,2003,MSFT,0.06998825818300247,0.0,0.0,16,32,0.01,0.039573,5,46
2004-01-02,2004,2003,BAC,0.056863848119974136,0.0,0.0,16,32,0.01,0.039573,5,46
2004-01-02,2004,2003,CSCO,0.0540732741355896,0.0,0.0,16,32,0.01,0.039573,5,46
2004-01-02,2004,2003,KO,0.0493575856089592,0.0,0.0,16,32,0.01,0.039573,5,46
2004-01-02,2004,2003,C,0.04330844432115555,0.0,0.0,16,32,0.01,0.039573,5,46
2004-01-02,2004,2003,GE,0.04154038801789284,0.0,0.0,16,32,0.01,0.039573,5,46
2004-01-02,2004,2003,INTC,0.03322426974773407,0.0,0.0,16,32,0.01,0.039573,5,46
2004-01-02,2004,2003,PFE,0.028408365324139595,0.0,0.0,16,32,0.01,0.039573,5,46
2004-01-02,2004,2003,UPS,0.028002988547086716,0.0,0.0,16,32,0.01,0.039573,5,46
2004-01-02,2004,2003,HD,0.01533283106982708,0.0,0.0,16,32,0.01,0.039573,5,46
2004-01-02,2004,2003,WFC,0.009996780194342136,0.0,0.0,16,32,0.01,0.039573,5,46
2004-01-02,2004,2003,CVX,0.009996780194342136,0.0,0.0,16,32,0.01,0.039573,5,46
2004-07-01,2004,2003,INTC,0.10000386089086533,0.656618,0.0,16,32,0.01,0.041944,5,46
2004-07-01,2004,2003,JNJ,0.09178873896598816,0.0,0.0,16,32,0.01,0.041944,5,46
2004-07-01,2004,2003,IBM,0.09164009988307953,0.0,0.0,16,32,0.01,0.041944,5,46
2004-07-01,2004,2003,UPS,0.0860542431473732,0.0,0.0,16,32,0.01,0.041944,5,46
2004-07-01,2004,2003,CSCO,0.0831347405910492,0.0,0.0,16,32,0.01,0.041944,5,46
2004-07-01,2004,2003,MSFT,0.06593240052461624,0.0,0.0,16,32,0.01,0.041944,5,46
2004-07-01,2004,2003,WFC,0.06218068674206734,0.0,0.0,16,32,0.01,0.041944,5,46
2004-07-01,2004,2003,C,0.050973132252693176,0.0,0.0,16,32,0.01,0.041944,5,46
2004-07-01,2004,2003,KO,0.045762501657009125,0.0,0.0,16,32,0.01,0.041944,5,46
2004-07-01,2004,2003,VZ,0.04536830633878708,0.0,0.0,16,32,0.01,0.041944,5,46
2004-07-01,2004,2003,BAC,0.04464316740632057,0.0,0.0,16,32,0.01,0.041944,5,46
2004-07-01,2004,2003,CVX,0.043683651834726334,0.0,0.0,16,32,0.01,0.041944,5,46
2004-07-01,2004,2003,HD,0.03987398371100426,0.0,0.0,16,32,0.01,0.041944,5,46
2004-07-01,2004,2003,XOM,0.035673659294843674,0.0,0.0,16,32,0.01,0.041944,5,46
2004-07-01,2004,2003,MRK,0.028155269101262093,0.0,0.0,16,32,0.01,0.041944,5,46
2004-07-01,2004,2003,PG,0.02427726797759533,0.0,0.0,16,32,0.01,0.041944,5,46
2004-07-01,2004,2003,GE,0.018499726429581642,0.0,0.0,16,32,0.01,0.041944,5,46
2004-07-01,2004,2003,PFE,0.017547914758324623,0.0,0.0,16,32,0.01,0.041944,5,46
2004-07-01,2004,2003,WMT,0.014378194697201252,0.0,0.0,16,32,0.01,0.041944,5,46
2004-07-01,2004,2003,AIG,0.010428467765450478,0.0,0.0,16,32,0.01,0.041944,5,46
2005-01-03,2005,2004,CSCO,0.10000433772802353,0.549782,0.0,16,64,0.01,0.040602,5,46
2005-01-03,2005,2004,INTC,0.10000433772802353,0.0,0.0,16,64,0.01,0.040602,5,46
2005-01-03,2005,2004,PFE,0.08500976860523224,0.0,0.0,16,64,0.01,0.040602,5,46
2005-01-03,2005,2004,CVX,0.07224533706903458,0.0,0.0,16,64,0.01,0.040602,5,46
2005-01-03,2005,2004,MSFT,0.06955084949731827,0.0,0.0,16,64,0.01,0.040602,5,46
2005-01-03,2005,2004,GE,0.06412246078252792,0.0,0.0,16,64,0.01,0.040602,5,46
2005-01-03,2005,2004,AIG,0.05447991564869881,0.0,0.0,16,64,0.01,0.040602,5,46
2005-01-03,2005,2004,VZ,0.05318184196949005,0.0,0.0,16,64,0.01,0.040602,5,46
2005-01-03,2005,2004,WFC,0.049389999359846115,0.0,0.0,16,64,0.01,0.040602,5,46
2005-01-03,2005,2004,UPS,0.04919278249144554,0.0,0.0,16,64,0.01,0.040602,5,46
2005-01-03,2005,2004,HD,0.043346282094717026,0.0,0.0,16,64,0.01,0.040602,5,46
2005-01-03,2005,2004,BAC,0.04295244812965393,0.0,0.0,16,64,0.01,0.040602,5,46
2005-01-03,2005,2004,XOM,0.04177476465702057,0.0,0.0,16,64,0.01,0.040602,5,46
2005-01-03,2005,2004,JNJ,0.03935198485851288,0.0,0.0,16,64,0.01,0.040602,5,46
2005-01-03,2005,2004,IBM,0.03227700665593147,0.0,0.0,16,64,0.01,0.040602,5,46
2005-01-03,2005,2004,PG,0.030313359573483467,0.0,0.0,16,64,0.01,0.040602,5,46
2005-01-03,2005,2004,JPM,0.02369910106062889,0.0,0.0,16,64,0.01,0.040602,5,46
2005-01-03,2005,2004,KO,0.021540537476539612,0.0,0.0,16,64,0.01,0.040602,5,46
2005-01-03,2005,2004,C,0.017224665731191635,0.0,0.0,16,64,0.01,0.040602,5,46
2005-01-03,2005,2004,WMT,0.010338224470615387,0.0,0.0,16,64,0.01,0.040602,5,46
2005-07-01,2005,2004,AIG,0.1000024676322937,0.456417,0.0,16,64,0.01,0.037532,5,46
2005-07-01,2005,2004,CSCO,0.1000024676322937,0.0,0.0,16,64,0.01,0.037532,5,46
2005-07-01,2005,2004,VZ,0.08488629013299942,0.0,0.0,16,64,0.01,0.037532,5,46
2005-07-01,2005,2004,PFE,0.08341244608163834,0.0,0.0,16,64,0.01,0.037532,5,46
2005-07-01,2005,2004,WMT,0.06735187768936157,0.0,0.0,16,64,0.01,0.037532,5,46
2005-07-01,2005,2004,MSFT,0.0625368133187294,0.0,0.0,16,64,0.01,0.037532,5,46
2005-07-01,2005,2004,BAC,0.056475646793842316,0.0,0.0,16,64,0.01,0.037532,5,46
2005-07-01,2005,2004,IBM,0.05562382563948631,0.0,0.0,16,64,0.01,0.037532,5,46
2005-07-01,2005,2004,WFC,0.054334886372089386,0.0,0.0,16,64,0.01,0.037532,5,46
2005-07-01,2005,2004,UPS,0.044482581317424774,0.0,0.0,16,64,0.01,0.037532,5,46
2005-07-01,2005,2004,GE,0.04337116330862045,0.0,0.0,16,64,0.01,0.037532,5,46
2005-07-01,2005,2004,INTC,0.038962628692388535,0.0,0.0,16,64,0.01,0.037532,5,46
2005-07-01,2005,2004,JPM,0.03763679042458534,0.0,0.0,16,64,0.01,0.037532,5,46
2005-07-01,2005,2004,KO,0.03753632679581642,0.0,0.0,16,64,0.01,0.037532,5,46
2005-07-01,2005,2004,JNJ,0.030467431992292404,0.0,0.0,16,64,0.01,0.037532,5,46
2005-07-01,2005,2004,XOM,0.02934255823493004,0.0,0.0,16,64,0.01,0.037532,5,46
2005-07-01,2005,2004,HD,0.027021244168281555,0.0,0.0,16,64,0.01,0.037532,5,46
2005-07-01,2005,2004,CVX,0.021322613582015038,0.0,0.0,16,64,0.01,0.037532,5,46
2005-07-01,2005,2004,C,0.015039065852761269,0.0,0.0,16,64,0.01,0.037532,5,46
2005-07-01,2005,2004,PG,0.010191005654633045,0.0,0.0,16,64,0.01,0.037532,5,46
2006-01-03,2006,2005,PFE,0.10000278800725937,0.685422,0.0,16,32,0.01,0.035785,5,46
2006-01-03,2006,2005,INTC,0.0990975871682167,0.0,0.0,16,32,0.01,0.035785,5,46
2006-01-03,2006,2005,CSCO,0.08806420862674713,0.0,0.0,16,32,0.01,0.035785,5,46
2006-01-03,2006,2005,WFC,0.07628518342971802,0.0,0.0,16,32,0.01,0.035785,5,46
2006-01-03,2006,2005,KO,0.07504912465810776,0.0,0.0,16,32,0.01,0.035785,5,46
2006-01-03,2006,2005,PG,0.07259613275527954,0.0,0.0,16,32,0.01,0.035785,5,46
2006-01-03,2006,2005,BAC,0.06790091842412949,0.0,0.0,16,32,0.01,0.035785,5,46
2006-01-03,2006,2005,GE,0.05763218551874161,0.0,0.0,16,32,0.01,0.035785,5,46
2006-01-03,2006,2005,PEP,0.050574496388435364,0.0,0.0,16,32,0.01,0.035785,5,46
2006-01-03,2006,2005,AIG,0.049663957208395004,0.0,0.0,16,32,0.01,0.035785,5,46
2006-01-03,2006,2005,JNJ,0.049604758620262146,0.0,0.0,16,32,0.01,0.035785,5,46
2006-01-03,2006,2005,C,0.041601426899433136,0.0,0.0,16,32,0.01,0.035785,5,46
2006-01-03,2006,2005,MSFT,0.039221201092004776,0.0,0.0,16,32,0.01,0.035785,5,46
2006-01-03,2006,2005,JPM,0.03663703054189682,0.0,0.0,16,32,0.01,0.035785,5,46
2006-01-03,2006,2005,IBM,0.021109428256750107,0.0,0.0,16,32,0.01,0.035785,5,46
2006-01-03,2006,2005,CVX,0.021106619387865067,0.0,0.0,16,32,0.01,0.035785,5,46
2006-01-03,2006,2005,XOM,0.0197952501475811,0.0,0.0,16,32,0.01,0.035785,5,46
2006-01-03,2006,2005,WMT,0.013995862565934658,0.0,0.0,16,32,0.01,0.035785,5,46
2006-01-03,2006,2005,HD,0.01003090851008892,0.0,0.0,16,32,0.01,0.035785,5,46
2006-01-03,2006,2005,AMGN,0.01003090851008892,0.0,0.0,16,32,0.01,0.035785,5,46
2006-07-03,2006,2005,JNJ,0.10000526905059814,0.585461,0.0,16,32,0.01,0.040493,5,46
2006-07-03,2006,2005,GE,0.10000526905059814,0.0,0.0,16,32,0.01,0.040493,5,46
2006-07-03,2006,2005,INTC,0.10000526905059814,0.0,0.0,16,32,0.01,0.040493,5,46
2006-07-03,2006,2005,KO,0.07916149497032166,0.0,0.0,16,32,0.01,0.040493,5,46
2006-07-03,2006,2005,JPM,0.07246985286474228,0.0,0.0,16,32,0.01,0.040493,5,46
2006-07-03,2006,2005,WFC,0.05963538959622383,0.0,0.0,16,32,0.01,0.040493,5,46
2006-07-03,2006,2005,C,0.05900459736585617,0.0,0.0,16,32,0.01,0.040493,5,46
2006-07-03,2006,2005,AMGN,0.05899832397699356,0.0,0.0,16,32,0.01,0.040493,5,46
2006-07-03,2006,2005,BAC,0.052845798432826996,0.0,0.0,16,32,0.01,0.040493,5,46
2006-07-03,2006,2005,WMT,0.05009616166353226,0.0,0.0,16,32,0.01,0.040493,5,46
2006-07-03,2006,2005,PG,0.04652683809399605,0.0,0.0,16,32,0.01,0.040493,5,46
2006-07-03,2006,2005,IBM,0.03948242962360382,0.0,0.0,16,32,0.01,0.040493,5,46
2006-07-03,2006,2005,AIG,0.03694674000144005,0.0,0.0,16,32,0.01,0.040493,5,46
2006-07-03,2006,2005,PEP,0.03683038055896759,0.0,0.0,16,32,0.01,0.040493,5,46
2006-07-03,2006,2005,MSFT,0.02965826913714409,0.0,0.0,16,32,0.01,0.040493,5,46
2006-07-03,2006,2005,HD,0.027188275009393692,0.0,0.0,16,32,0.01,0.040493,5,46
2006-07-03,2006,2005,CSCO,0.014659588225185871,0.0,0.0,16,32,0.01,0.040493,5,46
2006-07-03,2006,2005,XOM,0.01287793554365635,0.0,0.0,16,32,0.01,0.040493,5,46
2006-07-03,2006,2005,CVX,0.012372770346701145,0.0,0.0,16,32,0.01,0.040493,5,46
2006-07-03,2006,2005,PFE,0.011229312978684902,0.0,0.0,16,32,0.01,0.040493,5,46
2007-01-03,2007,2006,INTC,0.09908106923103333,0.649993,0.0,16,32,0.01,0.038195,5,46
2007-01-03,2007,2006,WMT,0.09756103157997131,0.0,0.0,16,32,0.01,0.038195,5,46
2007-01-03,2007,2006,WFC,0.08416129648685455,0.0,0.0,16,32,0.01,0.038195,5,46
2007-01-03,2007,2006,C,0.0799691379070282,0.0,0.0,16,32,0.01,0.038195,5,46
2007-01-03,2007,2006,T,0.07107920944690704,0.0,0.0,16,32,0.01,0.038195,5,46
2007-01-03,2007,2006,KO,0.06731245666742325,0.0,0.0,16,32,0.01,0.038195,5,46
2007-01-03,2007,2006,PG,0.059611983597278595,0.0,0.0,16,32,0.01,0.038195,5,46
2007-01-03,2007,2006,JNJ,0.05416382476687431,0.0,0.0,16,32,0.01,0.038195,5,46
2007-01-03,2007,2006,IBM,0.05405654013156891,0.0,0.0,16,32,0.01,0.038195,5,46
2007-01-03,2007,2006,GE,0.05279257893562317,0.0,0.0,16,32,0.01,0.038195,5,46
2007-01-03,2007,2006,VZ,0.05164743959903717,0.0,0.0,16,32,0.01,0.038195,5,46
2007-01-03,2007,2006,AIG,0.0475703626871109,0.0,0.0,16,32,0.01,0.038195,5,46
2007-01-03,2007,2006,CVX,0.046900197863578796,0.0,0.0,16,32,0.01,0.038195,5,46
2007-01-03,2007,2006,XOM,0.035428643226623535,0.0,0.0,16,32,0.01,0.038195,5,46
2007-01-03,2007,2006,BAC,0.03253304213285446,0.0,0.0,16,32,0.01,0.038195,5,46
2007-01-03,2007,2006,PFE,0.024100666865706444,0.0,0.0,16,32,0.01,0.038195,5,46
2007-01-03,2007,2006,JPM,0.022034117951989174,0.0,0.0,16,32,0.01,0.038195,5,46
2007-01-03,2007,2006,MSFT,0.009998197667300701,0.0,0.0,16,32,0.01,0.038195,5,46
2007-01-03,2007,2006,CSCO,0.009998197667300701,0.0,0.0,16,32,0.01,0.038195,5,46
2007-07-02,2007,2006,C,0.09175053238868713,0.471808,0.0,16,32,0.01,0.040946,5,46
2007-07-02,2007,2006,BAC,0.08716883510351181,0.0,0.0,16,32,0.01,0.040946,5,46
2007-07-02,2007,2006,WFC,0.08412867784500122,0.0,0.0,16,32,0.01,0.040946,5,46
2007-07-02,2007,2006,PFE,0.07797747105360031,0.0,0.0,16,32,0.01,0.040946,5,46
2007-07-02,2007,2006,PG,0.07064775377511978,0.0,0.0,16,32,0.01,0.040946,5,46
2007-07-02,2007,2006,WMT,0.06345078349113464,0.0,0.0,16,32,0.01,0.040946,5,46
2007-07-02,2007,2006,GE,0.05639617145061493,0.0,0.0,16,32,0.01,0.040946,5,46
2007-07-02,2007,2006,VZ,0.05637327954173088,0.0,0.0,16,32,0.01,0.040946,5,46
2007-07-02,2007,2006,JPM,0.05353475734591484,0.0,0.0,16,32,0.01,0.040946,5,46
2007-07-02,2007,2006,IBM,0.053316254168748856,0.0,0.0,16,32,0.01,0.040946,5,46
2007-07-02,2007,2006,T,0.05297231301665306,0.0,0.0,16,32,0.01,0.040946,5,46
2007-07-02,2007,2006,AIG,0.051016006618738174,0.0,0.0,16,32,0.01,0.040946,5,46
2007-07-02,2007,2006,KO,0.045222532004117966,0.0,0.0,16,32,0.01,0.040946,5,46
2007-07-02,2007,2006,XOM,0.03621320798993111,0.0,0.0,16,32,0.01,0.040946,5,46
2007-07-02,2007,2006,CVX,0.03001064993441105,0.0,0.0,16,32,0.01,0.040946,5,46
2007-07-02,2007,2006,MSFT,0.025052601471543312,0.0,0.0,16,32,0.01,0.040946,5,46
2007-07-02,2007,2006,INTC,0.02397075854241848,0.0,0.0,16,32,0.01,0.040946,5,46
2007-07-02,2007,2006,CSCO,0.020801961421966553,0.0,0.0,16,32,0.01,0.040946,5,46
2007-07-02,2007,2006,JNJ,0.009997733868658543,0.0,0.0,16,32,0.01,0.040946,5,46
2007-07-02,2007,2006,GOOGL,0.009997733868658543,0.0,0.0,16,32,0.01,0.040946,5,46
2008-01-02,2008,2007,CSCO,0.10000259429216385,0.643388,0.0,16,32,0.01,0.041133,5,46
2008-01-02,2008,2007,C,0.09733652323484421,0.0,0.0,16,32,0.01,0.041133,5,46
2008-01-02,2008,2007,BAC,0.07277116924524307,0.0,0.0,16,32,0.01,0.041133,5,46
2008-01-02,2008,2007,GOOGL,0.07184339314699173,0.0,0.0,16,32,0.01,0.041133,5,46
2008-01-02,2008,2007,JPM,0.06401234865188599,0.0,0.0,16,32,0.01,0.041133,5,46
2008-01-02,2008,2007,MSFT,0.06384079158306122,0.0,0.0,16,32,0.01,0.041133,5,46
2008-01-02,2008,2007,AAPL,0.06375109404325485,0.0,0.0,16,32,0.01,0.041133,5,46
2008-01-02,2008,2007,PFE,0.06311507523059845,0.0,0.0,16,32,0.01,0.041133,5,46
2008-01-02,2008,2007,IBM,0.05276961624622345,0.0,0.0,16,32,0.01,0.041133,5,46
2008-01-02,2008,2007,AIG,0.049177397042512894,0.0,0.0,16,32,0.01,0.041133,5,46
2008-01-02,2008,2007,GE,0.047985658049583435,0.0,0.0,16,32,0.01,0.041133,5,46
2008-01-02,2008,2007,CVX,0.047288890928030014,0.0,0.0,16,32,0.01,0.041133,5,46
2008-01-02,2008,2007,INTC,0.04306918382644653,0.0,0.0,16,32,0.01,0.041133,5,46
2008-01-02,2008,2007,WMT,0.03922906890511513,0.0,0.0,16,32,0.01,0.041133,5,46
2008-01-02,2008,2007,XOM,0.03308166190981865,0.0,0.0,16,32,0.01,0.041133,5,46
2008-01-02,2008,2007,T,0.030971266329288483,0.0,0.0,16,32,0.01,0.041133,5,46
2008-01-02,2008,2007,VZ,0.025988856330513954,0.0,0.0,16,32,0.01,0.041133,5,46
2008-01-02,2008,2007,KO,0.012467020191252232,0.0,0.0,16,32,0.01,0.041133,5,46
2008-01-02,2008,2007,PG,0.011269710958003998,0.0,0.0,16,32,0.01,0.041133,5,46
2008-01-02,2008,2007,JNJ,0.010028752498328686,0.0,0.0,16,32,0.01,0.041133,5,46
2008-07-01,2008,2007,JPM,0.09140515327453613,0.580704,0.0,16,32,0.01,0.039486,5,46
2008-07-01,2008,2007,WMT,0.08751089870929718,0.0,0.0,16,32,0.01,0.039486,5,46
2008-07-01,2008,2007,C,0.08260597288608551,0.0,0.0,16,32,0.01,0.039486,5,46
2008-07-01,2008,2007,AIG,0.08136006444692612,0.0,0.0,16,32,0.01,0.039486,5,46
2008-07-01,2008,2007,IBM,0.08095897734165192,0.0,0.0,16,32,0.01,0.039486,5,46
2008-07-01,2008,2007,PFE,0.07148807495832443,0.0,0.0,16,32,0.01,0.039486,5,46
2008-07-01,2008,2007,KO,0.06273277848958969,0.0,0.0,16,32,0.01,0.039486,5,46
2008-07-01,2008,2007,JNJ,0.06099124252796173,0.0,0.0,16,32,0.01,0.039486,5,46
2008-07-01,2008,2007,PG,0.059237558394670486,0.0,0.0,16,32,0.01,0.039486,5,46
2008-07-01,2008,2007,CVX,0.052170541137456894,0.0,0.0,16,32,0.01,0.039486,5,46
2008-07-01,2008,2007,AAPL,0.04738270491361618,0.0,0.0,16,32,0.01,0.039486,5,46
2008-07-01,2008,2007,XOM,0.043833520263433456,0.0,0.0,16,32,0.01,0.039486,5,46
2008-07-01,2008,2007,BAC,0.04145846515893936,0.0,0.0,16,32,0.01,0.039486,5,46
2008-07-01,2008,2007,GOOGL,0.0313260555267334,0.0,0.0,16,32,0.01,0.039486,5,46
2008-07-01,2008,2007,MSFT,0.02961520291864872,0.0,0.0,16,32,0.01,0.039486,5,46
2008-07-01,2008,2007,CSCO,0.02464178390800953,0.0,0.0,16,32,0.01,0.039486,5,46
2008-07-01,2008,2007,VZ,0.020656464621424675,0.0,0.0,16,32,0.01,0.039486,5,46
2008-07-01,2008,2007,GE,0.01062885019928217,0.0,0.0,16,32,0.01,0.039486,5,46
2008-07-01,2008,2007,T,0.009997846558690071,0.0,0.0,16,32,0.01,0.039486,5,46
2008-07-01,2008,2007,INTC,0.009997846558690071,0.0,0.0,16,32,0.01,0.039486,5,46
2009-01-02,2009,2008,MSFT,0.10000225156545639,0.848963,0.0,16,64,0.01,0.042577,5,46
2009-01-02,2009,2008,JPM,0.09093542397022247,0.0,0.0,16,64,0.01,0.042577,5,46
2009-01-02,2009,2008,WFC,0.08124742656946182,0.0,0.0,16,64,0.01,0.042577,5,46
2009-01-02,2009,2008,CSCO,0.07380267977714539,0.0,0.0,16,64,0.01,0.042577,5,46
2009-01-02,2009,2008,PG,0.06841132044792175,0.0,0.0,16,64,0.01,0.042577,5,46
2009-01-02,2009,2008,CVX,0.06835934519767761,0.0,0.0,16,64,0.01,0.042577,5,46
2009-01-02,2009,2008,ORCL,0.06651297211647034,0.0,0.0,16,64,0.01,0.042577,5,46
2009-01-02,2009,2008,XOM,0.0661291852593422,0.0,0.0,16,64,0.01,0.042577,5,46
2009-01-02,2009,2008,JNJ,0.0625694990158081,0.0,0.0,16,64,0.01,0.042577,5,46
2009-01-02,2009,2008,GOOGL,0.05658894404768944,0.0,0.0,16,64,0.01,0.042577,5,46
2009-01-02,2009,2008,INTC,0.05571690946817398,0.0,0.0,16,64,0.01,0.042577,5,46
2009-01-02,2009,2008,WMT,0.05294007062911987,0.0,0.0,16,64,0.01,0.042577,5,46
2009-01-02,2009,2008,GE,0.04485497996211052,0.0,0.0,16,64,0.01,0.042577,5,46
2009-01-02,2009,2008,VZ,0.02888268604874611,0.0,0.0,16,64,0.01,0.042577,5,46
2009-01-02,2009,2008,IBM,0.026416249573230743,0.0,0.0,16,64,0.01,0.042577,5,46
2009-01-02,2009,2008,PFE,0.024082960560917854,0.0,0.0,16,64,0.01,0.042577,5,46
2009-01-02,2009,2008,KO,0.012497068382799625,0.0,0.0,16,64,0.01,0.042577,5,46
2009-01-02,2009,2008,PEP,0.010025025345385075,0.0,0.0,16,64,0.01,0.042577,5,46
2009-01-02,2009,2008,T,0.010025025345385075,0.0,0.0,16,64,0.01,0.042577,5,46
2009-07-01,2009,2008,GE,0.09903175383806229,0.635209,0.0,32,32,0.01,0.041338,5,46
2009-07-01,2009,2008,GOOGL,0.09648432582616806,0.0,0.0,32,32,0.01,0.041338,5,46
2009-07-01,2009,2008,T,0.0794387236237526,0.0,0.0,32,32,0.01,0.041338,5,46
2009-07-01,2009,2008,WMT,0.07386574149131775,0.0,0.0,32,32,0.01,0.041338,5,46
2009-07-01,2009,2008,INTC,0.06811031699180603,0.0,0.0,32,32,0.01,0.041338,5,46
2009-07-01,2009,2008,PEP,0.06677668541669846,0.0,0.0,32,32,0.01,0.041338,5,46
2009-07-01,2009,2008,JPM,0.0649775043129921,0.0,0.0,32,32,0.01,0.041338,5,46
2009-07-01,2009,2008,KO,0.06256678700447083,0.0,0.0,32,32,0.01,0.041338,5,46
2009-07-01,2009,2008,CVX,0.05726303532719612,0.0,0.0,32,32,0.01,0.041338,5,46
2009-07-01,2009,2008,ORCL,0.05691572278738022,0.0,0.0,32,32,0.01,0.041338,5,46
2009-07-01,2009,2008,JNJ,0.05373300984501839,0.0,0.0,32,32,0.01,0.041338,5,46
2009-07-01,2009,2008,CSCO,0.05333660542964935,0.0,0.0,32,32,0.01,0.041338,5,46
2009-07-01,2009,2008,IBM,0.050137169659137726,0.0,0.0,32,32,0.01,0.041338,5,46
2009-07-01,2009,2008,WFC,0.03872637823224068,0.0,0.0,32,32,0.01,0.041338,5,46
2009-07-01,2009,2008,PG,0.029200809076428413,0.0,0.0,32,32,0.01,0.041338,5,46
2009-07-01,2009,2008,XOM,0.015421323478221893,0.0,0.0,32,32,0.01,0.041338,5,46
2009-07-01,2009,2008,VZ,0.014017902314662933,0.0,0.0,32,32,0.01,0.041338,5,46
2009-07-01,2009,2008,MSFT,0.00999810267239809,0.0,0.0,32,32,0.01,0.041338,5,46
2009-07-01,2009,2008,PFE,0.00999810267239809,0.0,0.0,32,32,0.01,0.041338,5,46
2010-01-04,2010,2009,AAPL,0.10000872611999512,0.914886,0.0,32,64,0.01,0.041255,5,46
2010-01-04,2010,2009,BAC,0.10000872611999512,0.0,0.0,32,64,0.01,0.041255,5,46
2010-01-04,2010,2009,WFC,0.08858200162649155,0.0,0.0,32,64,0.01,0.041255,5,46
2010-01-04,2010,2009,INTC,0.0820559561252594,0.0,0.0,32,64,0.01,0.041255,5,46
2010-01-04,2010,2009,PG,0.0711088553071022,0.0,0.0,32,64,0.01,0.041255,5,46
2010-01-04,2010,2009,JPM,0.06297969073057175,0.0,0.0,32,64,0.01,0.041255,5,46
2010-01-04,2010,2009,JNJ,0.0626392588019371,0.0,0.0,32,64,0.01,0.041255,5,46
2010-01-04,2010,2009,CSCO,0.06070759519934654,0.0,0.0,32,64,0.01,0.041255,5,46
2010-01-04,2010,2009,MSFT,0.04683023318648338,0.0,0.0,32,64,0.01,0.041255,5,46
2010-01-04,2010,2009,ORCL,0.04491464048624039,0.0,0.0,32,64,0.01,0.041255,5,46
2010-01-04,2010,2009,PFE,0.044466063380241394,0.0,0.0,32,64,0.01,0.041255,5,46
2010-01-04,2010,2009,WMT,0.041662801057100296,0.0,0.0,32,64,0.01,0.041255,5,46
2010-01-04,2010,2009,MRK,0.04014849290251732,0.0,0.0,32,64,0.01,0.041255,5,46
2010-01-04,2010,2009,GOOGL,0.035594262182712555,0.0,0.0,32,64,0.01,0.041255,5,46
2010-01-04,2010,2009,VZ,0.03448640927672386,0.0,0.0,32,64,0.01,0.041255,5,46
2010-01-04,2010,2009,T,0.025677671656012535,0.0,0.0,32,64,0.01,0.041255,5,46
2010-01-04,2010,2009,KO,0.01665835827589035,0.0,0.0,32,64,0.01,0.041255,5,46
2010-01-04,2010,2009,IBM,0.0163190308958292,0.0,0.0,32,64,0.01,0.041255,5,46
2010-01-04,2010,2009,CVX,0.014470596797764301,0.0,0.0,32,64,0.01,0.041255,5,46
2010-01-04,2010,2009,XOM,0.010680632665753365,0.0,0.0,32,64,0.01,0.041255,5,46
2010-07-01,2010,2009,JNJ,0.10000211000442505,0.578344,0.0,16,32,0.01,0.038149,5,46
2010-07-01,2010,2009,JPM,0.08799971640110016,0.0,0.0,16,32,0.01,0.038149,5,46
2010-07-01,2010,2009,KO,0.07937091588973999,0.0,0.0,16,32,0.01,0.038149,5,46
2010-07-01,2010,2009,INTC,0.07485294342041016,0.0,0.0,16,32,0.01,0.038149,5,46
2010-07-01,2010,2009,WMT,0.07390347868204117,0.0,0.0,16,32,0.01,0.038149,5,46
2010-07-01,2010,2009,BAC,0.06948506087064743,0.0,0.0,16,32,0.01,0.038149,5,46
2010-07-01,2010,2009,PG,0.0643266886472702,0.0,0.0,16,32,0.01,0.038149,5,46
2010-07-01,2010,2009,ORCL,0.06307165324687958,0.0,0.0,16,32,0.01,0.038149,5,46
2010-07-01,2010,2009,VZ,0.05987464636564255,0.0,0.0,16,32,0.01,0.038149,5,46
2010-07-01,2010,2009,T,0.052484698593616486,0.0,0.0,16,32,0.01,0.038149,5,46
2010-07-01,2010,2009,MSFT,0.05062375217676163,0.0,0.0,16,32,0.01,0.038149,5,46
2010-07-01,2010,2009,AAPL,0.048945359885692596,0.0,0.0,16,32,0.01,0.038149,5,46
2010-07-01,2010,2009,GOOGL,0.04452139884233475,0.0,0.0,16,32,0.01,0.038149,5,46
2010-07-01,2010,2009,CVX,0.03133956342935562,0.0,0.0,16,32,0.01,0.038149,5,46
2010-07-01,2010,2009,CSCO,0.02798750065267086,0.0,0.0,16,32,0.01,0.038149,5,46
2010-07-01,2010,2009,WFC,0.023664796724915504,0.0,0.0,16,32,0.01,0.038149,5,46
2010-07-01,2010,2009,PFE,0.013262193650007248,0.0,0.0,16,32,0.01,0.038149,5,46
2010-07-01,2010,2009,IBM,0.012707047164440155,0.0,0.0,16,32,0.01,0.038149,5,46
2010-07-01,2010,2009,XOM,0.01155297365039587,0.0,0.0,16,32,0.01,0.038149,5,46
2010-07-01,2010,2009,MRK,0.010023481212556362,0.0,0.0,16,32,0.01,0.038149,5,46
2011-01-03,2011,2010,XOM,0.10000360012054443,0.709526,0.0,16,32,0.01,0.037098,5,46
2011-01-03,2011,2010,KO,0.10000360012054443,0.0,0.0,16,32,0.01,0.037098,5,46
2011-01-03,2011,2010,PFE,0.08186613768339157,0.0,0.0,16,32,0.01,0.037098,5,46
2011-01-03,2011,2010,T,0.07858575135469437,0.0,0.0,16,32,0.01,0.037098,5,46
2011-01-03,2011,2010,JPM,0.06837323307991028,0.0,0.0,16,32,0.01,0.037098,5,46
2011-01-03,2011,2010,JNJ,0.06653357297182083,0.0,0.0,16,32,0.01,0.037098,5,46
2011-01-03,2011,2010,CVX,0.05532127246260643,0.0,0.0,16,32,0.01,0.037098,5,46
2011-01-03,2011,2010,MSFT,0.054863907396793365,0.0,0.0,16,32,0.01,0.037098,5,46
2011-01-03,2011,2010,C,0.05282382294535637,0.0,0.0,16,32,0.01,0.037098,5,46
2011-01-03,2011,2010,WMT,0.052574366331100464,0.0,0.0,16,32,0.01,0.037098,5,46
2011-01-03,2011,2010,IBM,0.04967036470770836,0.0,0.0,16,32,0.01,0.037098,5,46
2011-01-03,2011,2010,GOOGL,0.04651335999369621,0.0,0.0,16,32,0.01,0.037098,5,46
2011-01-03,2011,2010,GE,0.04128202795982361,0.0,0.0,16,32,0.01,0.037098,5,46
2011-01-03,2011,2010,ORCL,0.029978159815073013,0.0,0.0,16,32,0.01,0.037098,5,46
2011-01-03,2011,2010,BAC,0.02773532271385193,0.0,0.0,16,32,0.01,0.037098,5,46
2011-01-03,2011,2010,INTC,0.02623770385980606,0.0,0.0,16,32,0.01,0.037098,5,46
2011-01-03,2011,2010,WFC,0.024709627032279968,0.0,0.0,16,32,0.01,0.037098,5,46
2011-01-03,2011,2010,PG,0.017103491351008415,0.0,0.0,16,32,0.01,0.037098,5,46
2011-01-03,2011,2010,AAPL,0.015764327719807625,0.0,0.0,16,32,0.01,0.037098,5,46
2011-01-03,2011,2010,BRK-B,0.010056299157440662,0.0,0.0,16,32,0.01,0.037098,5,46
2011-07-01,2011,2010,ORCL,0.06707274913787842,0.569189,0.0,32,32,0.01,0.039295,5,46
2011-07-01,2011,2010,PG,0.06592343002557755,0.0,0.0,32,32,0.01,0.039295,5,46
2011-07-01,2011,2010,AAPL,0.06445682793855667,0.0,0.0,32,32,0.01,0.039295,5,46
2011-07-01,2011,2010,MSFT,0.0630512610077858,0.0,0.0,32,32,0.01,0.039295,5,46
2011-07-01,2011,2010,GOOGL,0.061934422701597214,0.0,0.0,32,32,0.01,0.039295,5,46
2011-07-01,2011,2010,INTC,0.06175698712468147,0.0,0.0,32,32,0.01,0.039295,5,46
2011-07-01,2011,2010,JNJ,0.06111379712820053,0.0,0.0,32,32,0.01,0.039295,5,46
2011-07-01,2011,2010,KO,0.058226991444826126,0.0,0.0,32,32,0.01,0.039295,5,46
2011-07-01,2011,2010,GE,0.05608490854501724,0.0,0.0,32,32,0.01,0.039295,5,46
2011-07-01,2011,2010,XOM,0.05587097257375717,0.0,0.0,32,32,0.01,0.039295,5,46
2011-07-01,2011,2010,WMT,0.05475310981273651,0.0,0.0,32,32,0.01,0.039295,5,46
2011-07-01,2011,2010,PFE,0.050983767956495285,0.0,0.0,32,32,0.01,0.039295,5,46
2011-07-01,2011,2010,WFC,0.04467807337641716,0.0,0.0,32,32,0.01,0.039295,5,46
2011-07-01,2011,2010,T,0.04454381763935089,0.0,0.0,32,32,0.01,0.039295,5,46
2011-07-01,2011,2010,BRK-B,0.04411494731903076,0.0,0.0,32,32,0.01,0.039295,5,46
2011-07-01,2011,2010,CVX,0.041084401309490204,0.0,0.0,32,32,0.01,0.039295,5,46
2011-07-01,2011,2010,C,0.0364372581243515,0.0,0.0,32,32,0.01,0.039295,5,46
2011-07-01,2011,2010,IBM,0.03193576633930206,0.0,0.0,32,32,0.01,0.039295,5,46
2011-07-01,2011,2010,JPM,0.02597748674452305,0.0,0.0,32,32,0.01,0.039295,5,46
2011-07-01,2011,2010,BAC,0.00999901071190834,0.0,0.0,32,32,0.01,0.039295,5,46
2012-01-03,2012,2011,CVX,0.10000914335250854,0.629224,0.0,16,64,0.01,0.036521,5,46
2012-01-03,2012,2011,IBM,0.10000914335250854,0.0,0.0,16,64,0.01,0.036521,5,46
2012-01-03,2012,2011,GOOGL,0.0839087963104248,0.0,0.0,16,64,0.01,0.036521,5,46
2012-01-03,2012,2011,BRK-B,0.07706957310438156,0.0,0.0,16,64,0.01,0.036521,5,46
2012-01-03,2012,2011,INTC,0.07555368542671204,0.0,0.0,16,64,0.01,0.036521,5,46
2012-01-03,2012,2011,T,0.06854595988988876,0.0,0.0,16,64,0.01,0.036521,5,46
2012-01-03,2012,2011,WFC,0.05626823380589485,0.0,0.0,16,64,0.01,0.036521,5,46
2012-01-03,2012,2011,VZ,0.05559511110186577,0.0,0.0,16,64,0.01,0.036521,5,46
2012-01-03,2012,2011,PFE,0.050243474543094635,0.0,0.0,16,64,0.01,0.036521,5,46
2012-01-03,2012,2011,PM,0.04685738682746887,0.0,0.0,16,64,0.01,0.036521,5,46
2012-01-03,2012,2011,XOM,0.045259516686201096,0.0,0.0,16,64,0.01,0.036521,5,46
2012-01-03,2012,2011,ORCL,0.045138366520404816,0.0,0.0,16,64,0.01,0.036521,5,46
2012-01-03,2012,2011,AAPL,0.040679700672626495,0.0,0.0,16,64,0.01,0.036521,5,46
2012-01-03,2012,2011,GE,0.03544880822300911,0.0,0.0,16,64,0.01,0.036521,5,46
2012-01-03,2012,2011,PG,0.029644675552845,0.0,0.0,16,64,0.01,0.036521,5,46
2012-01-03,2012,2011,WMT,0.024775680154561996,0.0,0.0,16,64,0.01,0.036521,5,46
2012-01-03,2012,2011,KO,0.020559927448630333,0.0,0.0,16,64,0.01,0.036521,5,46
2012-01-03,2012,2011,JPM,0.018783681094646454,0.0,0.0,16,64,0.01,0.036521,5,46
2012-01-03,2012,2011,JNJ,0.015506518073379993,0.0,0.0,16,64,0.01,0.036521,5,46
2012-01-03,2012,2011,MSFT,0.010142630897462368,0.0,0.0,16,64,0.01,0.036521,5,46
2012-07-02,2012,2011,PM,0.07219114899635315,0.528256,0.0,16,32,0.01,0.038234,5,46
2012-07-02,2012,2011,IBM,0.07068028301000595,0.0,0.0,16,32,0.01,0.038234,5,46
2012-07-02,2012,2011,XOM,0.06978166848421097,0.0,0.0,16,32,0.01,0.038234,5,46
2012-07-02,2012,2011,KO,0.06697983294725418,0.0,0.0,16,32,0.01,0.038234,5,46
2012-07-02,2012,2011,PG,0.06638435274362564,0.0,0.0,16,32,0.01,0.038234,5,46
2012-07-02,2012,2011,INTC,0.06107776612043381,0.0,0.0,16,32,0.01,0.038234,5,46
2012-07-02,2012,2011,ORCL,0.060491979122161865,0.0,0.0,16,32,0.01,0.038234,5,46
2012-07-02,2012,2011,GE,0.060337308794260025,0.0,0.0,16,32,0.01,0.038234,5,46
2012-07-02,2012,2011,CVX,0.0590696819126606,0.0,0.0,16,32,0.01,0.038234,5,46
2012-07-02,2012,2011,BRK-B,0.058572687208652496,0.0,0.0,16,32,0.01,0.038234,5,46
2012-07-02,2012,2011,T,0.056668721139431,0.0,0.0,16,32,0.01,0.038234,5,46
2012-07-02,2012,2011,MSFT,0.05529769882559776,0.0,0.0,16,32,0.01,0.038234,5,46
2012-07-02,2012,2011,WMT,0.0521470382809639,0.0,0.0,16,32,0.01,0.038234,5,46
2012-07-02,2012,2011,VZ,0.04466521367430687,0.0,0.0,16,32,0.01,0.038234,5,46
2012-07-02,2012,2011,AAPL,0.035130590200424194,0.0,0.0,16,32,0.01,0.038234,5,46
2012-07-02,2012,2011,JNJ,0.03443801403045654,0.0,0.0,16,32,0.01,0.038234,5,46
2012-07-02,2012,2011,PFE,0.03138435259461403,0.0,0.0,16,32,0.01,0.038234,5,46
2012-07-02,2012,2011,WFC,0.024708928540349007,0.0,0.0,16,32,0.01,0.038234,5,46
2012-07-02,2012,2011,JPM,0.009996386244893074,0.0,0.0,16,32,0.01,0.038234,5,46
2012-07-02,2012,2011,GOOGL,0.009996386244893074,0.0,0.0,16,32,0.01,0.038234,5,46
2013-01-02,2013,2012,PM,0.09790565073490143,0.485765,0.0,16,32,0.01,0.037273,5,46
2013-01-02,2013,2012,WMT,0.09360666573047638,0.0,0.0,16,32,0.01,0.037273,5,46
2013-01-02,2013,2012,KO,0.09196660667657852,0.0,0.0,16,32,0.01,0.037273,5,46
2013-01-02,2013,2012,T,0.0912037342786789,0.0,0.0,16,32,0.01,0.037273,5,46
2013-01-02,2013,2012,CVX,0.08424906432628632,0.0,0.0,16,32,0.01,0.037273,5,46
2013-01-02,2013,2012,VZ,0.0792006105184555,0.0,0.0,16,32,0.01,0.037273,5,46
2013-01-02,2013,2012,XOM,0.07638057321310043,0.0,0.0,16,32,0.01,0.037273,5,46
2013-01-02,2013,2012,GE,0.07619152218103409,0.0,0.0,16,32,0.01,0.037273,5,46
2013-01-02,2013,2012,IBM,0.056752707809209824,0.0,0.0,16,32,0.01,0.037273,5,46
2013-01-02,2013,2012,PFE,0.05292215198278427,0.0,0.0,16,32,0.01,0.037273,5,46
2013-01-02,2013,2012,ORCL,0.04655875638127327,0.0,0.0,16,32,0.01,0.037273,5,46
2013-01-02,2013,2012,PG,0.03181134909391403,0.0,0.0,16,32,0.01,0.037273,5,46
2013-01-02,2013,2012,BRK-B,0.026617320254445076,0.0,0.0,16,32,0.01,0.037273,5,46
2013-01-02,2013,2012,JNJ,0.026617320254445076,0.0,0.0,16,32,0.01,0.037273,5,46
2013-01-02,2013,2012,MSFT,0.017038684338331223,0.0,0.0,16,32,0.01,0.037273,5,46
2013-01-02,2013,2012,GOOGL,0.011009507812559605,0.0,0.0,16,32,0.01,0.037273,5,46
2013-01-02,2013,2012,WFC,0.009991943836212158,0.0,0.0,16,32,0.01,0.037273,5,46
2013-01-02,2013,2012,AAPL,0.009991943836212158,0.0,0.0,16,32,0.01,0.037273,5,46
2013-01-02,2013,2012,BAC,0.009991943836212158,0.0,0.0,16,32,0.01,0.037273,5,46
2013-01-02,2013,2012,JPM,0.009991943836212158,0.0,0.0,16,32,0.01,0.037273,5,46
2013-07-01,2013,2012,WFC,0.10000580549240112,0.611611,0.0,16,32,0.01,0.03894,5,46
2013-07-01,2013,2012,CVX,0.10000580549240112,0.0,0.0,16,32,0.01,0.03894,5,46
2013-07-01,2013,2012,IBM,0.0838083028793335,0.0,0.0,16,32,0.01,0.03894,5,46
2013-07-01,2013,2012,PM,0.07511971145868301,0.0,0.0,16,32,0.01,0.03894,5,46
2013-07-01,2013,2012,T,0.06671660393476486,0.0,0.0,16,32,0.01,0.03894,5,46
2013-07-01,2013,2012,PG,0.06544402986764908,0.0,0.0,16,32,0.01,0.03894,5,46
2013-07-01,2013,2012,ORCL,0.06486494839191437,0.0,0.0,16,32,0.01,0.03894,5,46
2013-07-01,2013,2012,BRK-B,0.06363725662231445,0.0,0.0,16,32,0.01,0.03894,5,46
2013-07-01,2013,2012,XOM,0.05371549725532532,0.0,0.0,16,32,0.01,0.03894,5,46
2013-07-01,2013,2012,WMT,0.050936006009578705,0.0,0.0,16,32,0.01,0.03894,5,46
2013-07-01,2013,2012,GE,0.03817342594265938,0.0,0.0,16,32,0.01,0.03894,5,46
2013-07-01,2013,2012,JNJ,0.03789140284061432,0.0,0.0,16,32,0.01,0.03894,5,46
2013-07-01,2013,2012,PFE,0.03572437912225723,0.0,0.0,16,32,0.01,0.03894,5,46
2013-07-01,2013,2012,AAPL,0.02958950400352478,0.0,0.0,16,32,0.01,0.03894,5,46
2013-07-01,2013,2012,GOOGL,0.02891566976904869,0.0,0.0,16,32,0.01,0.03894,5,46
2013-07-01,2013,2012,JPM,0.027470864355564117,0.0,0.0,16,32,0.01,0.03894,5,46
2013-07-01,2013,2012,VZ,0.02733829990029335,0.0,0.0,16,32,0.01,0.03894,5,46
2013-07-01,2013,2012,BAC,0.02385888621211052,0.0,0.0,16,32,0.01,0.03894,5,46
2013-07-01,2013,2012,MSFT,0.016329744830727577,0.0,0.0,16,32,0.01,0.03894,5,46
2013-07-01,2013,2012,KO,0.010453819297254086,0.0,0.0,16,32,0.01,0.03894,5,46
2014-01-02,2014,2013,AAPL,0.05300084501504898,0.600479,0.0,16,32,0.01,0.041422,5,46
2014-01-02,2014,2013,BAC,0.05300084501504898,0.0,0.0,16,32,0.01,0.041422,5,46
2014-01-02,2014,2013,BRK-B,0.05300084501504898,0.0,0.0,16,32,0.01,0.041422,5,46
2014-01-02,2014,2013,C,0.05300084501504898,0.0,0.0,16,32,0.01,0.041422,5,46
2014-01-02,2014,2013,WMT,0.05300084501504898,0.0,0.0,16,32,0.01,0.041422,5,46
2014-01-02,2014,2013,CVX,0.05300084501504898,0.0,0.0,16,32,0.01,0.041422,5,46
2014-01-02,2014,2013,GOOGL,0.05300084501504898,0.0,0.0,16,32,0.01,0.041422,5,46
2014-01-02,2014,2013,IBM,0.05300084501504898,0.0,0.0,16,32,0.01,0.041422,5,46
2014-01-02,2014,2013,JPM,0.05300084501504898,0.0,0.0,16,32,0.01,0.041422,5,46
2014-01-02,2014,2013,JNJ,0.05300084501504898,0.0,0.0,16,32,0.01,0.041422,5,46
2014-01-02,2014,2013,KO,0.05300084501504898,0.0,0.0,16,32,0.01,0.041422,5,46
2014-01-02,2014,2013,MSFT,0.05300084501504898,0.0,0.0,16,32,0.01,0.041422,5,46
2014-01-02,2014,2013,WFC,0.05300084501504898,0.0,0.0,16,32,0.01,0.041422,5,46
2014-01-02,2014,2013,PFE,0.05300084501504898,0.0,0.0,16,32,0.01,0.041422,5,46
2014-01-02,2014,2013,PG,0.05300084501504898,0.0,0.0,16,32,0.01,0.041422,5,46
2014-01-02,2014,2013,VZ,0.05300084501504898,0.0,0.0,16,32,0.01,0.041422,5,46
2014-01-02,2014,2013,GE,0.048537902534008026,0.0,0.0,16,32,0.01,0.041422,5,46
2014-01-02,2014,2013,ORCL,0.04821905121207237,0.0,0.0,16,32,0.01,0.041422,5,46
2014-01-02,2014,2013,XOM,0.045230522751808167,0.0,0.0,16,32,0.01,0.041422,5,46
2014-01-02,2014,2013,AMZN,0.009999011643230915,0.0,0.0,16,32,0.01,0.041422,5,46
2014-07-01,2014,2013,IBM,0.1000058725476265,0.690602,0.0,16,32,0.01,0.035768,5,46
2014-07-01,2014,2013,AMZN,0.1000058725476265,0.0,0.0,16,32,0.01,0.035768,5,46
2014-07-01,2014,2013,C,0.1000058725476265,0.0,0.0,16,32,0.01,0.035768,5,46
2014-07-01,2014,2013,CVX,0.1000058725476265,0.0,0.0,16,32,0.01,0.035768,5,46
2014-07-01,2014,2013,GOOGL,0.1000058725476265,0.0,0.0,16,32,0.01,0.035768,5,46
2014-07-01,2014,2013,GE,0.0740155503153801,0.0,0.0,16,32,0.01,0.035768,5,46
2014-07-01,2014,2013,JPM,0.06505440920591354,0.0,0.0,16,32,0.01,0.035768,5,46
2014-07-01,2014,2013,PG,0.06431853771209717,0.0,0.0,16,32,0.01,0.035768,5,46
2014-07-01,2014,2013,MSFT,0.04860348999500275,0.0,0.0,16,32,0.01,0.035768,5,46
2014-07-01,2014,2013,WMT,0.046235740184783936,0.0,0.0,16,32,0.01,0.035768,5,46
2014-07-01,2014,2013,KO,0.040909379720687866,0.0,0.0,16,32,0.01,0.035768,5,46
2014-07-01,2014,2013,AAPL,0.032534290105104446,0.0,0.0,16,32,0.01,0.035768,5,46
2014-07-01,2014,2013,XOM,0.03186730295419693,0.0,0.0,16,32,0.01,0.035768,5,46
2014-07-01,2014,2013,BRK-B,0.02746809460222721,0.0,0.0,16,32,0.01,0.035768,5,46
2014-07-01,2014,2013,ORCL,0.013643475249409676,0.0,0.0,16,32,0.01,0.035768,5,46
2014-07-01,2014,2013,PFE,0.011716562323272228,0.0,0.0,16,32,0.01,0.035768,5,46
2014-07-01,2014,2013,BAC,0.010900975205004215,0.0,0.0,16,32,0.01,0.035768,5,46
2014-07-01,2014,2013,VZ,0.010900975205004215,0.0,0.0,16,32,0.01,0.035768,5,46
2014-07-01,2014,2013,WFC,0.010900975205004215,0.0,0.0,16,32,0.01,0.035768,5,46
2014-07-01,2014,2013,JNJ,0.010900975205004215,0.0,0.0,16,32,0.01,0.035768,5,46
2015-01-02,2015,2014,GOOGL,0.10000956058502197,0.922456,0.0,16,32,0.01,0.039951,5,46
2015-01-02,2015,2014,DIS,0.10000956058502197,0.0,0.0,16,32,0.01,0.039951,5,46
2015-01-02,2015,2014,BAC,0.08607345819473267,0.0,0.0,16,32,0.01,0.039951,5,46
2015-01-02,2015,2014,PG,0.07587379217147827,0.0,0.0,16,32,0.01,0.039951,5,46
2015-01-02,2015,2014,C,0.0718638226389885,0.0,0.0,16,32,0.01,0.039951,5,46
2015-01-02,2015,2014,ORCL,0.06599307060241699,0.0,0.0,16,32,0.01,0.039951,5,46
2015-01-02,2015,2014,AAPL,0.065772145986557,0.0,0.0,16,32,0.01,0.039951,5,46
2015-01-02,2015,2014,INTC,0.06569834053516388,0.0,0.0,16,32,0.01,0.039951,5,46
2015-01-02,2015,2014,META,0.061136532574892044,0.0,0.0,16,32,0.01,0.039951,5,46
2015-01-02,2015,2014,BRK-B,0.058711811900138855,0.0,0.0,16,32,0.01,0.039951,5,46
2015-01-02,2015,2014,MSFT,0.05828161537647247,0.0,0.0,16,32,0.01,0.039951,5,46
2015-01-02,2015,2014,JPM,0.045144837349653244,0.0,0.0,16,32,0.01,0.039951,5,46
2015-01-02,2015,2014,VZ,0.03758978843688965,0.0,0.0,16,32,0.01,0.039951,5,46
2015-01-02,2015,2014,KO,0.022333672270178795,0.0,0.0,16,32,0.01,0.039951,5,46
2015-01-02,2015,2014,WMT,0.02094728872179985,0.0,0.0,16,32,0.01,0.039951,5,46
2015-01-02,2015,2014,PFE,0.015630966052412987,0.0,0.0,16,32,0.01,0.039951,5,46
2015-01-02,2015,2014,WFC,0.014702209271490574,0.0,0.0,16,32,0.01,0.039951,5,46
2015-01-02,2015,2014,JNJ,0.014168131165206432,0.0,0.0,16,32,0.01,0.039951,5,46
2015-01-02,2015,2014,XOM,0.010029658675193787,0.0,0.0,16,32,0.01,0.039951,5,46
2015-01-02,2015,2014,CVX,0.010029658675193787,0.0,0.0,16,32,0.01,0.039951,5,46
2015-07-01,2015,2014,PFE,0.09890284389257431,0.66831,0.0,32,32,0.01,0.038932,5,46
2015-07-01,2015,2014,CVX,0.09890284389257431,0.0,0.0,32,32,0.01,0.038932,5,46
2015-07-01,2015,2014,INTC,0.08253638446331024,0.0,0.0,32,32,0.01,0.038932,5,46
2015-07-01,2015,2014,BAC,0.07937855273485184,0.0,0.0,32,32,0.01,0.038932,5,46
2015-07-01,2015,2014,ORCL,0.0726855993270874,0.0,0.0,32,32,0.01,0.038932,5,46
2015-07-01,2015,2014,BRK-B,0.06513886898756027,0.0,0.0,32,32,0.01,0.038932,5,46
2015-07-01,2015,2014,JPM,0.05486180633306503,0.0,0.0,32,32,0.01,0.038932,5,46
2015-07-01,2015,2014,C,0.054284583777189255,0.0,0.0,32,32,0.01,0.038932,5,46
2015-07-01,2015,2014,META,0.0533302016556263,0.0,0.0,32,32,0.01,0.038932,5,46
2015-07-01,2015,2014,MSFT,0.05264989286661148,0.0,0.0,32,32,0.01,0.038932,5,46
2015-07-01,2015,2014,WFC,0.05047442018985748,0.0,0.0,32,32,0.01,0.038932,5,46
2015-07-01,2015,2014,XOM,0.04816431179642677,0.0,0.0,32,32,0.01,0.038932,5,46
2015-07-01,2015,2014,GOOGL,0.043500371277332306,0.0,0.0,32,32,0.01,0.038932,5,46
2015-07-01,2015,2014,WMT,0.03662686049938202,0.0,0.0,32,32,0.01,0.038932,5,46
2015-07-01,2015,2014,KO,0.03219348192214966,0.0,0.0,32,32,0.01,0.038932,5,46
2015-07-01,2015,2014,AAPL,0.02981581538915634,0.0,0.0,32,32,0.01,0.038932,5,46
2015-07-01,2015,2014,VZ,0.016562772914767265,0.0,0.0,32,32,0.01,0.038932,5,46
2015-07-01,2015,2014,DIS,0.009996804408729076,0.0,0.0,32,32,0.01,0.038932,5,46
2015-07-01,2015,2014,JNJ,0.009996804408729076,0.0,0.0,32,32,0.01,0.038932,5,46
2015-07-01,2015,2014,PG,0.009996804408729076,0.0,0.0,32,32,0.01,0.038932,5,46
2016-01-04,2016,2015,CVX,0.08652299642562866,0.68617,0.0,16,64,0.01,0.035335,5,46
2016-01-04,2016,2015,XOM,0.07555646449327469,0.0,0.0,16,64,0.01,0.035335,5,46
2016-01-04,2016,2015,BAC,0.07528531551361084,0.0,0.0,16,64,0.01,0.035335,5,46
2016-01-04,2016,2015,V,0.07196379452943802,0.0,0.0,16,64,0.01,0.035335,5,46
2016-01-04,2016,2015,AAPL,0.06347028911113739,0.0,0.0,16,64,0.01,0.035335,5,46
2016-01-04,2016,2015,JPM,0.0629209578037262,0.0,0.0,16,64,0.01,0.035335,5,46
2016-01-04,2016,2015,GOOGL,0.05993366613984108,0.0,0.0,16,64,0.01,0.035335,5,46
2016-01-04,2016,2015,AMZN,0.05819971486926079,0.0,0.0,16,64,0.01,0.035335,5,46
2016-01-04,2016,2015,DIS,0.055698931217193604,0.0,0.0,16,64,0.01,0.035335,5,46
2016-01-04,2016,2015,GE,0.052597858011722565,0.0,0.0,16,64,0.01,0.035335,5,46
2016-01-04,2016,2015,MSFT,0.05090448260307312,0.0,0.0,16,64,0.01,0.035335,5,46
2016-01-04,2016,2015,PFE,0.04878755286335945,0.0,0.0,16,64,0.01,0.035335,5,46
2016-01-04,2016,2015,WFC,0.043138790875673294,0.0,0.0,16,64,0.01,0.035335,5,46
2016-01-04,2016,2015,META,0.03835351765155792,0.0,0.0,16,64,0.01,0.035335,5,46
2016-01-04,2016,2015,WMT,0.03786241635680199,0.0,0.0,16,64,0.01,0.035335,5,46
2016-01-04,2016,2015,KO,0.03720410540699959,0.0,0.0,16,64,0.01,0.035335,5,46
2016-01-04,2016,2015,JNJ,0.03170904517173767,0.0,0.0,16,64,0.01,0.035335,5,46
2016-01-04,2016,2015,BRK-B,0.02058769389986992,0.0,0.0,16,64,0.01,0.035335,5,46
2016-01-04,2016,2015,VZ,0.019303428009152412,0.0,0.0,16,64,0.01,0.035335,5,46
2016-01-04,2016,2015,PG,0.00999901257455349,0.0,0.0,16,64,0.01,0.035335,5,46
2016-07-01,2016,2015,AAPL,0.09284966439008713,0.437663,0.0,16,64,0.01,0.028736,5,46
2016-07-01,2016,2015,V,0.0874892845749855,0.0,0.0,16,64,0.01,0.028736,5,46
2016-07-01,2016,2015,GOOGL,0.08689837902784348,0.0,0.0,16,64,0.01,0.028736,5,46
2016-07-01,2016,2015,MSFT,0.07850722968578339,0.0,0.0,16,64,0.01,0.028736,5,46
2016-07-01,2016,2015,BAC,0.07361852377653122,0.0,0.0,16,64,0.01,0.028736,5,46
2016-07-01,2016,2015,JPM,0.0675819143652916,0.0,0.0,16,64,0.01,0.028736,5,46
2016-07-01,2016,2015,DIS,0.06617473810911179,0.0,0.0,16,64,0.01,0.028736,5,46
2016-07-01,2016,2015,WFC,0.06246040016412735,0.0,0.0,16,64,0.01,0.028736,5,46
2016-07-01,2016,2015,CVX,0.06165049225091934,0.0,0.0,16,64,0.01,0.028736,5,46
2016-07-01,2016,2015,AMZN,0.05592802166938782,0.0,0.0,16,64,0.01,0.028736,5,46
2016-07-01,2016,2015,META,0.050389181822538376,0.0,0.0,16,64,0.01,0.028736,5,46
2016-07-01,2016,2015,WMT,0.04962798207998276,0.0,0.0,16,64,0.01,0.028736,5,46
2016-07-01,2016,2015,BRK-B,0.03790518268942833,0.0,0.0,16,64,0.01,0.028736,5,46
2016-07-01,2016,2015,KO,0.0372554287314415,0.0,0.0,16,64,0.01,0.028736,5,46
2016-07-01,2016,2015,GE,0.025315407663583755,0.0,0.0,16,64,0.01,0.028736,5,46
2016-07-01,2016,2015,XOM,0.02276754379272461,0.0,0.0,16,64,0.01,0.028736,5,46
2016-07-01,2016,2015,PFE,0.01360185444355011,0.0,0.0,16,64,0.01,0.028736,5,46
2016-07-01,2016,2015,JNJ,0.009992940351366997,0.0,0.0,16,64,0.01,0.028736,5,46
2016-07-01,2016,2015,PG,0.009992940351366997,0.0,0.0,16,64,0.01,0.028736,5,46
2016-07-01,2016,2015,VZ,0.009992940351366997,0.0,0.0,16,64,0.01,0.028736,5,46
2017-01-03,2017,2016,PFE,0.09889346361160278,0.902889,0.0,16,32,0.01,0.031395,5,46
2017-01-03,2017,2016,GOOGL,0.08107907325029373,0.0,0.0,16,32,0.01,0.031395,5,46
2017-01-03,2017,2016,AMZN,0.07896175235509872,0.0,0.0,16,32,0.01,0.031395,5,46
2017-01-03,2017,2016,META,0.07344251871109009,0.0,0.0,16,32,0.01,0.031395,5,46
2017-01-03,2017,2016,WMT,0.0699981302022934,0.0,0.0,16,32,0.01,0.031395,5,46
2017-01-03,2017,2016,JNJ,0.06955410540103912,0.0,0.0,16,32,0.01,0.031395,5,46
2017-01-03,2017,2016,VZ,0.06577131897211075,0.0,0.0,16,32,0.01,0.031395,5,46
2017-01-03,2017,2016,V,0.06522861868143082,0.0,0.0,16,32,0.01,0.031395,5,46
2017-01-03,2017,2016,PG,0.06124032661318779,0.0,0.0,16,32,0.01,0.031395,5,46
2017-01-03,2017,2016,BRK-B,0.05457334220409393,0.0,0.0,16,32,0.01,0.031395,5,46
2017-01-03,2017,2016,KO,0.052398692816495895,0.0,0.0,16,32,0.01,0.031395,5,46
2017-01-03,2017,2016,BAC,0.04999088868498802,0.0,0.0,16,32,0.01,0.031395,5,46
2017-01-03,2017,2016,AAPL,0.03339412435889244,0.0,0.0,16,32,0.01,0.031395,5,46
2017-01-03,2017,2016,XOM,0.031582433730363846,0.0,0.0,16,32,0.01,0.031395,5,46
2017-01-03,2017,2016,T,0.030349532142281532,0.0,0.0,16,32,0.01,0.031395,5,46
2017-01-03,2017,2016,JPM,0.026365188881754875,0.0,0.0,16,32,0.01,0.031395,5,46
2017-01-03,2017,2016,INTC,0.022243816405534744,0.0,0.0,16,32,0.01,0.031395,5,46
2017-01-03,2017,2016,MSFT,0.01493695005774498,0.0,0.0,16,32,0.01,0.031395,5,46
2017-01-03,2017,2016,CVX,0.009997829794883728,0.0,0.0,16,32,0.01,0.031395,5,46
2017-01-03,2017,2016,WFC,0.009997829794883728,0.0,0.0,16,32,0.01,0.031395,5,46
2017-07-03,2017,2016,AMZN,0.08481200784444809,0.650096,0.0,16,32,0.01,0.034534,5,46
2017-07-03,2017,2016,BAC,0.08099724352359772,0.0,0.0,16,32,0.01,0.034534,5,46
2017-07-03,2017,2016,PFE,0.0782894641160965,0.0,0.0,16,32,0.01,0.034534,5,46
2017-07-03,2017,2016,INTC,0.06699351966381073,0.0,0.0,16,32,0.01,0.034534,5,46
2017-07-03,2017,2016,META,0.06516800075769424,0.0,0.0,16,32,0.01,0.034534,5,46
2017-07-03,2017,2016,JPM,0.06488192081451416,0.0,0.0,16,32,0.01,0.034534,5,46
2017-07-03,2017,2016,WFC,0.06154858320951462,0.0,0.0,16,32,0.01,0.034534,5,46
2017-07-03,2017,2016,XOM,0.05941959097981453,0.0,0.0,16,32,0.01,0.034534,5,46
2017-07-03,2017,2016,CVX,0.05869445577263832,0.0,0.0,16,32,0.01,0.034534,5,46
2017-07-03,2017,2016,VZ,0.055764127522706985,0.0,0.0,16,32,0.01,0.034534,5,46
2017-07-03,2017,2016,T,0.05369158089160919,0.0,0.0,16,32,0.01,0.034534,5,46
2017-07-03,2017,2016,AAPL,0.05081016570329666,0.0,0.0,16,32,0.01,0.034534,5,46
2017-07-03,2017,2016,MSFT,0.03837844729423523,0.0,0.0,16,32,0.01,0.034534,5,46
2017-07-03,2017,2016,PG,0.03650948777794838,0.0,0.0,16,32,0.01,0.034534,5,46
2017-07-03,2017,2016,BRK-B,0.02906862646341324,0.0,0.0,16,32,0.01,0.034534,5,46
2017-07-03,2017,2016,WMT,0.027786612510681152,0.0,0.0,16,32,0.01,0.034534,5,46
2017-07-03,2017,2016,GOOGL,0.026264147832989693,0.0,0.0,16,32,0.01,0.034534,5,46
2017-07-03,2017,2016,V,0.025529395788908005,0.0,0.0,16,32,0.01,0.034534,5,46
2017-07-03,2017,2016,KO,0.025393540039658546,0.0,0.0,16,32,0.01,0.034534,5,46
2017-07-03,2017,2016,JNJ,0.00999901071190834,0.0,0.0,16,32,0.01,0.034534,5,46
2018-01-02,2018,2017,XOM,0.10000495612621307,0.447983,0.0,16,32,0.01,0.037162,5,46
2018-01-02,2018,2017,AMZN,0.10000495612621307,0.0,0.0,16,32,0.01,0.037162,5,46
2018-01-02,2018,2017,INTC,0.08485337346792221,0.0,0.0,16,32,0.01,0.037162,5,46
2018-01-02,2018,2017,WMT,0.07293201982975006,0.0,0.0,16,32,0.01,0.037162,5,46
2018-01-02,2018,2017,BAC,0.07082323729991913,0.0,0.0,16,32,0.01,0.037162,5,46
2018-01-02,2018,2017,PFE,0.06859199702739716,0.0,0.0,16,32,0.01,0.037162,5,46
2018-01-02,2018,2017,PG,0.06238088384270668,0.0,0.0,16,32,0.01,0.037162,5,46
2018-01-02,2018,2017,WFC,0.061414144933223724,0.0,0.0,16,32,0.01,0.037162,5,46
2018-01-02,2018,2017,JPM,0.05341092124581337,0.0,0.0,16,32,0.01,0.037162,5,46
2018-01-02,2018,2017,META,0.048854418098926544,0.0,0.0,16,32,0.01,0.037162,5,46
2018-01-02,2018,2017,UNH,0.047990623861551285,0.0,0.0,16,32,0.01,0.037162,5,46
2018-01-02,2018,2017,GOOGL,0.047641169279813766,0.0,0.0,16,32,0.01,0.037162,5,46
2018-01-02,2018,2017,AAPL,0.045856773853302,0.0,0.0,16,32,0.01,0.037162,5,46
2018-01-02,2018,2017,MSFT,0.03555375337600708,0.0,0.0,16,32,0.01,0.037162,5,46
2018-01-02,2018,2017,V,0.027003243565559387,0.0,0.0,16,32,0.01,0.037162,5,46
2018-01-02,2018,2017,VZ,0.022469228133559227,0.0,0.0,16,32,0.01,0.037162,5,46
2018-01-02,2018,2017,CVX,0.016732828691601753,0.0,0.0,16,32,0.01,0.037162,5,46
2018-01-02,2018,2017,JNJ,0.011677245609462261,0.0,0.0,16,32,0.01,0.037162,5,46
2018-01-02,2018,2017,BRK-B,0.01141755934804678,0.0,0.0,16,32,0.01,0.037162,5,46
2018-01-02,2018,2017,HD,0.0103867556899786,0.0,0.0,16,32,0.01,0.037162,5,46
2018-07-02,2018,2017,AAPL,0.056495025753974915,0.438441,0.0,16,64,0.01,0.037697,5,46
2018-07-02,2018,2017,AMZN,0.056495025753974915,0.0,0.0,16,64,0.01,0.037697,5,46
2018-07-02,2018,2017,BAC,0.056495025753974915,0.0,0.0,16,64,0.01,0.037697,5,46
2018-07-02,2018,2017,CVX,0.056495025753974915,0.0,0.0,16,64,0.01,0.037697,5,46
2018-07-02,2018,2017,VZ,0.056495025753974915,0.0,0.0,16,64,0.01,0.037697,5,46
2018-07-02,2018,2017,GOOGL,0.056495025753974915,0.0,0.0,16,64,0.01,0.037697,5,46
2018-07-02,2018,2017,HD,0.056495025753974915,0.0,0.0,16,64,0.01,0.037697,5,46
2018-07-02,2018,2017,INTC,0.056495025753974915,0.0,0.0,16,64,0.01,0.037697,5,46
2018-07-02,2018,2017,JPM,0.056495025753974915,0.0,0.0,16,64,0.01,0.037697,5,46
2018-07-02,2018,2017,META,0.056495025753974915,0.0,0.0,16,64,0.01,0.037697,5,46
2018-07-02,2018,2017,MSFT,0.056495025753974915,0.0,0.0,16,64,0.01,0.037697,5,46
2018-07-02,2018,2017,PFE,0.056495025753974915,0.0,0.0,16,64,0.01,0.037697,5,46
2018-07-02,2018,2017,WMT,0.056495025753974915,0.0,0.0,16,64,0.01,0.037697,5,46
2018-07-02,2018,2017,PG,0.056495025753974915,0.0,0.0,16,64,0.01,0.037697,5,46
2018-07-02,2018,2017,UNH,0.056495025753974915,0.0,0.0,16,64,0.01,0.037697,5,46
2018-07-02,2018,2017,V,0.056495025753974915,0.0,0.0,16,64,0.01,0.037697,5,46
2018-07-02,2018,2017,WFC,0.056495025753974915,0.0,0.0,16,64,0.01,0.037697,5,46
2018-07-02,2018,2017,BRK-B,0.019591238349676132,0.0,0.0,16,64,0.01,0.037697,5,46
2018-07-02,2018,2017,JNJ,0.009996650740504265,0.0,0.0,16,64,0.01,0.037697,5,46
2018-07-02,2018,2017,XOM,0.009996650740504265,0.0,0.0,16,64,0.01,0.037697,5,46
2019-01-02,2019,2018,META,0.09882839769124985,0.521783,0.0,16,32,0.01,0.033479,5,46
2019-01-02,2019,2018,AMZN,0.08623816817998886,0.0,0.0,16,32,0.01,0.033479,5,46
2019-01-02,2019,2018,JPM,0.07781408727169037,0.0,0.0,16,32,0.01,0.033479,5,46
2019-01-02,2019,2018,BAC,0.07713814824819565,0.0,0.0,16,32,0.01,0.033479,5,46
2019-01-02,2019,2018,WFC,0.07377219945192337,0.0,0.0,16,32,0.01,0.033479,5,46
2019-01-02,2019,2018,AAPL,0.06790095567703247,0.0,0.0,16,32,0.01,0.033479,5,46
2019-01-02,2019,2018,GOOGL,0.0631704032421112,0.0,0.0,16,32,0.01,0.033479,5,46
2019-01-02,2019,2018,MSFT,0.06315921992063522,0.0,0.0,16,32,0.01,0.033479,5,46
2019-01-02,2019,2018,V,0.06017419323325157,0.0,0.0,16,32,0.01,0.033479,5,46
2019-01-02,2019,2018,UNH,0.057168588042259216,0.0,0.0,16,32,0.01,0.033479,5,46
2019-01-02,2019,2018,CVX,0.05686578154563904,0.0,0.0,16,32,0.01,0.033479,5,46
2019-01-02,2019,2018,WMT,0.05199305713176727,0.0,0.0,16,32,0.01,0.033479,5,46
2019-01-02,2019,2018,INTC,0.04671771451830864,0.0,0.0,16,32,0.01,0.033479,5,46
2019-01-02,2019,2018,XOM,0.043009448796510696,0.0,0.0,16,32,0.01,0.033479,5,46
2019-01-02,2019,2018,KO,0.021300263702869415,0.0,0.0,16,32,0.01,0.033479,5,46
2019-01-02,2019,2018,BRK-B,0.012439603917300701,0.0,0.0,16,32,0.01,0.033479,5,46
2019-01-02,2019,2018,VZ,0.012319955974817276,0.0,0.0,16,32,0.01,0.033479,5,46
2019-01-02,2019,2018,JNJ,0.009996586479246616,0.0,0.0,16,32,0.01,0.033479,5,46
2019-01-02,2019,2018,PFE,0.009996586479246616,0.0,0.0,16,32,0.01,0.033479,5,46
2019-01-02,2019,2018,PG,0.009996586479246616,0.0,0.0,16,32,0.01,0.033479,5,46
2019-07-01,2019,2018,CVX,0.09959755837917328,0.486268,0.0,16,64,0.01,0.035544,5,46
2019-07-01,2019,2018,BAC,0.09924240410327911,0.0,0.0,16,64,0.01,0.035544,5,46
2019-07-01,2019,2018,JPM,0.09347400069236755,0.0,0.0,16,64,0.01,0.035544,5,46
2019-07-01,2019,2018,BRK-B,0.08335082232952118,0.0,0.0,16,64,0.01,0.035544,5,46
2019-07-01,2019,2018,GOOGL,0.06925959885120392,0.0,0.0,16,64,0.01,0.035544,5,46
2019-07-01,2019,2018,META,0.06442324817180634,0.0,0.0,16,64,0.01,0.035544,5,46
2019-07-01,2019,2018,UNH,0.06178447976708412,0.0,0.0,16,64,0.01,0.035544,5,46
2019-07-01,2019,2018,WFC,0.06130152940750122,0.0,0.0,16,64,0.01,0.035544,5,46
2019-07-01,2019,2018,XOM,0.05577712506055832,0.0,0.0,16,64,0.01,0.035544,5,46
2019-07-01,2019,2018,INTC,0.0453314483165741,0.0,0.0,16,64,0.01,0.035544,5,46
2019-07-01,2019,2018,JNJ,0.04391036182641983,0.0,0.0,16,64,0.01,0.035544,5,46
2019-07-01,2019,2018,MSFT,0.04201047495007515,0.0,0.0,16,64,0.01,0.035544,5,46
2019-07-01,2019,2018,WMT,0.03602556511759758,0.0,0.0,16,64,0.01,0.035544,5,46
2019-07-01,2019,2018,V,0.03379494324326515,0.0,0.0,16,64,0.01,0.035544,5,46
2019-07-01,2019,2018,AAPL,0.033436425030231476,0.0,0.0,16,64,0.01,0.035544,5,46
2019-07-01,2019,2018,AMZN,0.025527356192469597,0.0,0.0,16,64,0.01,0.035544,5,46
2019-07-01,2019,2018,KO,0.021756187081336975,0.0,0.0,16,64,0.01,0.035544,5,46
2019-07-01,2019,2018,VZ,0.009998828172683716,0.0,0.0,16,64,0.01,0.035544,5,46
2019-07-01,2019,2018,PG,0.009998828172683716,0.0,0.0,16,64,0.01,0.035544,5,46
2019-07-01,2019,2018,PFE,0.009998828172683716,0.0,0.0,16,64,0.01,0.035544,5,46
2020-01-02,2020,2019,AMZN,0.09980424493551254,0.831599,0.0,16,64,0.01,0.034316,5,46
2020-01-02,2020,2019,GOOGL,0.07916855067014694,0.0,0.0,16,64,0.01,0.034316,5,46
2020-01-02,2020,2019,MA,0.07652311772108078,0.0,0.0,16,64,0.01,0.034316,5,46
2020-01-02,2020,2019,PG,0.07494255155324936,0.0,0.0,16,64,0.01,0.034316,5,46
2020-01-02,2020,2019,V,0.07055007666349411,0.0,0.0,16,64,0.01,0.034316,5,46
2020-01-02,2020,2019,META,0.06887701153755188,0.0,0.0,16,64,0.01,0.034316,5,46
2020-01-02,2020,2019,INTC,0.061567433178424835,0.0,0.0,16,64,0.01,0.034316,5,46
2020-01-02,2020,2019,AAPL,0.05632097274065018,0.0,0.0,16,64,0.01,0.034316,5,46
2020-01-02,2020,2019,BAC,0.05518311262130737,0.0,0.0,16,64,0.01,0.034316,5,46
2020-01-02,2020,2019,HD,0.05255953595042229,0.0,0.0,16,64,0.01,0.034316,5,46
2020-01-02,2020,2019,MSFT,0.05022676661610603,0.0,0.0,16,64,0.01,0.034316,5,46
2020-01-02,2020,2019,JPM,0.04881785064935684,0.0,0.0,16,64,0.01,0.034316,5,46
2020-01-02,2020,2019,UNH,0.04674192890524864,0.0,0.0,16,64,0.01,0.034316,5,46
2020-01-02,2020,2019,WMT,0.04091355949640274,0.0,0.0,16,64,0.01,0.034316,5,46
2020-01-02,2020,2019,KO,0.030637089163064957,0.0,0.0,16,64,0.01,0.034316,5,46
2020-01-02,2020,2019,DIS,0.029110943898558617,0.0,0.0,16,64,0.01,0.034316,5,46
2020-01-02,2020,2019,VZ,0.026836993172764778,0.0,0.0,16,64,0.01,0.034316,5,46
2020-01-02,2020,2019,XOM,0.011219043284654617,0.0,0.0,16,64,0.01,0.034316,5,46
2020-01-02,2020,2019,BRK-B,0.00999961607158184,0.0,0.0,16,64,0.01,0.034316,5,46
2020-01-02,2020,2019,JNJ,0.00999961607158184,0.0,0.0,16,64,0.01,0.034316,5,46
2020-07-01,2020,2019,DIS,0.09945613890886307,0.681852,0.0,16,32,0.01,0.037508,5,46
2020-07-01,2020,2019,INTC,0.09945613890886307,0.0,0.0,16,32,0.01,0.037508,5,46
2020-07-01,2020,2019,AMZN,0.09456725418567657,0.0,0.0,16,32,0.01,0.037508,5,46
2020-07-01,2020,2019,UNH,0.09383183717727661,0.0,0.0,16,32,0.01,0.037508,5,46
2020-07-01,2020,2019,BAC,0.09083995223045349,0.0,0.0,16,32,0.01,0.037508,5,46
2020-07-01,2020,2019,JPM,0.08817680925130844,0.0,0.0,16,32,0.01,0.037508,5,46
2020-07-01,2020,2019,GOOGL,0.059538424015045166,0.0,0.0,16,32,0.01,0.037508,5,46
2020-07-01,2020,2019,AAPL,0.0508195199072361,0.0,0.0,16,32,0.01,0.037508,5,46
2020-07-01,2020,2019,WMT,0.04335692152380943,0.0,0.0,16,32,0.01,0.037508,5,46
2020-07-01,2020,2019,MSFT,0.04260316118597984,0.0,0.0,16,32,0.01,0.037508,5,46
2020-07-01,2020,2019,VZ,0.04095330089330673,0.0,0.0,16,32,0.01,0.037508,5,46
2020-07-01,2020,2019,XOM,0.03906780108809471,0.0,0.0,16,32,0.01,0.037508,5,46
2020-07-01,2020,2019,HD,0.03813360258936882,0.0,0.0,16,32,0.01,0.037508,5,46
2020-07-01,2020,2019,META,0.03439128026366234,0.0,0.0,16,32,0.01,0.037508,5,46
2020-07-01,2020,2019,MA,0.024326477199792862,0.0,0.0,16,32,0.01,0.037508,5,46
2020-07-01,2020,2019,JNJ,0.017122704535722733,0.0,0.0,16,32,0.01,0.037508,5,46
2020-07-01,2020,2019,KO,0.013363396748900414,0.0,0.0,16,32,0.01,0.037508,5,46
2020-07-01,2020,2019,BRK-B,0.009998415596783161,0.0,0.0,16,32,0.01,0.037508,5,46
2020-07-01,2020,2019,PG,0.009998415596783161,0.0,0.0,16,32,0.01,0.037508,5,46
2020-07-01,2020,2019,V,0.009998415596783161,0.0,0.0,16,32,0.01,0.037508,5,46
2021-01-04,2021,2020,AAPL,0.09702819585800171,0.750568,0.0,16,32,0.01,0.036073,5,46
2021-01-04,2021,2020,BAC,0.09129156172275543,0.0,0.0,16,32,0.01,0.036073,5,46
2021-01-04,2021,2020,JPM,0.07473433017730713,0.0,0.0,16,32,0.01,0.036073,5,46
2021-01-04,2021,2020,NVDA,0.07380133122205734,0.0,0.0,16,32,0.01,0.036073,5,46
2021-01-04,2021,2020,HD,0.06952676922082901,0.0,0.0,16,32,0.01,0.036073,5,46
2021-01-04,2021,2020,META,0.06780541688203812,0.0,0.0,16,32,0.01,0.036073,5,46
2021-01-04,2021,2020,AMZN,0.059655092656612396,0.0,0.0,16,32,0.01,0.036073,5,46
2021-01-04,2021,2020,UNH,0.05946183204650879,0.0,0.0,16,32,0.01,0.036073,5,46
2021-01-04,2021,2020,TSLA,0.055889494717121124,0.0,0.0,16,32,0.01,0.036073,5,46
2021-01-04,2021,2020,MA,0.04896628111600876,0.0,0.0,16,32,0.01,0.036073,5,46
2021-01-04,2021,2020,MSFT,0.04894479364156723,0.0,0.0,16,32,0.01,0.036073,5,46
2021-01-04,2021,2020,BRK-B,0.046859726309776306,0.0,0.0,16,32,0.01,0.036073,5,46
2021-01-04,2021,2020,GOOGL,0.046535640954971313,0.0,0.0,16,32,0.01,0.036073,5,46
2021-01-04,2021,2020,V,0.04261450469493866,0.0,0.0,16,32,0.01,0.036073,5,46
2021-01-04,2021,2020,JNJ,0.03974813222885132,0.0,0.0,16,32,0.01,0.036073,5,46
2021-01-04,2021,2020,DIS,0.03713877126574516,0.0,0.0,16,32,0.01,0.036073,5,46
2021-01-04,2021,2020,VZ,0.00999954342842102,0.0,0.0,16,32,0.01,0.036073,5,46
2021-01-04,2021,2020,PG,0.00999954342842102,0.0,0.0,16,32,0.01,0.036073,5,46
2021-01-04,2021,2020,PYPL,0.00999954342842102,0.0,0.0,16,32,0.01,0.036073,5,46
2021-01-04,2021,2020,WMT,0.00999954342842102,0.0,0.0,16,32,0.01,0.036073,5,46
2021-07-01,2021,2020,BAC,0.10000459104776382,0.799442,0.0,16,32,0.01,0.039145,5,46
2021-07-01,2021,2020,JPM,0.10000459104776382,0.0,0.0,16,32,0.01,0.039145,5,46
2021-07-01,2021,2020,WMT,0.10000459104776382,0.0,0.0,16,32,0.01,0.039145,5,46
2021-07-01,2021,2020,TSLA,0.09031447768211365,0.0,0.0,16,32,0.01,0.039145,5,46
2021-07-01,2021,2020,DIS,0.08908295631408691,0.0,0.0,16,32,0.01,0.039145,5,46
2021-07-01,2021,2020,MA,0.084026038646698,0.0,0.0,16,32,0.01,0.039145,5,46
2021-07-01,2021,2020,PG,0.07858958095312119,0.0,0.0,16,32,0.01,0.039145,5,46
2021-07-01,2021,2020,VZ,0.060329537838697433,0.0,0.0,16,32,0.01,0.039145,5,46
2021-07-01,2021,2020,NVDA,0.05230275169014931,0.0,0.0,16,32,0.01,0.039145,5,46
2021-07-01,2021,2020,HD,0.050460852682590485,0.0,0.0,16,32,0.01,0.039145,5,46
2021-07-01,2021,2020,BRK-B,0.035501427948474884,0.0,0.0,16,32,0.01,0.039145,5,46
2021-07-01,2021,2020,AMZN,0.031471434980630875,0.0,0.0,16,32,0.01,0.039145,5,46
2021-07-01,2021,2020,PYPL,0.029229598119854927,0.0,0.0,16,32,0.01,0.039145,5,46
2021-07-01,2021,2020,MSFT,0.026192327961325645,0.0,0.0,16,32,0.01,0.039145,5,46
2021-07-01,2021,2020,META,0.01588260754942894,0.0,0.0,16,32,0.01,0.039145,5,46
2021-07-01,2021,2020,AAPL,0.013416226021945477,0.0,0.0,16,32,0.01,0.039145,5,46
2021-07-01,2021,2020,UNH,0.012237638235092163,0.0,0.0,16,32,0.01,0.039145,5,46
2021-07-01,2021,2020,JNJ,0.010316231288015842,0.0,0.0,16,32,0.01,0.039145,5,46
2021-07-01,2021,2020,V,0.010316231288015842,0.0,0.0,16,32,0.01,0.039145,5,46
2021-07-01,2021,2020,GOOGL,0.010316231288015842,0.0,0.0,16,32,0.01,0.039145,5,46
2022-01-03,2022,2021,GOOGL,0.09118181467056274,0.735687,0.0,16,64,0.01,0.036812,5,46
2022-01-03,2022,2021,BAC,0.08616804331541061,0.0,0.0,16,64,0.01,0.036812,5,46
2022-01-03,2022,2021,AVGO,0.08233959227800369,0.0,0.0,16,64,0.01,0.036812,5,46
2022-01-03,2022,2021,AAPL,0.08177599310874939,0.0,0.0,16,64,0.01,0.036812,5,46
2022-01-03,2022,2021,JPM,0.0727253183722496,0.0,0.0,16,64,0.01,0.036812,5,46
2022-01-03,2022,2021,DIS,0.06991501897573471,0.0,0.0,16,64,0.01,0.036812,5,46
2022-01-03,2022,2021,TSLA,0.06566761434078217,0.0,0.0,16,64,0.01,0.036812,5,46
2022-01-03,2022,2021,V,0.06253203749656677,0.0,0.0,16,64,0.01,0.036812,5,46
2022-01-03,2022,2021,NVDA,0.058824386447668076,0.0,0.0,16,64,0.01,0.036812,5,46
2022-01-03,2022,2021,META,0.055037956684827805,0.0,0.0,16,64,0.01,0.036812,5,46
2022-01-03,2022,2021,AMZN,0.046932950615882874,0.0,0.0,16,64,0.01,0.036812,5,46
2022-01-03,2022,2021,WMT,0.042403869330883026,0.0,0.0,16,64,0.01,0.036812,5,46
2022-01-03,2022,2021,HD,0.03158418461680412,0.0,0.0,16,64,0.01,0.036812,5,46
2022-01-03,2022,2021,PG,0.030544551089406013,0.0,0.0,16,64,0.01,0.036812,5,46
2022-01-03,2022,2021,MA,0.029925724491477013,0.0,0.0,16,64,0.01,0.036812,5,46
2022-01-03,2022,2021,MSFT,0.029398415237665176,0.0,0.0,16,64,0.01,0.036812,5,46
2022-01-03,2022,2021,JNJ,0.022880258038640022,0.0,0.0,16,64,0.01,0.036812,5,46
2022-01-03,2022,2021,BRK-B,0.015216527506709099,0.0,0.0,16,64,0.01,0.036812,5,46
2022-01-03,2022,2021,UNH,0.014946678653359413,0.0,0.0,16,64,0.01,0.036812,5,46
2022-01-03,2022,2021,PFE,0.009999017231166363,0.0,0.0,16,64,0.01,0.036812,5,46
2022-07-01,2022,2021,META,0.10000281035900116,0.602291,0.0,16,32,0.01,0.035297,5,46
2022-07-01,2022,2021,NVDA,0.10000281035900116,0.0,0.0,16,32,0.01,0.035297,5,46
2022-07-01,2022,2021,DIS,0.09645047783851624,0.0,0.0,16,32,0.01,0.035297,5,46
2022-07-01,2022,2021,TSLA,0.0915694311261177,0.0,0.0,16,32,0.01,0.035297,5,46
2022-07-01,2022,2021,BAC,0.08285447955131531,0.0,0.0,16,32,0.01,0.035297,5,46
2022-07-01,2022,2021,AVGO,0.0812835693359375,0.0,0.0,16,32,0.01,0.035297,5,46
2022-07-01,2022,2021,AAPL,0.07493605464696884,0.0,0.0,16,32,0.01,0.035297,5,46
2022-07-01,2022,2021,PFE,0.058697011321783066,0.0,0.0,16,32,0.01,0.035297,5,46
2022-07-01,2022,2021,UNH,0.05831976234912872,0.0,0.0,16,32,0.01,0.035297,5,46
2022-07-01,2022,2021,GOOGL,0.05160610005259514,0.0,0.0,16,32,0.01,0.035297,5,46
2022-07-01,2022,2021,MSFT,0.03669373318552971,0.0,0.0,16,32,0.01,0.035297,5,46
2022-07-01,2022,2021,BRK-B,0.03597734123468399,0.0,0.0,16,32,0.01,0.035297,5,46
2022-07-01,2022,2021,HD,0.02928905189037323,0.0,0.0,16,32,0.01,0.035297,5,46
2022-07-01,2022,2021,JPM,0.025867441669106483,0.0,0.0,16,32,0.01,0.035297,5,46
2022-07-01,2022,2021,PG,0.025083133950829506,0.0,0.0,16,32,0.01,0.035297,5,46
2022-07-01,2022,2021,V,0.011072790250182152,0.0,0.0,16,32,0.01,0.035297,5,46
2022-07-01,2022,2021,AMZN,0.010162019170820713,0.0,0.0,16,32,0.01,0.035297,5,46
2022-07-01,2022,2021,WMT,0.010043972171843052,0.0,0.0,16,32,0.01,0.035297,5,46
2022-07-01,2022,2021,MA,0.010043972171843052,0.0,0.0,16,32,0.01,0.035297,5,46
2022-07-01,2022,2021,JNJ,0.010043972171843052,0.0,0.0,16,32,0.01,0.035297,5,46
2023-01-03,2023,2022,TSLA,0.10000555962324142,0.908742,0.0,32,32,0.01,0.041056,5,46
2023-01-03,2023,2022,V,0.0830511525273323,0.0,0.0,32,32,0.01,0.041056,5,46
2023-01-03,2023,2022,AMZN,0.07857868075370789,0.0,0.0,32,32,0.01,0.041056,5,46
2023-01-03,2023,2022,MA,0.07769825309515,0.0,0.0,32,32,0.01,0.041056,5,46
2023-01-03,2023,2022,UNH,0.07693129032850266,0.0,0.0,32,32,0.01,0.041056,5,46
2023-01-03,2023,2022,PFE,0.07481216639280319,0.0,0.0,32,32,0.01,0.041056,5,46
2023-01-03,2023,2022,AAPL,0.06447573006153107,0.0,0.0,32,32,0.01,0.041056,5,46
2023-01-03,2023,2022,NVDA,0.05803176388144493,0.0,0.0,32,32,0.01,0.041056,5,46
2023-01-03,2023,2022,META,0.05206666141748428,0.0,0.0,32,32,0.01,0.041056,5,46
2023-01-03,2023,2022,LLY,0.049910739064216614,0.0,0.0,32,32,0.01,0.041056,5,46
2023-01-03,2023,2022,WMT,0.04339226335287094,0.0,0.0,32,32,0.01,0.041056,5,46
2023-01-03,2023,2022,GOOGL,0.04127311334013939,0.0,0.0,32,32,0.01,0.041056,5,46
2023-01-03,2023,2022,CVX,0.040852777659893036,0.0,0.0,32,32,0.01,0.041056,5,46
2023-01-03,2023,2022,JNJ,0.0342390313744545,0.0,0.0,32,32,0.01,0.041056,5,46
2023-01-03,2023,2022,BRK-B,0.030673975124955177,0.0,0.0,32,32,0.01,0.041056,5,46
2023-01-03,2023,2022,XOM,0.029298312962055206,0.0,0.0,32,32,0.01,0.041056,5,46
2023-01-03,2023,2022,MSFT,0.022503454238176346,0.0,0.0,32,32,0.01,0.041056,5,46
2023-01-03,2023,2022,JPM,0.022081689909100533,0.0,0.0,32,32,0.01,0.041056,5,46
2023-01-03,2023,2022,PG,0.010061702691018581,0.0,0.0,32,32,0.01,0.041056,5,46
2023-01-03,2023,2022,HD,0.010061702691018581,0.0,0.0,32,32,0.01,0.041056,5,46
2023-07-03,2023,2022,WMT,0.09886172413825989,0.614937,0.0,32,32,0.01,0.041853,5,46
2023-07-03,2023,2022,LLY,0.07927685230970383,0.0,0.0,32,32,0.01,0.041853,5,46
2023-07-03,2023,2022,JPM,0.07130247354507446,0.0,0.0,32,32,0.01,0.041853,5,46
2023-07-03,2023,2022,HD,0.07067941129207611,0.0,0.0,32,32,0.01,0.041853,5,46
2023-07-03,2023,2022,V,0.06327544152736664,0.0,0.0,32,32,0.01,0.041853,5,46
2023-07-03,2023,2022,TSLA,0.06299464404582977,0.0,0.0,32,32,0.01,0.041853,5,46
2023-07-03,2023,2022,NVDA,0.06278930604457855,0.0,0.0,32,32,0.01,0.041853,5,46
2023-07-03,2023,2022,MA,0.060390472412109375,0.0,0.0,32,32,0.01,0.041853,5,46
2023-07-03,2023,2022,CVX,0.058047037571668625,0.0,0.0,32,32,0.01,0.041853,5,46
2023-07-03,2023,2022,AAPL,0.05595356971025467,0.0,0.0,32,32,0.01,0.041853,5,46
2023-07-03,2023,2022,META,0.05086733400821686,0.0,0.0,32,32,0.01,0.041853,5,46
2023-07-03,2023,2022,AMZN,0.050682079046964645,0.0,0.0,32,32,0.01,0.041853,5,46
2023-07-03,2023,2022,PFE,0.049390003085136414,0.0,0.0,32,32,0.01,0.041853,5,46
2023-07-03,2023,2022,XOM,0.04440702497959137,0.0,0.0,32,32,0.01,0.041853,5,46
2023-07-03,2023,2022,MSFT,0.042720943689346313,0.0,0.0,32,32,0.01,0.041853,5,46
2023-07-03,2023,2022,JNJ,0.023051805794239044,0.0,0.0,32,32,0.01,0.041853,5,46
2023-07-03,2023,2022,UNH,0.022810788825154305,0.0,0.0,32,32,0.01,0.041853,5,46
2023-07-03,2023,2022,PG,0.012503545731306076,0.0,0.0,32,32,0.01,0.041853,5,46
2023-07-03,2023,2022,BRK-B,0.009997767396271229,0.0,0.0,32,32,0.01,0.041853,5,46
2023-07-03,2023,2022,GOOGL,0.009997767396271229,0.0,0.0,32,32,0.01,0.041853,5,46
2024-01-02,2024,2023,META,0.10000377893447876,0.836077,0.0,16,32,0.01,0.042452,5,46
2024-01-02,2024,2023,JNJ,0.10000377893447876,0.0,0.0,16,32,0.01,0.042452,5,46
2024-01-02,2024,2023,MSFT,0.10000377893447876,0.0,0.0,16,32,0.01,0.042452,5,46
2024-01-02,2024,2023,AAPL,0.09583436697721481,0.0,0.0,16,32,0.01,0.042452,5,46
2024-01-02,2024,2023,UNH,0.06360277533531189,0.0,0.0,16,32,0.01,0.042452,5,46
2024-01-02,2024,2023,PG,0.06050044670701027,0.0,0.0,16,32,0.01,0.042452,5,46
2024-01-02,2024,2023,NVDA,0.05950102582573891,0.0,0.0,16,32,0.01,0.042452,5,46
2024-01-02,2024,2023,XOM,0.05310274660587311,0.0,0.0,16,32,0.01,0.042452,5,46
2024-01-02,2024,2023,LLY,0.051147669553756714,0.0,0.0,16,32,0.01,0.042452,5,46
2024-01-02,2024,2023,AVGO,0.04599758982658386,0.0,0.0,16,32,0.01,0.042452,5,46
2024-01-02,2024,2023,JPM,0.0442655049264431,0.0,0.0,16,32,0.01,0.042452,5,46
2024-01-02,2024,2023,V,0.03891438618302345,0.0,0.0,16,32,0.01,0.042452,5,46
2024-01-02,2024,2023,MA,0.03673674166202545,0.0,0.0,16,32,0.01,0.042452,5,46
2024-01-02,2024,2023,TSLA,0.03318794444203377,0.0,0.0,16,32,0.01,0.042452,5,46
2024-01-02,2024,2023,WMT,0.02934976853430271,0.0,0.0,16,32,0.01,0.042452,5,46
2024-01-02,2024,2023,BRK-B,0.02934976853430271,0.0,0.0,16,32,0.01,0.042452,5,46
2024-01-02,2024,2023,COST,0.027830323204398155,0.0,0.0,16,32,0.01,0.042452,5,46
2024-01-02,2024,2023,HD,0.010222526267170906,0.0,0.0,16,32,0.01,0.042452,5,46
2024-01-02,2024,2023,AMZN,0.010222526267170906,0.0,0.0,16,32,0.01,0.042452,5,46
2024-01-02,2024,2023,GOOGL,0.010222526267170906,0.0,0.0,16,32,0.01,0.042452,5,46
2024-07-01,2024,2023,META,0.10000502318143845,0.678891,0.0,16,64,0.01,0.037514,5,46
2024-07-01,2024,2023,AMZN,0.10000502318143845,0.0,0.0,16,64,0.01,0.037514,5,46
2024-07-01,2024,2023,GOOGL,0.09893350303173065,0.0,0.0,16,64,0.01,0.037514,5,46
2024-07-01,2024,2023,LLY,0.07792782783508301,0.0,0.0,16,64,0.01,0.037514,5,46
2024-07-01,2024,2023,HD,0.06621288508176804,0.0,0.0,16,64,0.01,0.037514,5,46
2024-07-01,2024,2023,JPM,0.06206423044204712,0.0,0.0,16,64,0.01,0.037514,5,46
2024-07-01,2024,2023,MSFT,0.060740649700164795,0.0,0.0,16,64,0.01,0.037514,5,46
2024-07-01,2024,2023,BRK-B,0.05224151164293289,0.0,0.0,16,64,0.01,0.037514,5,46
2024-07-01,2024,2023,PG,0.042785800993442535,0.0,0.0,16,64,0.01,0.037514,5,46
2024-07-01,2024,2023,V,0.040977030992507935,0.0,0.0,16,64,0.01,0.037514,5,46
2024-07-01,2024,2023,MA,0.04013838618993759,0.0,0.0,16,64,0.01,0.037514,5,46
2024-07-01,2024,2023,COST,0.03961288183927536,0.0,0.0,16,64,0.01,0.037514,5,46
2024-07-01,2024,2023,UNH,0.038674239069223404,0.0,0.0,16,64,0.01,0.037514,5,46
2024-07-01,2024,2023,JNJ,0.03646399825811386,0.0,0.0,16,64,0.01,0.037514,5,46
2024-07-01,2024,2023,TSLA,0.0354304164648056,0.0,0.0,16,64,0.01,0.037514,5,46
2024-07-01,2024,2023,XOM,0.03486207500100136,0.0,0.0,16,64,0.01,0.037514,5,46
2024-07-01,2024,2023,AAPL,0.03287309408187866,0.0,0.0,16,64,0.01,0.037514,5,46
2024-07-01,2024,2023,AVGO,0.01989448070526123,0.0,0.0,16,64,0.01,0.037514,5,46
2024-07-01,2024,2023,NVDA,0.01007845625281334,0.0,0.0,16,64,0.01,0.037514,5,46
2024-07-01,2024,2023,WMT,0.01007845625281334,0.0,0.0,16,64,0.01,0.037514,5,46
2025-01-02,2025,2024,AMZN,0.10000951588153839,0.391062,0.0,16,32,0.01,0.04145,5,46
2025-01-02,2025,2024,GOOGL,0.10000951588153839,0.0,0.0,16,32,0.01,0.04145,5,46
2025-01-02,2025,2024,META,0.09648354351520538,0.0,0.0,16,32,0.01,0.04145,5,46
2025-01-02,2025,2024,XOM,0.09467348456382751,0.0,0.0,16,32,0.01,0.04145,5,46
2025-01-02,2025,2024,ORCL,0.08375117927789688,0.0,0.0,16,32,0.01,0.04145,5,46
2025-01-02,2025,2024,MSFT,0.05100315436720848,0.0,0.0,16,32,0.01,0.04145,5,46
2025-01-02,2025,2024,MA,0.049504294991493225,0.0,0.0,16,32,0.01,0.04145,5,46
2025-01-02,2025,2024,JPM,0.04338735342025757,0.0,0.0,16,32,0.01,0.04145,5,46
2025-01-02,2025,2024,BRK-B,0.042572516947984695,0.0,0.0,16,32,0.01,0.04145,5,46
2025-01-02,2025,2024,AAPL,0.041930053383111954,0.0,0.0,16,32,0.01,0.04145,5,46
2025-01-02,2025,2024,V,0.04116297885775566,0.0,0.0,16,32,0.01,0.04145,5,46
2025-01-02,2025,2024,HD,0.039415352046489716,0.0,0.0,16,32,0.01,0.04145,5,46
2025-01-02,2025,2024,PG,0.03668273240327835,0.0,0.0,16,32,0.01,0.04145,5,46
2025-01-02,2025,2024,LLY,0.03651219606399536,0.0,0.0,16,32,0.01,0.04145,5,46
2025-01-02,2025,2024,WMT,0.0361984446644783,0.0,0.0,16,32,0.01,0.04145,5,46
2025-01-02,2025,2024,COST,0.03547797352075577,0.0,0.0,16,32,0.01,0.04145,5,46
2025-01-02,2025,2024,UNH,0.033751875162124634,0.0,0.0,16,32,0.01,0.04145,5,46
2025-01-02,2025,2024,TSLA,0.01714257337152958,0.0,0.0,16,32,0.01,0.04145,5,46
2025-01-02,2025,2024,NVDA,0.010165673680603504,0.0,0.0,16,32,0.01,0.04145,5,46
2025-01-02,2025,2024,AVGO,0.010165673680603504,0.0,0.0,16,32,0.01,0.04145,5,46
2025-07-01,2025,2024,UNH,0.0990881621837616,0.62934,0.0,16,32,0.01,0.035866,5,46
2025-07-01,2025,2024,NVDA,0.07687141746282578,0.0,0.0,16,32,0.01,0.035866,5,46
2025-07-01,2025,2024,ORCL,0.07282701134681702,0.0,0.0,16,32,0.01,0.035866,5,46
2025-07-01,2025,2024,LLY,0.06581606715917587,0.0,0.0,16,32,0.01,0.035866,5,46
2025-07-01,2025,2024,META,0.06406107544898987,0.0,0.0,16,32,0.01,0.035866,5,46
2025-07-01,2025,2024,AAPL,0.06389208883047104,0.0,0.0,16,32,0.01,0.035866,5,46
2025-07-01,2025,2024,MA,0.058428145945072174,0.0,0.0,16,32,0.01,0.035866,5,46
2025-07-01,2025,2024,V,0.05805563926696777,0.0,0.0,16,32,0.01,0.035866,5,46
2025-07-01,2025,2024,AMZN,0.05705384165048599,0.0,0.0,16,32,0.01,0.035866,5,46
2025-07-01,2025,2024,GOOGL,0.05695974826812744,0.0,0.0,16,32,0.01,0.035866,5,46
2025-07-01,2025,2024,AVGO,0.056792017072439194,0.0,0.0,16,32,0.01,0.035866,5,46
2025-07-01,2025,2024,MSFT,0.04467737302184105,0.0,0.0,16,32,0.01,0.035866,5,46
2025-07-01,2025,2024,HD,0.042107004672288895,0.0,0.0,16,32,0.01,0.035866,5,46
2025-07-01,2025,2024,TSLA,0.04008857533335686,0.0,0.0,16,32,0.01,0.035866,5,46
2025-07-01,2025,2024,PG,0.03837214782834053,0.0,0.0,16,32,0.01,0.035866,5,46
2025-07-01,2025,2024,BRK-B,0.038161516189575195,0.0,0.0,16,32,0.01,0.035866,5,46
2025-07-01,2025,2024,XOM,0.028594203293323517,0.0,0.0,16,32,0.01,0.035866,5,46
2025-07-01,2025,2024,COST,0.018139945343136787,0.0,0.0,16,32,0.01,0.035866,5,46
2025-07-01,2025,2024,JPM,0.01001500803977251,0.0,0.0,16,32,0.01,0.035866,5,46
2025-07-01,2025,2024,WMT,0.00999909732490778,0.0,0.0,16,32,0.01,0.035866,5,46
