rebalance_date,invest_year,select_year,run_number,seed,n_stocks,best_nodes,best_batch,best_lr,best_val_loss,RMSE,MSE,MAE,R2_rank,R2_raw_vs_zero,Spearman,Directional_Accuracy,Geometric_Score,turnover,tc_drag_bps
1998-01-02,1998,1997,1,42,20,16,64,0.01,0.046780169010162354,0.2841927064892727,0.08076549442169789,0.24415399432182308,0.02838502951340882,-58.816373985650586,0.17293233082706763,0.5,0.5,0.9999999832361937,0.0
1998-02-02,1998,1997,1,42,20,16,32,0.01,0.0451958142220974,0.3602503900719465,0.1297803435469896,0.3111319482326507,-0.5612672907908525,-66.46644158380931,-0.5022556390977443,0.4,0.0,0.4984722427924203,0.0
1998-03-02,1998,1997,1,42,20,16,32,0.01,0.04234448820352554,0.30736202665199347,0.09447141542762073,0.26490140706300735,-0.1364982307082192,-22.14571939637257,-0.26917293233082706,0.45,0.5303300858899106,0.5227752689591828,0.0
1998-04-01,1998,1997,1,42,20,16,32,0.01,0.04739155247807503,0.288317075833951,0.08312673621744025,0.24999999999999994,-2.0886826348931464e-05,-38.29223790547949,,0.45,0.0,0.4422386213126958,0.0
1998-05-01,1998,1997,1,42,20,16,64,0.01,0.04321618378162384,0.28727095202745684,0.0825245998787614,0.2480727672576904,0.007222858601366511,-80.84292609030089,0.156390977443609,0.55,0.5400617248673217,0.40065611621183816,0.0
1998-06-01,1998,1997,1,42,20,16,64,0.01,0.04622389003634453,0.29756720639547773,0.08854624232200885,0.25854373574256895,-0.06521795274597109,-12.31285037017139,0.024060150375939848,0.5,0.529150262212918,0.4079184349675379,0.0
1998-07-01,1998,1997,1,42,20,16,32,0.01,0.04635106399655342,0.2757098857064936,0.07601594107628776,0.23135527193546293,0.08552251336796679,-66.57702376930922,0.2421052631578947,0.7,0.7035264706814485,0.48931950623570675,0.0
1998-08-03,1998,1997,1,42,20,16,64,0.01,0.04459959641098976,0.2892542631077051,0.08366802872598146,0.24712769210338595,-0.006532676402784432,-18.562397310436186,0.1609022556390977,0.15,0.3244428422615251,0.5894331552965343,0.0
1998-09-01,1998,1997,1,42,20,16,32,0.01,0.04603545740246773,0.2729703740837941,0.07451282512744647,0.23676416873931885,0.10360511124876437,-25.578300624397144,0.40751879699248117,0.65,0.6356417261637283,0.5419999722380712,0.0
1998-10-01,1998,1997,1,42,20,16,32,0.01,0.04408653452992439,0.2812489403275461,0.07910096643536758,0.2364986583590507,0.04840942634144252,-5.537807992073738,0.20751879699248119,0.5,,0.485978377720209,0.0
1998-11-02,1998,1997,1,42,20,32,32,0.01,0.046581901609897614,0.30773517891727287,0.09470094034324596,0.2639625024795532,-0.13925943270070307,-18.56347992714018,-0.12330827067669171,0.55,0.5940885257860046,0.3187236587909534,0.0
1998-12-01,1998,1997,1,42,20,16,32,0.01,0.043495263904333115,0.2886906141950891,0.08334227072433778,0.2574800771474838,-0.002613783149928439,-40.25678925057399,0.11278195488721804,0.55,0.5345224838248488,0.3043085449124431,0.0
1999-01-04,1999,1998,1,42,20,16,64,0.01,0.04455898702144623,0.29218996544745124,0.08537497590818274,0.24656098932027817,-0.02706737934655923,-18.351517632301483,-0.06616541353383458,0.35,0.4330127018922193,0.7224308158670835,0.0
1999-02-01,1999,1998,1,42,20,16,32,0.01,0.04385121539235115,0.25347468017163177,0.06424941348811102,0.2177599200606346,0.22707472495505554,-60.193326714698436,0.5819548872180451,0.7,0.6963106238227913,0.501122275055682,0.0
1999-03-01,1999,1998,1,42,20,16,32,0.01,0.04565633088350296,0.3144754409753096,0.09889480297661545,0.2767209678888321,-0.18971191550815591,-37.82968024476935,-0.03609022556390977,0.6,0.5590169943749475,0.4887731747089321,0.0
1999-04-01,1999,1998,1,42,20,16,32,0.01,0.04555460438132286,0.293347805611107,0.08605293505685183,0.25097009152173994,-0.03522327887942045,-21.362010764528613,0.045112781954887216,0.6,0.5945883900105632,0.4678599287091521,0.0
1999-05-03,1999,1998,1,42,20,16,32,0.01,0.046198565512895584,0.3064904934586355,0.0939364225805179,0.2681903091073036,-0.13006222653254618,-52.07095497474971,-0.2556390977443609,0.75,0.5239368319955838,0.5716635955797971,0.0
1999-06-01,1999,1998,1,42,20,16,64,0.01,0.044524867087602615,0.29121043151033815,0.08480351542043736,0.2542886286973954,-0.020192666712028462,-11.054032324912832,-0.003007518796992481,0.5,0.5601120336112039,0.5388734378560538,0.0
1999-07-01,1999,1998,1,42,20,16,32,0.01,0.04424360767006874,0.30158668508105757,0.090954528618181,0.26147682815790174,-0.09418981796307957,-51.99488403877941,-0.3984962406015037,0.7,0.0,0.51449631263173,0.0
1999-08-02,1999,1998,1,42,20,16,32,0.01,0.04555048048496246,0.278341982721108,0.07747425934511759,0.24347714185714717,0.0679788349459538,-27.715800718353098,0.3278195488721804,0.6,0.6546536707079771,0.6417078222032303,0.0
1999-09-01,1999,1998,1,42,20,16,64,0.01,0.04544129595160484,0.30410509270985303,0.09247990741206831,0.26239209473133085,-0.11254023954367876,-34.77211909169241,-0.1518796992481203,0.7,0.0,0.5324095039885498,0.0
1999-10-01,1999,1998,1,42,20,16,32,0.01,0.04640844091773033,0.2979425203854679,0.08876974545364498,0.264267161488533,-0.06790671222430023,-9.910873737785401,-0.03157894736842105,0.5,0.5601120336112039,0.6630683034242031,0.0
1999-11-01,1999,1998,1,42,20,16,32,0.01,0.04609068110585213,0.29219382814745054,0.08537723320746185,0.25083876997232435,-0.02709453482660873,-37.28984901815155,0.1639097744360902,0.4,0.0,0.6397431179622316,0.0
1999-12-01,1999,1998,1,42,20,16,32,0.01,0.04216734692454338,0.29720887564898013,0.08833311576453094,0.2565709346532821,-0.0626540242349587,-16.41176488534064,0.022556390977443608,0.65,0.6513389472789296,0.670083705561055,0.0
2000-01-03,2000,1999,1,42,20,16,32,0.01,0.04429654777050018,0.2805522293682363,0.07870955340348748,0.2437455341219902,0.05311815454451163,-20.854655063934835,0.3804511278195489,0.45,0.28284271247461906,0.8338421055870968,0.0
2000-02-01,2000,1999,1,42,20,16,32,0.01,0.0439334399998188,0.30392346690048155,0.0923694737328081,0.2600795552134514,-0.11121171407889463,-15.695061667388035,-0.48779492637419375,0.1,0.0,0.4232526155681835,0.0
2000-03-01,2000,1999,1,42,20,16,32,0.01,0.04682843014597893,0.3111513352754629,0.09681515344370353,0.2638644453883171,-0.16469357526259865,-7.788146732116658,-0.3293233082706767,0.45,0.3960590171906697,0.48950854380910097,0.0
2000-04-03,2000,1999,1,42,20,16,64,0.01,0.043281037360429764,0.2911086711296815,0.08474425840688904,0.2514129921793938,-0.0194798003836274,-27.848717074042725,0.05490786398078562,0.5,0.529150262212918,0.6472280681942977,0.0
2000-05-01,2000,1999,1,42,20,16,32,0.01,0.04566411301493645,0.282104213667122,0.07958278736874522,0.24076282978057856,0.04261308428577182,-16.005226422964242,0.20601503759398496,0.6,0.5945883900105632,0.5468440809315827,0.0
2000-06-01,2000,1999,1,42,20,16,64,0.01,0.04495031386613846,0.30142054402342155,0.09085434435937541,0.2590623378753662,-0.09298459379699753,-25.24552413892254,-0.03909774436090225,0.35,0.4,0.7344754843516466,0.0
2000-07-03,2000,1999,1,42,20,16,32,0.01,0.04447505623102188,0.2939665461109354,0.08641633023239272,0.24924148917198172,-0.039594950164122844,-53.879112132313125,-0.16378768297156154,0.45,0.0,0.683106629628875,0.0
2000-08-01,2000,1999,1,42,20,16,32,0.01,0.043875500559806824,0.30918558239269617,0.09559572435951072,0.2660952013731003,-0.15002375169336202,-20.278371465106407,-0.15488721804511277,0.55,0.5504818825631803,0.5805381373079384,0.0
2000-09-01,2000,1999,1,42,20,16,32,0.01,0.04482387751340866,0.28795506326294246,0.08291811845876518,0.2421125221252442,0.00248880049605793,-12.942143169586647,0.16992481203007515,0.6,0.5773502691896257,0.43825193568742626,0.0
2000-10-02,2000,1999,1,42,20,16,64,0.01,0.04475294053554535,0.3157585694430004,0.09970347417669012,0.27020754575729367,-0.19944029084739978,-11.606218843743562,-0.09473684210526315,0.5,0.0,0.495109631338885,0.0
2000-11-01,2000,1999,1,42,20,16,64,0.01,0.04399547353386879,0.2980639590323268,0.08884212367402458,0.2602904778718948,-0.06877742765743866,-17.164039265539092,-0.05714285714285714,0.55,0.3178208630818641,0.44974752151410236,0.0
2000-12-01,2000,1999,1,42,20,16,32,0.01,0.04424634948372841,0.3017234678463655,0.09103705104923676,0.2487282884120941,-0.09518256901337452,-26.67160560293957,0.004511278195488721,0.45,0.4242640687119285,0.42811741849109675,0.0
2001-01-02,2001,2000,1,42,20,16,64,0.01,0.04371039569377899,0.29600161417691,0.0876169555953363,0.2533231046795845,-0.05403856355291792,-7.338927429595559,0.34586466165413526,0.5,0.0,0.5289256917576753,0.0
2001-02-01,2001,2000,1,42,20,16,32,0.01,0.042267389595508575,0.2930704843076538,0.08589030877232276,0.23854805499315263,-0.03326687244899551,-15.102957659912072,0.12030075187969923,0.65,0.6567895774291853,0.5335801046878859,0.0
2001-03-01,2001,2000,1,42,20,16,64,0.01,0.04423513263463974,0.33571026861711084,0.11270138445497273,0.290209512412548,-0.355806128781627,-17.405059280636692,-0.6,0.7,0.0,0.5246067029726554,0.0
2001-04-02,2001,2000,1,42,20,16,64,0.01,0.04448525980114937,0.31660408246614574,0.10023814503423001,0.2725866910815239,-0.2058724214644212,-8.522028829655595,-0.3398496240601503,0.25,0.25,0.605275730084567,0.0
2001-05-01,2001,2000,1,42,20,16,32,0.01,0.042573850601911545,0.3062337913998323,0.093779134995116,0.27337163537740705,-0.12817004505402707,-145.46804257570804,0.04360902255639097,0.35,0.25,0.4368348326277693,0.0
2001-06-01,2001,2000,1,42,20,16,32,0.01,0.04081442579627037,0.3073591546143402,0.0944696499252419,0.25160351485013965,-0.13647699158185755,-55.92087214381713,0.07532970043688174,0.55,0.5318160234783105,0.4580408934724784,0.0
2001-07-02,2001,2000,1,42,20,16,32,0.01,0.04106587916612625,0.26860251803784396,0.0721473126962703,0.23891202926635743,0.1320624036538912,-49.919316943823674,0.5353383458646617,0.6,0.6030226891555273,0.5783221667414182,0.0
2001-08-01,2001,2000,1,42,20,16,32,0.01,0.04365358501672745,0.3411188685048693,0.11636208245004231,0.27164827853441237,-0.3998446009027645,-29.0219409018516,-0.1969924812030075,0.4,0.0,0.610514120155665,0.0
2001-09-04,2001,2000,1,42,20,16,32,0.01,0.04384938254952431,0.28833769953511235,0.08313862897320072,0.24749263644218442,-0.000163957572339557,-25.256198565030704,0.11127819548872178,0.6,0.45643546458763845,0.6033870857300901,0.0
2001-10-01,2001,2000,1,42,20,16,64,0.01,0.04413602128624916,0.2810723196822554,0.07900164889156397,0.24392868280410768,0.04960422386088459,-10.747266063521684,0.78796992481203,0.35,0.2672612419124244,0.5879442443551746,0.0
2001-11-01,2001,2000,1,42,20,16,64,0.01,0.043277040123939514,0.2924011020503177,0.08549840448024032,0.2560286596417427,-0.028552234348755645,-20.232640752938106,0.05563909774436089,0.35,0.25677629550654774,0.605602078182885,0.0
2001-12-03,2001,2000,1,42,20,16,32,0.01,0.04512261971831322,0.3637605478526921,0.13232173617409068,0.302150032222271,-0.5918404351770308,-88.18222365328678,0.12481203007518797,0.65,0.6614378277661477,0.4299887631173857,0.0
2002-01-02,2002,2001,1,42,20,16,32,0.01,0.0453961156308651,0.2887244261043259,0.08336179422927237,0.2528548359870911,-0.0028486523822239818,-88.03449103535037,-0.05263157894736842,0.4,0.4225771273642583,0.7268058761003586,0.0
2002-02-01,2002,2001,1,42,20,16,32,0.01,0.0459776446223259,0.28017676430574556,0.07849901925683729,0.24136322140693664,0.055650896158348284,-32.766282824929206,0.5218045112781955,0.5,0.4803844614152614,0.4978848552295836,0.0
2002-03-01,2002,2001,1,42,20,16,32,0.01,0.04505205526947975,0.2832446658464943,0.08022754073049222,0.24320658713579174,0.03485665286625905,-63.07099722780137,0.1413533834586466,0.4,0.40201512610368484,0.6874643754979305,0.0
2002-04-01,2002,2001,1,42,20,16,64,0.01,0.044183243066072464,0.2969443584283403,0.08817595200241865,0.2540043532848358,-0.060763332359923705,-20.54700467706747,0.030075187969924807,0.85,0.0,0.4346289532223527,0.0
2002-05-01,2002,2001,1,42,20,16,32,0.01,0.04527556896209717,0.2941500990038661,0.08652428074398422,0.25909499943256376,-0.04089360293514832,-88.75442907825276,-0.013533834586466165,0.45,0.408248290463863,0.6305188026375969,0.0
2002-06-03,2002,2001,1,42,20,16,32,0.01,0.046460624784231186,0.3142901960258897,0.09877832731799219,0.26516488403081895,-0.18831070457734977,-29.675604553310887,-0.41353383458646614,0.15,0.0,0.68463032315517,0.0
2002-07-01,2002,2001,1,42,20,16,32,0.01,0.0450911745429039,0.2799761265143625,0.07838663141798631,0.24296124428510663,0.05700293030993908,-42.28020818553949,0.26766917293233083,0.4,0.4225771273642583,0.675074096037559,0.0
2002-08-01,2002,2001,1,42,20,16,64,0.01,0.0448153018951416,0.29697826344850026,0.08819608896088683,0.256706266105175,-0.06100558148435287,-27.72770872072964,-0.15488721804511277,0.3,0.2581988897471611,0.692897404926635,0.0
2002-09-03,2002,2001,1,42,20,16,32,0.01,0.04619836062192917,0.2865422596173111,0.08210646654659454,0.2515588653087616,0.012253034025930476,-30.249890524778866,0.2541353383458646,0.7,0.5048781642974013,0.5762697225422715,0.0
2002-10-01,2002,2001,1,42,20,16,64,0.01,0.0457766056060791,0.280205989517709,0.07851539656159842,0.2456046861410141,0.05545387595069562,-8.664370377868067,0.28421052631578947,0.5,0.529150262212918,0.8561007386276087,0.0
2002-11-01,2002,2001,1,42,20,16,32,0.01,0.044522397220134735,0.2945279491866314,0.08674671285208294,0.2530019336938859,-0.043569477919794375,-24.669288778231667,-0.048120300751879695,0.5,0.5,0.599195151401182,0.0
2002-12-02,2002,2001,1,42,20,16,32,0.01,0.046369317919015884,0.2883206849994969,0.08312881739857914,0.25000000000000006,-4.592359192923112e-05,-40.192056568260696,,0.15,0.0,0.4599411993255962,0.0
2003-01-02,2003,2002,1,42,20,16,32,0.01,0.043605972081422806,0.31856816814597055,0.10148567775587938,0.2714085453748703,-0.2208803339053158,-117.80130975111959,-0.14586466165413534,0.0,,0.8922588725391951,0.0
2003-02-03,2003,2002,1,42,20,16,64,0.01,0.04428564012050629,0.28974559752580104,0.08395251128558348,0.24794880747795106,-0.009955022984462714,-84.36245218712209,0.34736842105263155,0.8,0.0,0.5277692938059937,0.0
2003-03-03,2003,2002,1,42,20,16,64,0.01,0.04462773725390434,0.30622389160379915,0.09377307178897533,0.25826261937618256,-0.12809710422827458,-72.36350592662473,-0.022556390977443608,0.35,0.4330127018922193,0.5952948623767783,0.0
2003-04-01,2003,2002,1,42,20,16,64,0.01,0.044065337628126144,0.29909957363627104,0.08946055494939914,0.25913304388523095,-0.0762172023987866,-24.705723814893325,-0.04360902255639097,0.25,0.30618621784789724,0.6704424916661803,0.0
2003-05-01,2003,2002,1,42,20,16,64,0.01,0.04504324868321419,0.30434760673877725,0.0926274657276214,0.2596699994802475,-0.11431537717439255,-44.550676549810774,-0.10676691729323308,0.35,0.0,0.5046886763298745,0.0
2003-06-02,2003,2002,1,42,20,16,64,0.01,0.04604382440447807,0.2847833359064975,0.081101548410033,0.246140718460083,0.0243422747665204,-67.96446487099077,0.3157894736842105,0.6,0.0,0.3668296952238093,0.0
2003-07-01,2003,2002,1,42,20,16,32,0.01,0.044644296169281006,0.3047600343480325,0.09287867853581394,0.24698242396116257,-0.11733748614512995,-51.01233686716195,-0.09022556390977443,0.45,0.4564354645876384,0.32898694716997773,0.0
2003-08-01,2003,2002,1,42,20,16,32,0.01,0.04438532143831253,0.3046569878410176,0.09281588024036194,0.26928494215011595,-0.11658201792916634,-103.94479857938327,0.04210526315789473,0.7,0.7035264706814485,0.37879442434719246,0.0
2003-09-02,2003,2002,1,42,20,16,32,0.01,0.04452144354581833,0.2967228018291861,0.08804442112536245,0.24944114387035365,-0.0591810060193978,-150.55409474611702,0.15939849624060148,0.45,0.4447495899966607,0.6876068022672644,0.0
2003-10-01,2003,2002,1,42,20,16,32,0.01,0.04311925172805786,0.2851100857977697,0.08128776102361161,0.24925749152898793,0.022102123024220988,-67.4118760373804,0.16541353383458643,0.65,0.6546536707079772,0.682491141188855,0.0
2003-11-03,2003,2002,1,42,20,16,32,0.01,0.043860215693712234,0.3125252702853355,0.097672044566922,0.26762401849031453,-0.17500203990282093,-209.04342802657183,-0.2150375939849624,0.35,0.3535533905932738,0.539386637906763,0.0
2003-12-01,2003,2002,1,42,20,16,64,0.01,0.04591817036271095,0.3045658203184271,0.09276033890623643,0.26487100720405576,-0.11591385150359645,-35.422169191304796,-0.2270676691729323,0.3,0.42008402520840293,0.5200304272269498,0.0
2004-01-02,2004,2003,1,42,20,16,32,0.01,0.04494018107652664,0.3113989799180302,0.0969693246939898,0.2551685824990272,-0.16654826699536596,-158.85994111200077,-0.09624060150375939,0.3,0.0,0.551470632016588,0.0
2004-02-02,2004,2003,1,42,20,32,32,0.01,0.046691473573446274,0.31067208156158604,0.09651714226180876,0.267562972009182,-0.1611084783375487,-172.16044357779646,-0.07368421052631578,0.5,0.4193139346887673,0.3914326025925373,0.0
2004-03-01,2004,2003,1,42,20,16,32,0.01,0.04500771313905716,0.30010255667267777,0.09006154452147777,0.25674768805503845,-0.0834471521380784,-150.42295329097882,-0.08120300751879699,0.4,0.4,0.4905867762115935,0.0
2004-04-01,2004,2003,1,42,20,16,32,0.01,0.04490212723612785,0.288314085418868,0.08312501185091832,0.25,-1.425674382993236e-07,-135.38215665341605,,0.45,0.0,0.5210798003289424,0.0
2004-05-03,2004,2003,1,42,20,16,32,0.01,0.04547470808029175,0.31625309441425686,0.10001601972659288,0.2827489396929741,-0.20320023731239556,-203.95102916819494,-0.28721804511278193,0.4,0.3535533905932738,0.46619209585803884,0.0
2004-06-01,2004,2003,1,42,20,16,32,0.01,0.04486886411905289,0.27256351307039794,0.07429086865727698,0.23419167697429652,0.10627526427335965,-167.0073386268532,0.5554756530981174,0.65,0.6324555320336759,0.5576380411245616,0.0
2004-07-01,2004,2003,1,42,20,16,32,0.01,0.04469728097319603,0.2755311288611482,0.07591740297149865,0.2425520285964012,0.08670793417745992,-89.03091284943638,0.5157894736842105,0.65,0.5741692517632145,0.47457769139665956,0.0
2004-08-02,2004,2003,1,42,20,16,32,0.01,0.044592272490262985,0.2815785173198587,0.07928646141604997,0.2395682886242867,0.0461779077768425,-87.27931350391668,0.33533834586466166,0.55,0.5741692517632146,0.5868017489464105,0.0
2004-09-01,2004,2003,1,42,20,16,32,0.01,0.045299675315618515,0.3010222366984803,0.09061438698695592,0.25932599604129786,-0.0900978885648831,-57.312684457498435,-0.004511278195488721,0.45,0.44946657497549475,0.5837964712145433,0.0
2004-10-01,2004,2003,1,42,20,16,32,0.01,0.04547351226210594,0.29594363532124185,0.0875826352871522,0.24999358326196677,-0.053625687664988986,-136.81045717592406,-0.016541353383458645,0.55,0.5504818825631803,0.5078928092069027,0.0
2004-11-01,2004,2003,1,42,20,16,32,0.01,0.046158336102962494,0.25751058478134126,0.06631170127442834,0.2153614413738251,0.20226524782642585,-171.77001161440663,0.5383458646616541,0.75,0.7237468644557459,0.5216576711382523,0.0
2004-12-01,2004,2003,1,42,20,16,32,0.01,0.0440867654979229,0.27725114352634733,0.07686819658666724,0.23811464458703996,0.07526981549874023,-136.57071512141957,0.14736842105263157,0.55,0.4898979485566356,0.5707405479828271,0.0
2005-01-03,2005,2004,1,42,20,16,32,0.01,0.045628853142261505,0.28525783937189564,0.08137203492312221,0.2464773252606392,0.021088301676725374,-110.7353599583631,0.09924812030075188,0.35,0.3651483716701107,0.49535952202864036,0.0
2005-02-01,2005,2004,1,42,20,16,32,0.01,0.04557814076542854,0.26422764715204355,0.06981624951950482,0.2186393290758133,0.16010526893828791,-64.65303300223167,0.4676691729323308,0.7,0.6928203230275509,0.5061151732671926,0.0
2005-03-01,2005,2004,1,42,20,16,64,0.01,0.043957583606243134,0.30208614148373286,0.09125603687652986,0.2608186063170433,-0.09781698498081037,-73.3938510577387,0.18646616541353384,0.8,0.0,0.6094626653926125,0.0
2005-04-01,2005,2004,1,42,20,16,32,0.01,0.04560040310025215,0.2887826571038491,0.08339542304395928,0.2505450114607811,-0.0032532095513897463,-78.76853186767323,0.12932330827067667,0.45,0.28867513459481287,0.5930659887232959,0.0
2005-05-02,2005,2004,1,42,20,16,64,0.01,0.04608546197414398,0.2939090760853915,0.08638254500536847,0.2535983023047447,-0.03918851134277879,-69.05469323580847,0.15939849624060148,0.25,0.25,0.47794328755330384,0.0
2005-06-01,2005,2004,1,42,20,16,32,0.01,0.044796422123909,0.30111528851872355,0.09067041697971413,0.26123132526874543,-0.0907719335905457,-199.03535162140219,-0.15037593984962402,0.55,0.4898979485566356,0.5368857840410161,0.0
2005-07-01,2005,2004,1,42,20,16,32,0.01,0.04575736075639725,0.3061482595305031,0.0937267568135563,0.26307461559772494,-0.12753993159165478,-126.01357086353062,-0.25864661654135335,0.4,0.0,0.60085838256522,0.0
2005-08-01,2005,2004,1,42,20,16,64,0.01,0.044519949704408646,0.30103627239399555,0.09062283729687187,0.25920791745185856,-0.0901995464285339,-124.05712553048743,-0.22710998958306755,0.7,0.0,0.38432442067825084,0.0
2005-09-01,2005,2004,1,42,20,16,32,0.01,0.0453399233520031,0.2782201828800312,0.077406470161798,0.23991785943508148,0.06879434391821959,-256.85714313659787,0.31729323308270674,0.55,0.5477225575051661,0.5332276209394993,0.0
2005-10-03,2005,2004,1,42,20,16,64,0.01,0.04433838650584221,0.31243246090416577,0.09761404262663306,0.2722564092278481,-0.17430427220009714,-46.0267167077068,-0.015037593984962403,0.4,0.0,0.4944144644126202,0.0
2005-11-01,2005,2004,1,42,20,16,64,0.01,0.04314437136054039,0.2914829107429035,0.08496228725515546,0.2540828138589859,-0.022102703821419212,-54.599546315369054,-0.20830336991179405,0.7,0.0,0.45271637164153133,0.0
2005-12-01,2005,2004,1,42,20,16,64,0.01,0.043249715119600296,0.2850311928961219,0.08124278092378626,0.25074184238910674,0.022643237007082928,-118.19982666419722,0.1819548872180451,0.65,0.4,0.6483185763717351,0.0
2006-01-03,2006,2005,1,42,20,16,32,0.01,0.04421145096421242,0.2807964436425998,0.07884664276233175,0.24602858871221547,0.051468959250144275,-64.97010512587109,0.2300751879699248,0.65,0.5741692517632145,0.5515271780092245,0.0
2006-02-01,2006,2005,1,42,20,32,32,0.01,0.04514152556657791,0.2642777288768214,0.06984271798029071,0.2162287545204163,0.15978685136492388,-235.70893136996273,0.42556390977443603,0.65,0.6454972243679028,0.4723177172031136,0.0
2006-03-01,2006,2005,1,42,20,16,32,0.01,0.042618658393621445,0.2737818431104023,0.07495649761692895,0.24201400130987163,0.09826769784145617,-262.69299143781376,0.34285714285714286,0.55,0.5477225575051661,0.5882190875837681,0.0
2006-04-03,2006,2005,1,42,20,16,32,0.01,0.0459488220512867,0.3063575927861741,0.09385497465773926,0.2644200292229652,-0.1290824018976151,-98.55890882569813,0.030075187969924807,0.6,0.5945883900105632,0.8039694420495314,0.0
2006-05-01,2006,2005,1,42,20,16,32,0.01,0.04473770409822464,0.3060790281005034,0.09368437144294875,0.265465460717678,-0.12703003239637578,-140.44654125939815,-0.12481203007518797,0.45,0.4898979485566356,0.6348961161446917,0.0
2006-06-01,2006,2005,1,42,20,16,32,0.01,0.043093226850032806,0.30791410774574335,0.09481109774885724,0.2553009620308876,-0.14058463457271841,-246.24665639441798,0.04060150375939849,0.65,0.6324555320336759,0.4942728621040018,0.0
2006-07-03,2006,2005,1,42,20,16,64,0.01,0.0451136976480484,0.3012919696090084,0.09077685095087565,0.26507043093442917,-0.09205234226617298,-74.32050854930527,-0.3444904342904084,0.35,0.36313651960128146,0.5758923059169696,0.0
2006-08-01,2006,2005,1,42,20,16,64,0.01,0.04555048421025276,0.2810807468257186,0.07900638623610372,0.24327572882175447,0.049547233249879974,-38.141244520708874,0.3804511278195489,0.75,0.46770717334674267,0.6947943885467034,0.0
2006-09-01,2006,2005,1,42,20,16,64,0.01,0.04589188098907471,0.30119877583747984,0.09072070256599643,0.25663156509399415,-0.09137687297439312,-153.22191635911148,-0.3443609022556391,0.1,0.0,0.5575425710317004,0.0
2006-10-02,2006,2005,1,42,20,16,32,0.01,0.04487999901175499,0.28819397997265744,0.08305577009248048,0.2519295033812523,0.0008328409927161884,-101.8295512069034,0.12330827067669171,0.6,0.464420364012824,0.5990728129279297,0.0
2006-11-01,2006,2005,1,42,20,16,32,0.01,0.04501529410481453,0.30298420623823413,0.09179942922981278,0.2585667669773102,-0.10435403584737157,-108.62266618634042,-0.26917293233082706,0.4,0.39528470752104744,0.5409969395211673,0.0
2006-12-01,2006,2005,1,42,20,16,32,0.01,0.04170011729001999,0.27873891093621705,0.07769538046990834,0.25107468068599703,0.0653187311890725,-134.61974478465046,0.2556390977443609,0.7,0.5656854249492381,0.3138387964780568,0.0
2007-01-03,2007,2006,1,42,19,16,64,0.01,0.04518488049507141,0.29109585613044936,0.08473679745631928,0.2626611601117575,-0.019666129391041842,-197.40009645459497,0.1318439077636694,0.47368421052631576,0.4767312946227962,0.8569983482999184,0.0
2007-02-01,2007,2006,1,42,19,16,32,0.01,0.04550324007868767,0.2882819998305766,0.08310651142631659,0.24941298357337469,-4.835416334314502e-05,-156.6178723723475,,0.05263157894736842,0.0,0.5300588467386141,0.0
2007-03-01,2007,2006,1,42,20,16,32,0.01,0.04466600716114044,0.3359373869884343,0.11285392797661706,0.2653582522273064,-0.35764123881644605,-223.3846736404399,-0.24812030075187969,0.55,0.49236596391733095,0.36628966605306623,0.0
2007-04-02,2007,2006,1,42,20,16,32,0.01,0.04361351206898689,0.25169533626437884,0.06335054229723873,0.211841821372509,0.23788821296554907,-59.76093212631948,0.6045112781954887,0.4,0.6069769786668839,0.39945363437087306,0.0
2007-05-01,2007,2006,1,42,20,32,32,0.01,0.04476867988705635,0.36946681362705586,0.1365057263717296,0.30507706075906754,-0.6421741518403563,-132.91039138037624,-0.47518796992481205,0.4,0.37047928681747416,0.40937758263671875,0.0
2007-06-01,2007,2006,1,42,20,16,32,0.01,0.04490600898861885,0.3338614707160225,0.11146348162866555,0.27849455177783966,-0.34091406470575114,-155.75648790247493,-0.38947368421052625,0.35,0.2672612419124244,0.4260866827380884,0.0
2007-07-02,2007,2006,1,42,20,16,64,0.01,0.04613180831074715,0.31710775622089715,0.10055732905545192,0.2771836784482002,-0.20971222923851918,-80.63217288428007,-0.2526315789473684,0.6,0.0,0.3692449317912659,0.0
2007-08-01,2007,2006,1,42,20,16,64,0.01,0.0447256974875927,0.3062287269707928,0.09377603322215235,0.2566787704825401,-0.1281327304920583,-95.97949852646225,-0.08270676691729321,0.25,0.0,0.38878428678990196,0.0
2007-09-04,2007,2006,1,42,20,16,32,0.01,0.04363304004073143,0.3113686985250528,0.0969504664211852,0.2772613525390625,-0.1663214005556113,-119.58028502404696,-0.07368421052631578,0.5,0.4364357804719847,0.3230259205502879,0.0
2007-10-01,2007,2006,1,42,20,16,64,0.01,0.04444480314850807,0.3061252914599271,0.09371269407142532,0.26097965836524967,-0.12737075574647005,-34.60893941916706,-0.27518796992481204,0.5,0.4605661864718383,0.3397018211721401,0.0
2007-11-01,2007,2006,1,42,20,16,32,0.01,0.04292451590299606,0.29840401226215757,0.08904495453415388,0.2426129561662674,-0.0712174981552347,-73.31500639698774,0.27368421052631575,0.6,0.5945883900105632,0.4387700168160716,0.0
2007-12-03,2007,2006,1,42,20,16,32,0.01,0.043235279619693756,0.29648211211998654,0.08790164280712828,0.2513398897647858,-0.05746337211582886,-124.679906433088,0.024060150375939848,0.55,0.529150262212918,0.655996221251562,0.0
2008-01-02,2008,2007,1,42,20,16,32,0.01,0.044789448380470276,0.24598419556384105,0.060508224467189994,0.192735570371151,0.27208151016914295,-29.707243305133044,0.5323308270676691,0.5,0.529150262212918,0.6411826849226516,0.0
2008-02-01,2008,2007,1,42,20,16,32,0.01,0.0433085635304451,0.3304437723154894,0.109193086662091,0.28992498368024827,-0.3136010425514706,-39.24261568024307,-0.30526315789473685,0.45,0.3535533905932738,0.5848192499598104,0.0
2008-03-03,2008,2007,1,42,20,16,32,0.01,0.043705057352781296,0.30370529592952683,0.09223690677564148,0.2562654882669449,-0.10961692361673947,-52.56756903568805,-0.07773640253954633,0.45,0.4330127018922193,0.5163011973791135,0.0
2008-04-01,2008,2007,1,42,20,16,32,0.01,0.043170154094696045,0.32326278741868025,0.10449882972969485,0.27183131873607635,-0.2571287787030958,-35.79136637246052,-0.03157894736842105,0.45,0.4330127018922193,0.3167120477450084,0.0
2008-05-01,2008,2007,1,42,20,16,32,0.01,0.04431941360235214,0.3294646378441377,0.10854694758976882,0.28791049093008036,-0.3058279409295497,-41.82743054107348,-0.44360902255639095,0.5,0.34641016151377546,0.5870738326246657,0.0
2008-06-02,2008,2007,1,42,20,16,64,0.01,0.04367504641413689,0.2983725511403471,0.08902617927399904,0.25679397851228714,-0.070991630363898,-19.79665295109121,-0.24962406015037594,0.85,0.0,0.4447011483475456,0.0
2008-07-01,2008,2007,1,42,20,16,32,0.01,0.04364114627242088,0.24906501423905747,0.062033381317901905,0.21693838477134708,0.2537337585816313,-19.754675781862943,0.5052631578947367,0.65,0.6513389472789296,0.47029596643045535,0.0
2008-08-01,2008,2007,1,42,20,16,32,0.01,0.04354061558842659,0.29677935959265606,0.08807798828022705,0.2564587965607643,-0.05958482141626509,-65.708897756519,-0.2688240693024065,0.6,0.3476767476825577,0.5906043464159337,0.0
2008-09-02,2008,2007,1,42,20,16,32,0.01,0.043662507086992264,0.29452380359469466,0.08674427088388628,0.24815706461668013,-0.04354010085878257,-6.451827847461876,-0.12932330827067667,0.55,0.3450327796711771,0.6132428023730359,0.0
2008-10-01,2008,2007,1,42,20,16,32,0.01,0.042085688561201096,0.31415481404732476,0.09869324718910921,0.2752199324965477,-0.1872871842298851,-10.834749150251831,-0.11578947368421053,0.3,,0.7234994072781544,0.0
2008-11-03,2008,2007,1,42,20,16,32,0.01,0.045630715787410736,0.29610523486471174,0.08767831011428609,0.2589085429906845,-0.054776663029005634,-15.911182983851248,-0.07218045112781954,0.3,0.32659863237109044,0.6283078994074787,0.0
2008-12-01,2008,2007,1,42,20,16,32,0.01,0.0445588082075119,0.3107402026650488,0.09655947355231562,0.2635777503252029,-0.16161772694515042,-20.103806495247348,-0.11056789048185597,0.6,0.0,0.41580202037706104,0.0
2009-01-02,2009,2008,1,42,19,16,64,0.01,0.043699074536561966,0.29845665021683193,0.08907637205865238,0.25799440858766975,-0.07188567710578364,-14.542291497198464,-0.07543859649122807,0.47368421052631576,0.0,0.831049959804548,0.0
2009-02-02,2009,2008,1,42,19,16,32,0.01,0.046721044927835464,0.30694399882094625,0.09421461841219304,0.26013575176452997,-0.13371590822672297,-19.62888062437183,-0.07543859649122807,0.6842105263157895,0.5940885257860046,0.41378784066243707,0.0
2009-03-02,2009,2008,1,42,19,16,32,0.01,0.04564398154616356,0.2672341452662444,0.0714140883961802,0.22759394343539951,0.1406504696326315,-4.37046554727076,0.40989229793499754,0.5263157894736842,,0.7084981646531131,0.0
2009-04-01,2009,2008,1,42,19,16,32,0.01,0.0446641705930233,0.2943613695112691,0.08664861586054991,0.25332924525493394,-0.04267167752195067,-11.924173791277585,0.22456140350877193,0.5789473684210527,0.5838742081211422,0.4623162052194353,0.0
2009-05-01,2009,2008,1,42,19,16,64,0.01,0.045051757246255875,0.29445713568181925,0.08670500475394131,0.2565805154163751,-0.04335022387242726,-19.887352384903622,0.01754385964912281,0.42105263157894735,0.5,0.6552377070469889,0.0
2009-06-01,2009,2008,1,42,19,16,64,0.01,0.04753543809056282,0.30646427799285914,0.09392035368568444,0.25357201026747433,-0.13017492268440312,-50.8864661214448,0.2912280701754386,0.5789473684210527,0.0,0.32793664469287465,0.0
2009-07-01,2009,2008,1,42,19,16,32,0.01,0.04510359466075897,0.30190633924237004,0.091147437674729,0.2665239414845147,-0.09680750001923899,-23.765180884243343,0.10175438596491228,0.2631578947368421,0.3429971702850177,0.6753374815373836,0.0
2009-08-03,2009,2008,1,42,19,16,32,0.01,0.04614583030343056,0.3106581555544872,0.09650848961251597,0.25118465057040185,-0.16131882500394235,-139.3253976551563,-0.054869405218871126,0.5263157894736842,0.48304589153964794,0.5960721880823034,0.0
2009-09-01,2009,2008,1,42,19,16,32,0.01,0.04576463624835014,0.2943053380811942,0.08661563202308602,0.2495061366346735,-0.042274772011135164,-29.479848299848022,-0.12105263157894736,0.3684210526315789,0.408248290463863,0.4768235106831803,0.0
2009-10-01,2009,2008,1,42,19,16,64,0.01,0.0458073653280735,0.31743688274987225,0.10076617452995613,0.2692995475104641,-0.2125529668438053,-47.997001813610865,-0.36315789473684207,0.21052631578947367,0.0,0.6934799506691415,0.0
2009-11-02,2009,2008,1,42,19,16,32,0.01,0.044654108583927155,0.30712566354397736,0.09432617320732838,0.24575502002338295,-0.13505828426151822,-70.17884595517867,-0.14385964912280702,0.5263157894736842,0.0,0.641339187477376,0.0
2009-12-01,2009,2008,1,42,19,16,32,0.01,0.04505395516753197,0.28705068194208094,0.0823980940034137,0.25671500586736895,0.008476268825588495,-149.00804728571921,0.1719298245614035,0.5263157894736842,0.5163977794943222,0.47824451218752273,0.0
2010-01-04,2010,2009,1,42,20,16,64,0.01,0.04427435249090195,0.2962692144746238,0.08777544744541063,0.2552298825979233,-0.055945232425992364,-46.9755152370926,0.03609022556390977,0.75,0.5239368319955838,0.7922355201851278,0.0
2010-02-01,2010,2009,1,42,20,16,32,0.01,0.045893240720033646,0.2844005679228093,0.08088368303481648,0.21673723340034484,0.026963211611230387,-204.93041406114634,0.23308270676691725,0.5,0.4605661864718383,0.45048390608270383,0.0
2010-03-01,2010,2009,1,42,20,16,64,0.01,0.043757643550634384,0.2932068602817176,0.08597026291626268,0.2543389230966568,-0.034228726812182586,-49.38555076467798,0.11278195488721804,0.3,0.42008402520840293,0.6429759281937999,0.0
2010-04-01,2010,2009,1,42,20,16,32,0.01,0.04413914307951927,0.3139081453070108,0.09853832369008739,0.2855811461806298,-0.1854234428882695,-107.05723005864628,-0.3278195488721804,0.15,0.0,0.5753738511096542,0.0
2010-05-03,2010,2009,1,42,20,16,32,0.01,0.043657489120960236,0.26909120161710526,0.07241007478773759,0.23157091528177265,0.12890135593699148,-33.41514226623356,0.4451127819548871,0.65,,0.5262147303084586,0.0
2010-06-01,2010,2009,1,42,20,16,32,0.01,0.0415358729660511,0.27759438355265376,0.07705864177997784,0.23131524473428727,0.07297874550402583,-101.98479871937907,0.14436090225563908,0.3,0.3960590171906697,0.4582369112981752,0.0
2010-07-01,2010,2009,1,42,20,16,64,0.01,0.04398084804415703,0.29002786067429864,0.0841161599673104,0.25064177215099337,-0.011923728930049782,-25.17623946391934,0.06917293233082707,0.15,0.0,0.5083000883773297,0.0
2010-08-02,2010,2009,1,42,20,16,32,0.01,0.0437433086335659,0.29424827406397847,0.08658204678963019,0.24873893827199942,-0.041588532807581347,-42.61286541815847,0.12781954887218044,0.45,0.5239368319955838,0.589736771098993,0.0
2010-09-01,2010,2009,1,42,20,16,32,0.01,0.04381430149078369,0.32074243745761377,0.10287571118625127,0.2727628812193871,-0.23760254058648145,-43.94948001587723,-0.23308270676691725,0.65,0.0,0.4040793170194595,0.0
2010-10-01,2010,2009,1,42,20,16,64,0.01,0.04385944455862045,0.3092661633855189,0.09564555981519847,0.2630990266799927,-0.15062327597231273,-49.00592252719017,-0.30225563909774433,0.35,0.3429971702850177,0.2934074149894583,0.0
2010-11-01,2010,2009,1,42,20,16,32,0.01,0.04473323002457619,0.2683783818252411,0.07202695583113491,0.23736295998096466,0.1335103057908581,-94.00181866316674,0.3744360902255639,0.6,0.6172133998483676,0.27658385195990376,0.0
2010-12-01,2010,2009,1,42,20,16,64,0.01,0.04238426312804222,0.28185496651145064,0.07944222214717098,0.2440620020031929,0.0443040944701234,-36.134786047672556,0.22857142857142856,0.8,0.5423261445466404,0.4880633475639724,0.0
2011-01-03,2011,2010,1,42,20,16,32,0.01,0.04371223598718643,0.31140312267856296,0.09697190481396013,0.2627582257986069,-0.16657930603260307,-123.68387856542446,-0.03909774436090225,0.45,0.3818813079129867,0.8093457245603248,0.0
2011-02-01,2011,2010,1,42,20,16,32,0.01,0.045166101306676865,0.2838061503217571,0.08054593096045579,0.24360270321369173,0.03102639446068234,-212.40762296455952,0.2421052631578947,0.55,0.554700196225229,0.46605589765427985,0.0
2011-03-01,2011,2010,1,42,20,16,32,0.01,0.04205155000090599,0.2935147149569759,0.0861508878962748,0.2636416059732437,-0.03640165890255398,-215.6856058386249,0.0706766917293233,0.35,0.24618298195866548,0.42030343642800866,0.0
2011-04-01,2011,2010,1,42,20,16,64,0.01,0.04275507479906082,0.2879196665922123,0.08289773441057069,0.24351665377616888,0.002734022128472957,-54.16807309570873,0.07368421052631578,0.45,0.5163977794943222,0.4907747801286233,0.0
2011-05-02,2011,2010,1,42,20,16,32,0.01,0.041801515966653824,0.2737008100520286,0.07491213342313666,0.23444222331047054,0.09880140242843116,-266.58818470263634,0.42105263157894735,0.5,0.5345224838248488,0.4634217543499368,0.0
2011-06-01,2011,2010,1,42,20,16,32,0.01,0.04620560631155968,0.30202608440748113,0.09121975566251493,0.2537198066711426,-0.09738051924830016,-405.75283562180664,-0.09774436090225563,0.55,0.0,0.765594531528489,0.0
2011-07-01,2011,2010,1,42,20,16,32,0.01,0.04308900982141495,0.31385861453815656,0.09850722991981113,0.26329773008823393,-0.18504938249396852,-72.73735578471285,-0.22105263157894736,0.2,0.25,0.4676280086721788,0.0
2011-08-01,2011,2010,1,42,20,16,64,0.01,0.04221583530306816,0.265105082537752,0.0702807047873483,0.2258352574706078,0.15451783714468215,-37.27598888848425,0.7669172932330827,0.95,0.8944271909999159,0.9525221416738876,0.0
2011-09-01,2011,2010,1,42,20,16,64,0.01,0.04505538567900658,0.2885195465860813,0.08324352876223795,0.24983076155185696,-0.001425909921659585,-47.417947510322506,0.3779644730092272,0.25,0.0,0.4666684418706162,0.0
2011-10-03,2011,2010,1,42,20,16,32,0.01,0.042635925114154816,0.2867202232579725,0.08220848642510159,0.24999987185001374,0.011025727216823045,-5.365571439151685,0.13030676964644583,0.75,,0.4779255405760912,0.0
2011-11-01,2011,2010,1,42,20,16,64,0.01,0.04412223771214485,0.30028354803281837,0.09017020921917794,0.2600447773933411,-0.08475439662168949,-99.83304863177428,-0.3669172932330827,0.3,0.2344036154692477,0.4890643480538618,0.0
2011-12-01,2011,2010,1,42,20,16,32,0.01,0.0459565706551075,0.27050357311584355,0.07317218306843852,0.24253445565700532,0.11973313601878477,-50.64446344820386,0.34736842105263155,0.55,0.6110100926607787,0.385036145371599,0.0
2012-01-03,2012,2011,1,42,20,16,32,0.01,0.04310565069317818,0.28943073710182093,0.0837701515793034,0.239879238307476,-0.007761222006657409,-70.55455446857754,0.07218045112781954,0.6,0.6030226891555273,0.9155475536278405,0.0
2012-02-01,2012,2011,1,42,20,16,32,0.01,0.04368242621421814,0.28506484923530584,0.08126196826954765,0.2416619598865509,0.022412411794915488,-60.27782417781755,0.09774436090225563,0.45,0.46770717334674267,0.5306166027868685,0.0
2012-03-01,2012,2011,1,42,20,16,32,0.01,0.04473848640918732,0.28840944565420595,0.08318000834256636,0.24999999999999994,-0.0006617544970388689,-77.86722872331195,,0.75,0.0,0.5188897837802846,0.0
2012-04-02,2012,2011,1,42,20,16,32,0.01,0.044660553336143494,0.3206581157842154,0.10282162721828328,0.27217268794775007,-0.23695190638536245,-231.52016354456254,-0.2120300751879699,0.4,0.4364357804719847,0.43155337382696707,0.0
2012-05-01,2012,2011,1,42,20,16,32,0.01,0.043591611087322235,0.2716160433376726,0.07377527499841244,0.2394073706865311,0.11247789475594061,-44.30845085503364,0.35037593984962395,0.5,0.5601120336112039,0.3555406113223059,0.0
2012-06-01,2012,2011,1,42,20,16,32,0.01,0.045372407883405685,0.33583405343077105,0.11278451144374198,0.28761336326599124,-0.3568061527066704,-34.905758469787216,-0.24060150375939846,0.65,0.0,0.5184930060825316,0.0
2012-07-02,2012,2011,1,42,20,16,32,0.01,0.044228680431842804,0.2945784502867794,0.08677646337336059,0.24643224775791167,-0.04392737892764598,-171.06038419232908,-0.02857142857142857,0.75,0.0,0.48008283461561374,0.0
2012-08-01,2012,2011,1,42,20,16,32,0.01,0.04354684799909592,0.32308518482283005,0.10438403665200224,0.2800747671723366,-0.25574780934739527,-158.6445625377692,-0.23556261985369062,0.45,0.4242640687119285,0.43667697642038367,0.0
2012-09-04,2012,2011,1,42,20,16,64,0.01,0.04574064910411835,0.3179070289719461,0.10106487906976977,0.25914828836917875,-0.21581809407241814,-80.0708508761409,-0.16541353383458643,0.65,0.6846531968814576,0.4494537423150636,0.0
2012-10-01,2012,2011,1,42,20,16,32,0.01,0.044883571565151215,0.2857434453554171,0.08164931656358426,0.2550358876585961,0.017752582693723262,-119.91507997057546,0.20751879699248119,0.55,0.6123724356957945,0.3762188966300999,0.0
2012-11-01,2012,2011,1,42,20,16,32,0.01,0.04348578676581383,0.28385573576656814,0.08057407872757974,0.25339371532201765,0.030687774705807747,-189.01751075952282,0.2601503759398496,0.6,0.628970902033151,0.46374390494785206,0.0
2012-12-03,2012,2011,1,42,20,16,32,0.01,0.04685359075665474,0.31822033111469694,0.10126417913474735,0.2767818403244019,-0.21821568883906584,-169.52019903430943,-0.5271090315055368,0.25,0.20100756305184242,0.46694546921557084,0.0
2013-01-02,2013,2012,1,42,20,16,32,0.01,0.044805269688367844,0.3018185306868574,0.09109442546597346,0.26569963991642004,-0.09587278756058293,-83.216550340512,-0.16842105263157892,0.55,0.565685424949238,0.6218326959770709,0.0
2013-02-01,2013,2012,1,42,20,16,64,0.01,0.0443694032728672,0.28836507486372165,0.08315441640115978,0.25000000000000006,-0.00035388151771154064,-322.62580336371474,,0.7,0.0,0.5507711378626134,0.0
2013-03-01,2013,2012,1,42,20,16,32,0.01,0.04637450724840164,0.28695360645147977,0.08234237225551073,0.2408957502245903,0.009415070610397147,-146.1627918927411,0.0781954887218045,0.6,0.5590169943749475,0.5385240003529489,0.0
2013-04-01,2013,2012,1,42,20,16,32,0.01,0.04439612105488777,0.3192645382362529,0.1019298453752078,0.2822158372402191,-0.22622370376189815,-76.72936357991567,-0.11747001273551963,0.3,0.3535533905932738,0.5549817920429505,0.0
2013-05-01,2013,2012,1,42,20,16,32,0.01,0.042423587292432785,0.3537608898101799,0.12514676715929024,0.30912357330322265,-0.5055250184576265,-67.61179863693138,-0.4872180451127819,0.35,0.25677629550654774,0.4973956783156197,0.0
2013-06-03,2013,2012,1,42,20,16,32,0.01,0.047003164887428284,0.2798832535102725,0.07833463559549544,0.2333410063385964,0.057628443963964604,-111.41339319951557,0.2270676691729323,0.65,0.5976143046671968,0.5670252640057228,0.0
2013-07-01,2013,2012,1,42,20,16,32,0.01,0.04313672333955765,0.29400635119803065,0.08643973454477974,0.2524808034300804,-0.03987650580186153,-61.78595127122773,0.03458646616541353,0.6,0.649519052838329,0.499900247904158,0.0
2013-08-01,2013,2012,1,42,20,16,32,0.01,0.044556695967912674,0.32720264461201864,0.10706157064109897,0.26931868404150006,-0.28795874455457415,-105.65695954469437,-0.29624060150375936,0.1,0.0,0.35602107166779484,0.0
2013-09-03,2013,2012,1,42,20,16,32,0.01,0.04211560636758804,0.2724048846333948,0.07420442117213313,0.22651593476533888,0.10731523401945087,-372.09192578147304,0.38646616541353385,0.65,0.7302967433402214,0.4018681633555548,0.0
2013-10-01,2013,2012,1,42,20,16,32,0.01,0.044945891946554184,0.29308009667125245,0.0858959430648307,0.256701634824276,-0.03333465341149733,-55.669921008799605,0.022556390977443608,0.45,0.3960590171906697,0.48974825950393175,0.0
2013-11-01,2013,2012,1,42,20,16,32,0.01,0.044855181127786636,0.3200490129732823,0.10243137070517223,0.26773811280727383,-0.2322570911900419,-93.48670365245619,-0.11428571428571428,0.5,0.0,0.39762429033041163,0.0
2013-12-02,2013,2012,1,42,20,16,64,0.01,0.04764340817928314,0.29032580345538955,0.08428907215201747,0.25055879503488543,-0.014003875512992092,-131.36328454980998,-0.04060150375939849,0.5,0.4193139346887673,0.3855622922113121,0.0
2014-01-02,2014,2013,1,42,20,16,32,0.01,0.04634684696793556,0.2920357657849998,0.08528488849763126,0.2465141445398331,-0.025983621024135317,-76.92614086433858,0.0631578947368421,0.45,0.3535533905932738,0.7157750960182812,0.0
2014-02-03,2014,2013,1,42,20,16,32,0.01,0.04546646401286125,0.33103737612063144,0.1095857443888324,0.28159809947013853,-0.31832474452730697,-82.63982197559902,-0.4285714285714286,0.8,,0.4942998608464433,0.0
2014-03-03,2014,2013,1,42,20,16,32,0.01,0.04438382759690285,0.2892486861267301,0.08366480242603962,0.2513023686408996,-0.006493863771904973,-83.1767211720798,-0.003007518796992481,0.6,0.6262242910851494,0.340798079302586,0.0
2014-04-01,2014,2013,1,42,20,16,64,0.01,0.04487164691090584,0.28187828224194555,0.07945536599966993,0.23920332461595536,0.044145972936301625,-66.31345614798136,0.47218045112781953,0.55,0.4923659639173309,0.5949025409072818,0.0
2014-05-01,2014,2013,1,42,20,16,64,0.01,0.04451335221529007,0.31417249563738153,0.09870435701502052,0.2664984351396561,-0.18742083627092354,-171.69479330979544,-0.27669172932330827,0.45,0.0,0.47960539359817456,0.0
2014-06-02,2014,2013,1,42,20,16,32,0.01,0.045340973883867264,0.30072187180400384,0.09043364418130373,0.26130092859268184,-0.08792353902320293,-293.6797741132289,-0.2512222817751013,0.55,0.0,0.7295375130265357,0.0
2014-07-01,2014,2013,1,42,20,16,32,0.01,0.044886548072099686,0.2985647043473283,0.08914088268200754,0.2558026039600373,-0.07237152098655697,-203.3779052583784,0.018045112781954885,0.55,0.0,0.3688521067885744,0.0
2014-08-01,2014,2013,1,42,20,16,32,0.01,0.04394826665520668,0.28516945255651566,0.08132161667138282,0.25388733386993406,0.021694837035996173,-82.6559652122587,0.2045112781954887,0.75,0.8583950752789521,0.5305021269739605,0.0
2014-09-02,2014,2013,1,42,20,16,32,0.01,0.04472564905881882,0.2919182079363369,0.08521624012476242,0.2593340989947319,-0.025157775936991422,-269.937447209064,0.10526315789473684,0.4,0.26590801173915524,0.6068670846022913,0.0
2014-10-01,2014,2013,1,42,20,16,64,0.01,0.046343494206666946,0.3070469752384359,0.09427784500307265,0.26230490922927857,-0.13416956394673862,-95.53315208032787,-0.21353383458646616,0.15,0.0,0.5324430906119024,0.0
2014-11-03,2014,2013,1,42,20,16,64,0.01,0.043593667447566986,0.2818998965114369,0.07946755165315882,0.2465619757771492,0.04399937860861591,-67.51365077398818,0.2902255639097744,0.75,0.408248290463863,0.6089074787631451,0.0
2014-12-01,2014,2013,1,42,20,16,32,0.01,0.04414236173033714,0.30463603663702987,0.09280311481791781,0.26874945014715196,-0.11642844893735704,-207.42566135080668,-0.061747057976362894,0.3,0.3,0.8586164410149956,0.0
2015-01-02,2015,2014,1,42,20,16,32,0.01,0.0427229143679142,0.31134798032353417,0.09693756485154381,0.2602747166156768,-0.16616619370278274,-55.63951544794675,0.048120300751879695,0.5,0.6666666666666666,0.7522416637010977,0.0
2015-02-02,2015,2014,1,42,20,16,32,0.01,0.0463244765996933,0.27045413588330924,0.0731454396163875,0.23060591220855708,0.12005486175774449,-51.46601467515532,0.41804511278195483,0.5,0.6416889479197478,0.3811948026557166,0.0
2015-03-02,2015,2014,1,42,20,16,32,0.01,0.04483519494533539,0.29484505889254853,0.08693360875335042,0.25620408952236173,-0.04581784966436575,-237.82313781293357,-0.05413533834586466,0.15,0.23570226039551584,0.3128758713198511,0.0
2015-04-01,2015,2014,1,42,20,16,32,0.01,0.04625563696026802,0.32425414675850733,0.1051407516900876,0.27298476070165634,-0.26485114815142996,-69.76734778312706,-0.5398496240601504,0.3,0.29649972666444047,0.40256994598044993,0.0
2015-05-01,2015,2014,1,42,20,16,32,0.01,0.04581895098090172,0.2807156557184377,0.07880127936543244,0.2441321149468422,0.05201468432562495,-403.65110458561935,0.17744360902255638,0.45,0.4242640687119285,0.3990845053073801,0.0
2015-06-01,2015,2014,1,42,20,16,64,0.01,0.04642739146947861,0.29216905142774846,0.08536275461219031,0.2517630857229233,-0.026920356236876053,-106.72700275699104,0.0781954887218045,0.65,0.3779644730092272,0.3616379179328836,0.0
2015-07-01,2015,2014,1,42,20,16,64,0.01,0.044446706771850586,0.2858336749338321,0.0817008897261796,0.2475875973701477,0.017132153670019856,-66.15792034883145,0.09473684210526315,0.75,0.408248290463863,0.46477097295927805,0.0
2015-08-03,2015,2014,1,42,20,16,32,0.01,0.045440685003995895,0.30310527760111344,0.09187280930964806,0.2635327354073524,-0.10523680372508948,-57.10671271732198,-0.10375939849624059,0.65,,0.49637270011086854,0.0
2015-09-01,2015,2014,1,42,20,16,64,0.01,0.04383372142910957,0.32019672918520187,0.10252594538090151,0.2732655343413352,-0.2333948316499428,-150.3543211037514,-0.22105263157894736,0.2,0.0,0.43052355933628067,0.0
2015-10-01,2015,2014,1,42,20,16,32,0.01,0.04391099140048027,0.2786853328142331,0.07766551472577986,0.23981470435857774,0.0656780183364829,-15.287096045331353,0.16992481203007515,0.5,0.6882472016116853,0.5067316254011918,0.0
2015-11-02,2015,2014,1,42,20,16,32,0.01,0.045256927609443665,0.30782711689286735,0.09475753389457503,0.2726609045267105,-0.13994025737834614,-528.4470203277331,0.060150375939849614,0.4,0.34641016151377546,0.46835223957078187,0.0
2015-12-01,2015,2014,1,42,20,16,64,0.01,0.04472583904862404,0.3114453582165121,0.09699821115461153,0.26541454136371617,-0.16689577328855987,-98.51870453341526,-0.16691729323308271,0.7,0.0,0.49955185296474885,0.0
2016-01-04,2016,2015,1,42,20,16,64,0.01,0.04423453286290169,0.32078968484551046,0.10290602190328191,0.2755840435624123,-0.23796718079136103,-56.105029405542446,-0.4917293233082706,0.5,0.30151134457776363,0.7050986142043416,0.0
2016-02-01,2016,2015,1,42,20,16,32,0.01,0.04458566755056381,0.31622206291797794,0.09999639307610161,0.2840757486224175,-0.20296412723129764,-135.15761026368185,-0.2781954887218045,0.45,0.4447495899966607,0.3240103307703972,0.0
2016-03-01,2016,2015,1,42,20,16,32,0.01,0.044663894921541214,0.3309761653054023,0.10954522200026899,0.28291313916444777,-0.317837257146093,-114.75043912377576,0.004511278195488721,0.5,0.5,0.2713275102981577,0.0
2016-04-01,2016,2015,1,42,20,16,32,0.01,0.044472746551036835,0.3109594139613137,0.09669575713116367,0.266684266924858,-0.1632572286455778,-60.41166969744715,-0.06165413533834586,0.4,0.40201512610368484,0.37344312675944524,0.0
2016-05-02,2016,2015,1,42,20,16,32,0.01,0.04393018037080765,0.288062040642795,0.0829797392592913,0.24026232868433,0.0017474976325860814,-186.2518219671855,0.18045112781954886,0.6,0.6172133998483676,0.4070695929533591,0.0
2016-06-01,2016,2015,1,42,20,16,32,0.01,0.04429188743233681,0.354811810420822,0.12589142081410132,0.32607366144657135,-0.5144832579140008,-95.48973317153178,-0.4270676691729323,0.3,0.3,0.4584088257471627,0.0
2016-07-01,2016,2015,1,42,20,16,32,0.01,0.04376070946455002,0.2845668860713198,0.0809783126483275,0.2468857093155384,0.025824810245684282,-50.76814014080696,0.49624060150375937,0.4,0.3779644730092272,0.37328082937119356,0.0
2016-08-01,2016,2015,1,42,20,16,32,0.01,0.04491002485156059,0.2710770870798275,0.07348278713968437,0.2338512152433395,0.11599654568800766,-114.77112438744471,0.4857142857142857,0.6,0.628970902033151,0.2825219520480048,0.0
2016-09-01,2016,2015,1,42,20,16,32,0.01,0.04434521123766899,0.28878974663938184,0.08339951776403834,0.25174740254878997,-0.00330246934181444,-164.7921489473786,0.0015037593984962405,0.3,0.28426762180748055,0.5027632000525684,0.0
2016-10-03,2016,2015,1,42,20,32,32,0.01,0.045358866453170776,0.3026672491738264,0.09160746372245114,0.2513472238183022,-0.10204467636031422,-228.44897241151483,0.051127819548872175,0.6,0.5945883900105632,0.5245071681014932,0.0
2016-11-01,2016,2015,1,42,20,16,32,0.01,0.04532898589968681,0.3516130742610935,0.12363175399133726,0.30082736164331436,-0.4872992961363882,-30.312680993074313,-0.6225563909774435,0.45,0.28867513459481287,0.5630979312000397,0.0
2016-12-01,2016,2015,1,42,20,32,32,0.01,0.04593381658196449,0.2992393175427428,0.08954416916344647,0.2553159961104393,-0.07722308768055908,-157.31318338126238,0.07518796992481201,0.4,0.44095855184409843,0.47623940950364135,0.0
2017-01-03,2017,2016,1,42,20,16,32,0.01,0.044702764600515366,0.26521322042354323,0.07033805228742693,0.24162679880857466,0.153827942406894,-113.28916859024106,0.39999999999999997,0.6,0.5685352436149611,0.7044202617850787,0.0
2017-02-01,2017,2016,1,42,20,16,64,0.01,0.045382946729660034,0.2864547694821468,0.08205633495906986,0.24827892184257508,0.012856120793144687,-94.61887910172642,0.21528443040467252,0.85,0.0,0.392083046642828,0.0
2017-03-01,2017,2016,1,42,20,16,64,0.01,0.04416870325803757,0.30454519421795306,0.09274777532125075,0.2599681434035302,-0.11576271063158794,-165.3014838862256,-0.04210526315789473,0.55,0.3227486121839514,0.4059584430412833,0.0
2017-04-03,2017,2016,1,42,20,16,32,0.01,0.04139681160449982,0.2993371313176416,0.08960271818547502,0.24845372110605238,-0.07792743681774472,-222.18268705730875,-0.025563909774436087,0.5,0.48038446141526137,0.5621980226056604,0.0
2017-05-01,2017,2016,1,42,20,16,32,0.01,0.0430455319583416,0.32188934332291935,0.10361274934486024,0.27289274305105204,-0.2464691650509505,-196.10152815489036,-0.26616541353383455,0.4,0.38924947208076144,0.4843700418844075,0.0
2017-06-01,2017,2016,1,42,20,16,64,0.01,0.04153274744749069,0.2825583137711848,0.0798392006812153,0.24076294153928757,0.03952841285756015,-118.25224945319721,0.5082706766917292,0.65,0.47871355387816905,0.6071407535147476,0.0
2017-07-03,2017,2016,1,42,20,16,32,0.01,0.044565439224243164,0.28917298559802096,0.08362101559967325,0.24322737246751788,-0.005967104958475078,-79.76035697290612,0.10719986655977864,0.45,0.408248290463863,0.5425964999894364,0.0
2017-08-01,2017,2016,1,42,20,16,32,0.01,0.04461117833852768,0.3337059854612837,0.11135968473268651,0.2734015330672265,-0.3396653802428453,-248.77996546104188,-0.41804511278195483,0.4,0.40201512610368484,0.6523676776853079,0.0
2017-09-01,2017,2016,1,42,20,16,32,0.01,0.0404575876891613,0.2765884682761735,0.07650118078335985,0.23799542784690852,0.07968504320770087,-113.92975955544267,0.17416268527119574,0.4,0.36313651960128146,0.4957939358543412,0.0
2017-10-02,2017,2016,1,42,20,16,32,0.01,0.043457549065351486,0.3314665580161054,0.10987007908304418,0.29499216049909593,-0.32174531227722314,-27.229122454580363,-0.3669172932330827,0.25,0.28284271247461906,0.38932146631935194,0.0
2017-11-01,2017,2016,1,42,20,16,32,0.01,0.044959794729948044,0.2914921300877601,0.08496766190309966,0.25298582464456565,-0.022167361240296612,-134.062076348746,-0.21882153700534204,0.8,0.0,0.4094802978751439,0.0
2017-12-01,2017,2016,1,42,20,16,64,0.01,0.043907418847084045,0.29517193890616594,0.08712647351762536,0.25586696863174435,-0.0481380272797034,-211.2054056873844,-0.16691729323308271,0.35,0.39528470752104744,0.41604141226562924,0.0
2018-01-02,2018,2017,1,42,20,16,32,0.01,0.04332704097032547,0.2878766615070974,0.08287297224047192,0.244582100212574,0.003031912896578448,-32.513118769585915,0.14887218045112782,0.6,0.5590169943749475,0.6338788640263785,0.0
2018-02-01,2018,2017,1,42,20,16,32,0.01,0.042844366282224655,0.3123617118149321,0.09756983900795468,0.27507816970348353,-0.17377249934381567,-41.91960310852334,-0.08571428571428572,0.8,0.8744746321952062,0.5036384069402362,0.0
2018-03-01,2018,2017,1,42,20,16,64,0.01,0.04426050931215286,0.2899763965800521,0.08408631057355163,0.2512640327215195,-0.011564638478816835,-134.77814811612265,0.32481203007518794,0.7,0.41633319989322654,0.7575774384169923,0.0
2018-04-02,2018,2017,1,42,20,16,32,0.01,0.04467076435685158,0.33736865594166515,0.11381761001188564,0.2865581253170967,-0.3692344061580226,-49.39678435560481,-0.3082706766917293,0.6,0.7276068751089989,0.5673991202174311,0.0
2018-05-01,2018,2017,1,42,20,16,32,0.01,0.0452735461294651,0.28361991383137025,0.08044025552171388,0.24947785437107087,0.0322976779342693,-95.9488401539014,0.193984962406015,0.55,0.5976143046671968,0.7242790220539472,0.0
2018-06-01,2018,2017,1,42,20,16,64,0.01,0.04459621012210846,0.27310158432151066,0.0745844753589192,0.23969856947660445,0.10274315357691188,-128.33830052951495,0.40451127819548865,0.55,0.5547001962252291,0.8793599620174514,0.0
2018-07-02,2018,2017,1,42,20,16,32,0.01,0.04359517991542816,0.27879372087529847,0.07772593879949384,0.23449540734291077,0.06495111218654037,-60.2764735123466,0.19999999999999998,0.65,0.6567895774291853,0.4834904680408939,0.0
2018-08-01,2018,2017,1,42,20,16,32,0.01,0.04565197974443436,0.293963286426487,0.08641441376666083,0.25810807138681413,-0.03957189493727298,-55.81302652958811,0.11729323308270674,0.35,0.3651483716701107,0.45552785784976263,0.0
2018-09-04,2018,2017,1,42,20,16,32,0.01,0.04548003152012825,0.3263636728533723,0.10651324695834304,0.28149467557668684,-0.28136236942367554,-208.93286785365936,-0.5336083006966861,0.25,0.0,0.5202817285565687,0.0
2018-10-01,2018,2017,1,42,20,16,32,0.01,0.04467792436480522,0.30096238815037446,0.09057835908117667,0.25342743963003156,-0.08966447014949397,-36.3148835888237,0.022556390977443608,0.7,0.5345224838248488,0.38040431964047255,0.0
2018-11-01,2018,2017,1,42,20,16,32,0.01,0.044459473341703415,0.3385039537547805,0.11458492670761855,0.2931863394379616,-0.3784652837006741,-62.76923290585081,-0.27518796992481204,0.5,0.5,0.4383249648301507,0.0
2018-12-03,2018,2017,1,42,20,16,32,0.01,0.04408415034413338,0.2883026817037942,0.08311843627759927,0.24998332858085628,7.89620739937158e-05,-35.41039008874962,0.2983930050072846,0.0,,0.40674220653658644,0.0
2019-01-02,2019,2018,1,42,20,16,64,0.01,0.04468069225549698,0.2871090382983234,0.08243159987258815,0.2465823173522949,0.008341655668112624,-36.91770635389563,-0.16870599343374063,0.9,0.0,0.7131142769981194,0.0
2019-02-01,2019,2018,1,42,20,16,32,0.01,0.0432816743850708,0.27710256886382395,0.07678583367093031,0.2362362653017044,0.07626064756775597,-110.2901333408106,0.3313256769463374,0.7,0.6123724356957945,0.6299233358243673,0.0
2019-03-01,2019,2018,1,42,20,16,32,0.01,0.04381432384252548,0.28500174327289907,0.08122599366859147,0.24413519650697713,0.022845188949275674,-159.41887297183544,0.24661654135338343,0.6,0.5163977794943222,0.5297015648956928,0.0
2019-04-01,2019,2018,1,42,20,16,32,0.01,0.043876904994249344,0.2754961860598074,0.07589814853350002,0.23067317873239518,0.08693956651428536,-58.35495304450383,0.3203007518796992,0.55,0.5400617248673217,0.44632086958304745,0.0
2019-05-01,2019,2018,1,42,20,16,32,0.01,0.04472431167960167,0.2761696078079929,0.07626965227682062,0.23650670021772385,0.08247034854952628,-63.134579622780436,0.16842105263157892,0.5,0.57282196186948,0.45252012742359066,0.0
2019-06-03,2019,2018,1,42,20,16,32,0.01,0.04416731372475624,0.2523881167813316,0.06369976149242709,0.22288204878568654,0.23368707979035075,-26.1527667045437,0.44060150375939844,0.35,,0.7094840559513708,0.0
2019-07-01,2019,2018,1,42,20,16,32,0.01,0.042998719960451126,0.2882235214570952,0.0830727983211286,0.2403569728136063,0.0006279901217610684,-112.41829175734865,0.21052631578947367,0.6,0.5773502691896257,0.5393195443541378,0.0
2019-08-01,2019,2018,1,42,20,16,32,0.01,0.04494770988821983,0.3088906975411945,0.09541346302748573,0.2661133483052254,-0.14783113416524163,-189.19140483046655,-0.11729323308270674,0.5,0.502518907629606,0.5048620327396399,0.0
2019-09-03,2019,2018,1,42,20,16,32,0.01,0.04400723800063133,0.288314140617573,0.08312504368004965,0.24999999999999994,-5.254742811988677e-07,-89.69453758788302,,0.7,0.0,0.39462190014516074,0.0
2019-10-01,2019,2018,1,42,20,16,64,0.01,0.04576798528432846,0.29953197135517734,0.08971940186391879,0.258072843849659,-0.07933115024263215,-30.152494607160307,0.4270676691729323,0.15,0.0,0.5154372891584148,0.0
2019-11-01,2019,2018,1,42,20,16,32,0.01,0.042022839188575745,0.3270724819256342,0.1069764084329943,0.2853421002626419,-0.2869342367879013,-161.784775163542,-0.27368421052631575,0.65,0.6846531968814576,0.6441719926603052,0.0
2019-12-02,2019,2018,1,42,20,16,64,0.01,0.045060284435749054,0.3048313115653089,0.09292212851062642,0.2663222819566726,-0.11786019260903968,-96.91497144339651,-0.3443609022556391,0.25,,0.44580779218776667,0.0
2020-01-02,2020,2019,1,42,20,16,32,0.01,0.04501967504620552,0.2584168424575445,0.06677926446572735,0.21963167458772656,0.19664042747997168,-109.25891174146392,0.47218045112781953,0.65,0.6356417261637283,0.750007292719595,0.0
2020-02-03,2020,2019,1,42,20,16,32,0.01,0.04402953386306763,0.2889518530997233,0.0834931734097641,0.253377315402031,-0.004429153801673413,-37.81877820618585,0.06779223398097665,0.05,,0.4933479347850749,0.0
2020-03-02,2020,2019,1,42,20,16,32,0.01,0.04523378983139992,0.2864364717785697,0.08204585236495535,0.2488362312316895,0.012982227188507278,-15.728964857076488,0.3779644730092272,0.0,,0.43285584068412447,0.0
2020-04-01,2020,2019,1,42,20,16,32,0.01,0.042894817888736725,0.3149372276509668,0.09918545736047689,0.25993605673313136,-0.19320850959972202,-1.571494015645858,-0.32568637128329003,0.2,,0.3532762458879127,0.0
2020-05-01,2020,2019,1,42,20,16,32,0.01,0.04501490667462349,0.30514036932564254,0.09311064499218953,0.25203899562358856,-0.12012806005641541,-45.6079564906796,0.10676691729323308,0.6,0.0,0.45466679307476265,0.0
2020-06-01,2020,2019,1,42,20,16,32,0.01,0.044981662184000015,0.2860374963991795,0.08181744934631063,0.24215991765260694,0.015729932675962344,-72.39554578883342,0.30075187969924805,0.85,0.7483314773547882,0.46428092155333844,0.0
2020-07-01,2020,2019,1,42,20,16,32,0.01,0.04416799545288086,0.2930245004798396,0.08586335788145949,0.2538616207242012,-0.03294265120552775,-33.49431435392835,0.08872180451127819,0.75,0.5239368319955838,0.4505537922455097,0.0
2020-08-03,2020,2019,1,42,20,16,32,0.01,0.04295998439192772,0.3044219452654063,0.09267272075917402,0.27244789272546766,-0.11485979860660489,-19.425190459054868,-0.18646616541353384,0.35,0.5619514869490163,0.4755571228864609,0.0
2020-09-01,2020,2019,1,42,20,16,32,0.01,0.04491885006427765,0.289910572807336,0.08404814022547766,0.2517665684223175,-0.011105446321535428,-61.74468127507411,0.04661654135338346,0.55,0.565685424949238,0.46827603181164584,0.0
2020-10-01,2020,2019,1,42,20,16,64,0.01,0.04319602996110916,0.3002107586184376,0.09012649959025781,0.2561811012029648,-0.0842285664993423,-52.63507433925119,-0.15789473684210525,0.9,0.0,0.4412628980069364,0.0
2020-11-02,2020,2019,1,42,20,16,32,0.01,0.045248448848724365,0.285668708713096,0.0816066111378077,0.24783001989126202,0.018266332176749445,-13.875222744842809,0.2983930050072846,0.95,,0.5618853247052161,0.0
2020-12-01,2020,2019,1,42,20,32,64,0.01,0.04734719917178154,0.3123702842732323,0.09757519449693997,0.26608130842447286,-0.17383692627897696,-32.1829897787915,0.14736842105263157,0.3,0.0,0.39659906624905783,0.0
2021-01-04,2021,2020,1,42,20,16,32,0.01,0.0435912162065506,0.3234575969058283,0.1046248169960933,0.27748539000749584,-0.258644414990596,-96.82503462898394,-0.012030075187969924,0.4,0.40201512610368484,0.7066803966421814,0.0
2021-02-01,2021,2020,1,42,20,16,64,0.01,0.04514292627573013,0.3089283819480541,0.09543674517304279,0.2605819192528725,-0.14811122012683042,-24.294804057357112,-0.3639097744360902,0.5,0.0,0.6382350920166151,0.0
2021-03-01,2021,2020,1,42,20,16,32,0.01,0.04548325762152672,0.3004373653735268,0.09026261051258602,0.2672175019979477,-0.0858659911288544,-39.83949326991925,-0.045112781954887216,0.35,0.2449489742783178,0.691759055846307,0.0
2021-04-01,2021,2020,1,42,20,16,32,0.01,0.0463404580950737,0.28344948082639077,0.08034360818075047,0.2475808307528496,0.033460352712776364,-53.16845477300993,0.3744360902255639,0.5,0.6416889479197478,0.41830142896289824,0.0
2021-05-03,2021,2020,1,42,20,16,64,0.01,0.0457046739757061,0.31028474879084444,0.09627662533219743,0.26584550440311433,-0.15821504159034494,-115.29141003277589,-0.18646616541353384,0.55,0.42426406871192857,0.4548307941456882,0.0
2021-06-01,2021,2020,1,42,20,16,64,0.01,0.043535709381103516,0.3049527141875034,0.09299615789032514,0.25797437697649,-0.11875077161293413,-26.879683638718344,-0.0015037593984962405,0.4,0.0,0.4063823996422855,0.0
2021-07-01,2021,2020,1,42,20,16,32,0.01,0.04179103672504425,0.2841474096569017,0.08073975041472711,0.23969886183738712,0.02869473185290694,-120.06367783830515,0.26024823201851816,0.6,0.6201736729460422,0.604492350550045,0.0
2021-08-02,2021,2020,1,42,20,16,32,0.01,0.0438934750854969,0.2882071117363944,0.08306333925543453,0.24460805356502538,0.0007417833932686912,-54.30331512695919,0.43458646616541347,0.35,0.4330127018922193,0.6686459654972938,0.0
2021-09-01,2021,2020,1,42,20,16,32,0.01,0.039521824568510056,0.28035110712302325,0.07859674326510487,0.2464104592800141,0.054475268991219905,-76.36054159245657,0.0895073399138834,0.75,0.75,0.1968222309642259,0.0
2021-10-01,2021,2020,1,42,20,16,64,0.01,0.04361153766512871,0.2879569400483358,0.08291919932200084,0.24309504151344302,0.002475797630065002,-7.297803867441537,0.3699248120300751,0.35,0.2672612419124244,0.3211761716711346,0.0
2021-11-01,2021,2020,1,42,20,16,32,0.01,0.04271956905722618,0.3616753889025736,0.13080908693782786,0.31453355848789216,-0.5736431511317637,-34.97442642286134,-0.41503759398496237,0.3,0.3086066999241838,0.4127880402402789,0.0
2021-12-01,2021,2020,1,42,20,16,32,0.01,0.04324066638946533,0.3014848672026727,0.09089312515221318,0.25339875161647796,-0.0934511296506848,-21.238808423942555,0.07218045112781954,0.15,0.0,0.49968528664730416,0.0
2022-01-03,2022,2021,1,42,20,16,32,0.01,0.04245297983288765,0.2959892338814525,0.08760962657372919,0.2590449094772339,-0.05395039487193021,-31.598083662951957,0.08872180451127819,0.8,0.4841229182759271,0.7773169564892577,0.0
2022-02-01,2022,2021,1,42,20,16,64,0.01,0.04229353368282318,0.29351798208698815,0.0861528058084175,0.25388688594102865,-0.036424731529834276,-28.5618130544528,0.10827067669172932,0.75,0.46770717334674267,0.6841637780611629,0.0
2022-03-01,2022,2021,1,42,20,16,32,0.01,0.04377708584070206,0.3214059008064341,0.10330175307319536,0.2776369598507881,-0.24272785651964335,-18.81421267716719,-0.18045112781954886,0.35,0.3651483716701107,0.5540364839217276,0.0
2022-04-01,2022,2021,1,42,20,16,32,0.01,0.04245961457490921,0.30664850451340153,0.09403330532030565,0.2645444333553314,-0.13122773317660963,-18.578649749081773,-0.34736842105263155,0.55,0.0,0.5134360351434556,0.0
2022-05-02,2022,2021,1,42,20,16,32,0.01,0.04410325735807419,0.3159735665335735,0.09983929474794662,0.25741985857486727,-0.2010742225316886,-61.21811943647303,0.025563909774436087,0.55,0.5345224838248488,0.4542671282856213,0.0
2022-06-01,2022,2021,1,42,20,16,64,0.01,0.0424395389854908,0.30063704779586825,0.09038263450741515,0.25895456522703164,-0.08730988881100932,-27.602150455529458,-0.24661654135338343,0.85,0.0,0.5113985208963202,0.0
2022-07-01,2022,2021,1,42,20,16,64,0.01,0.043621599674224854,0.29007381728927734,0.08414281947677305,0.2461705595254898,-0.012244444833359847,-7.653340609402653,0.306766917293233,0.25,0.25,0.6381877538090004,0.0
2022-08-01,2022,2021,1,42,20,16,32,0.01,0.04252106696367264,0.3047098895941889,0.09284811681650276,0.25045048117637636,-0.11696982636394293,-76.14542493301087,0.24821363169396238,0.65,0.6567895774291853,0.4826200343233331,0.0
2022-09-01,2022,2021,1,42,20,16,64,0.01,0.042803481221199036,0.30649289961198467,0.09393789751256212,0.2626818403601646,-0.1300799700759354,-31.072337360735467,-0.5400526895644394,0.75,,0.7047580507290133,0.0
2022-10-03,2022,2021,1,42,20,16,32,0.01,0.0434480682015419,0.3296443424988641,0.10866539254150842,0.26390870243310927,-0.3072528426046126,-18.710648393426826,-0.21804511278195485,0.4,0.4,0.48988031422216943,0.0
2022-11-01,2022,2021,1,42,20,16,32,0.01,0.04473906010389328,0.29738745685817064,0.08843929949657031,0.24889221638441086,-0.06393142251513151,-19.9681029832898,-0.05413533834586466,0.45,0.0,0.4233115680508744,0.0
2022-12-01,2022,2021,1,42,20,16,64,0.01,0.047349341213703156,0.33090964021036545,0.10950118998415351,0.27769725292921066,-0.317307548681546,-15.106572398797276,-0.08270676691729321,0.85,0.0,0.5723010110317169,0.0
2023-01-03,2023,2022,1,42,20,16,64,0.01,0.04564235731959343,0.2808748805234879,0.07889069850908362,0.24153933376073838,0.050938965304257344,-4.834505444837786,0.6,0.45,0.5163977794943222,0.6544786913778109,0.0
2023-02-01,2023,2022,1,42,20,16,64,0.01,0.04331247881054878,0.28831527166344606,0.0831256958743667,0.25,-8.371420952668629e-06,-52.81053143120557,,0.25,0.0,0.5435810210944041,0.0
2023-03-01,2023,2022,1,42,20,16,32,0.01,0.044011153280735016,0.2776264899056516,0.07707646789733287,0.24542107135057453,0.07276429597193546,-19.088065630416473,0.31879699248120297,0.6,0.6262242910851494,0.6900446756877224,0.0
2023-04-03,2023,2022,1,42,20,16,32,0.01,0.04301860183477402,0.317557782628343,0.10084294530782996,0.2703934827446937,-0.21314821422953334,-62.4407274035393,-0.3654135338345864,0.2,0.2,0.6027109209423287,0.0
2023-05-01,2023,2022,1,42,20,16,32,0.01,0.04556319862604141,0.28148130079876105,0.0792317226993626,0.2436002057790756,0.04683641865428445,-14.17736526648644,0.33684210526315783,0.8,0.7569125885243729,0.5318246235125779,0.0
2023-06-01,2023,2022,1,42,20,16,32,0.01,0.045578304678201675,0.3303980320173706,0.10916285956095147,0.279884007871151,-0.3132374082520477,-43.54570826402481,-0.1263157894736842,0.5,0.0,0.46928176172399855,0.0
2023-07-03,2023,2022,1,42,20,16,32,0.01,0.04684587940573692,0.28842560116238214,0.08318932740588153,0.25,-0.000773863529401897,-84.3033363801423,,0.7,0.0,0.5209637069961989,0.0
2023-08-01,2023,2022,1,42,20,16,32,0.01,0.04671124368906021,0.28470427695806927,0.08105652531821701,0.24664333909749986,0.024883905946261553,-56.81154393743202,0.31879699248120297,0.6,0.6030226891555273,0.3808382351689351,0.0
2023-09-01,2023,2022,1,42,20,16,64,0.01,0.046654049307107925,0.29922663349286815,0.08953657819147523,0.2552857530117035,-0.07713176771699515,-67.88975535279184,0.2721804511278195,0.75,0.0,0.4451449198864344,0.0
2023-10-02,2023,2022,1,42,20,16,32,0.01,0.04435180872678757,0.30162906566099745,0.09098009325152633,0.26498097777366636,-0.09449736242437701,-56.99853292180829,0.0015037593984962405,0.5,0.48038446141526137,0.5621649704063012,0.0
2023-11-01,2023,2022,1,42,20,16,64,0.01,0.04487215727567673,0.2986681991394735,0.0892026931772162,0.2605169266462326,-0.07311510589132242,-30.32986243475114,-0.5699248120300752,0.3,0.37267799624996495,0.6899471342326449,0.0
2023-12-01,2023,2022,1,42,20,16,32,0.01,0.04522481933236122,0.27204349851579246,0.07400766508471196,0.23990736454725264,0.10968222454481857,-132.96949649144642,0.33233082706766914,0.55,0.4447495899966607,0.5832763406155711,0.0
2024-01-02,2024,2023,1,42,20,16,64,0.01,0.043441303074359894,0.28342892003137216,0.08033195271014995,0.2436542898416519,0.03360056890045171,-23.47506587494885,0.015037593984962403,0.8,0.4841229182759271,0.6615949340134539,0.0
2024-02-01,2024,2023,1,42,20,16,64,0.01,0.046391479671001434,0.3031787359570211,0.09191734593649711,0.2608136087656021,-0.1057725826947018,-18.213377900999475,-0.437593984962406,0.2,0.25,0.31912089539626254,0.0
2024-03-01,2024,2023,1,42,20,16,32,0.01,0.04407869279384613,0.2937415747823084,0.08628411275559046,0.2574353498220444,-0.038004363977028,-86.43343185923088,0.04060150375939849,0.7,0.6846531968814576,0.47706178450671566,0.0
2024-04-01,2024,2023,1,42,20,16,64,0.01,0.045644454658031464,0.31983158830598396,0.10229224487832841,0.27837354838848116,-0.23058339703252217,-77.38635957883015,-0.393984962406015,0.65,0.0,0.49435918345604,0.0
2024-05-01,2024,2023,1,42,20,16,64,0.01,0.04418516904115677,0.2933110120303709,0.08603134977828039,0.2461746749281883,-0.034963606355252974,-22.15535242887241,-0.1819548872180451,0.4,0.37047928681747416,0.5769035338864382,0.0
2024-06-03,2024,2023,1,42,20,16,32,0.01,0.04383218660950661,0.2994092283211969,0.08964588600389459,0.2524771863222122,-0.07844674891903258,-36.51948123893868,0.05864661654135337,0.45,0.5303300858899106,0.7705689060330273,0.0
2024-07-01,2024,2023,1,42,20,16,32,0.01,0.04482269659638405,0.27461100048248116,0.07541120158598927,0.22572147190570835,0.0927975749053922,-45.061695975381674,0.28312814886260895,0.45,0.44946657497549475,0.5398470208766116,0.0
2024-08-01,2024,2023,1,42,20,16,32,0.01,0.045718323439359665,0.32559373209904585,0.10601127838218523,0.27912313044071196,-0.27532364971049916,-45.81187616025249,-0.42105263157894735,0.5,0.0,0.4583900390637515,0.0
2024-09-03,2024,2023,1,42,20,16,64,0.01,0.04610181972384453,0.2875132797281746,0.08266388602005156,0.2492278888821602,0.00554723584900374,-27.423017544883415,0.06165413533834586,0.55,0.5741692517632145,0.5202111010492775,0.0
2024-10-01,2024,2023,1,42,20,16,32,0.01,0.04348796606063843,0.32634137478332503,0.10649869289547062,0.28010598868131636,-0.28118728295302997,-142.5813195528234,-0.2902255639097744,0.45,0.4564354645876384,0.48257500403253745,0.0
2024-11-01,2024,2023,1,42,20,16,32,0.01,0.04406648501753807,0.2884655059056227,0.08321234809738684,0.24985868334770203,-0.0010508041790897593,-17.058635564596692,-0.06717028957300605,0.8,0.0,0.3801970835316485,0.0
2024-12-02,2024,2023,1,42,20,16,32,0.01,0.045416343957185745,0.3415471811944208,0.1166544769818545,0.2853664782643318,-0.4033621291050167,-23.906587706577106,-0.27669172932330827,0.55,0.6110100926607787,0.3650987745929882,0.0
2025-01-02,2025,2024,1,42,20,16,32,0.01,0.04404813051223755,0.2943469715632551,0.08664013966845971,0.2531003922224045,-0.042287394507785736,-33.26533055110777,-0.156390977443609,0.25,0.23094010767585033,0.62062908427537,0.0
2025-02-03,2025,2024,1,42,20,16,32,0.01,0.04468635842204094,0.29628490077452274,0.08778474242696879,0.2542667925357819,-0.0560570517530079,-33.60816435083602,-0.34539682367578,0.4,0.34815531191139565,0.500669345950948,0.0
2025-03-03,2025,2024,1,42,20,16,32,0.01,0.04548303037881851,0.32324519687728404,0.10448745730423412,0.2717722952365875,-0.25699196756973364,-41.66115775642428,-0.045112781954887216,0.7,0.6859943405700354,0.6614507458473103,0.0
2025-04-01,2025,2024,1,42,20,16,32,0.01,0.042728934437036514,0.3043417519222533,0.0926239019631064,0.25947286158800126,-0.11427250481932494,-41.71770451248416,-0.13082706766917293,0.55,0.5477225575051661,0.685072442566574,0.0
2025-05-01,2025,2024,1,42,20,16,32,0.01,0.043521568179130554,0.3179173816204141,0.10107146153638003,0.2740358427166939,-0.2158972816406619,-13.979769718975408,-0.30977443609022554,0.45,0.4898979485566356,0.6140495615850923,0.0
2025-06-02,2025,2024,1,42,20,16,32,0.01,0.04533931240439415,0.28831433713309945,0.08312515699649851,0.25000000000000006,-1.888679681316674e-06,-25.485665636889763,,0.65,0.0,0.44167397807615105,0.0
2025-07-01,2025,2024,1,42,20,16,32,0.01,0.043652791529893875,0.3064786232853317,0.09392914653087228,0.2623910364508629,-0.12997469510823811,-31.45098899348278,-0.003007518796992481,0.45,0.44946657497549475,0.45768301252503374,0.0
2025-08-01,2025,2024,1,42,20,16,32,0.01,0.04524090141057968,0.31849055450850855,0.10143623331113727,0.2835230827331543,-0.22028551351744086,-23.899454898731484,-0.39097744360902253,0.35,0.3450327796711771,0.570891050906229,0.0
2025-09-02,2025,2024,1,42,20,16,32,0.01,0.04541311040520668,0.3001911225417965,0.09011471005290388,0.2548321783542633,-0.08408673747854278,-15.156568245909558,-0.1413533834586466,0.45,0.39223227027636803,0.42037048868584154,0.0
2025-10-01,2025,2024,1,42,20,16,32,0.01,0.04495294392108917,0.3063508003915229,0.0938508129005267,0.2639342764019966,-0.12903233564543415,-63.97485012585271,-0.13533834586466165,0.45,0.4330127018922193,0.5493040700228279,0.0
2025-11-03,2025,2024,1,42,20,16,32,0.01,0.04517713561654091,0.29374145066896873,0.08628403984111017,0.25580075979232786,-0.03800348681034782,-27.661108703094854,-0.0706766917293233,0.4,0.3892494720807615,0.5238712568962631,0.0
2025-12-01,2025,2024,1,42,20,16,32,0.01,0.04478467255830765,0.25984503026938094,0.0675194397556955,0.21871909260749817,0.1877360630893774,-154.0085559056847,0.47368421052631576,0.8,0.7453559924999299,0.5351880061312769,0.0
