rebalance_date,ticker,invest_year,select_year,assigned_weight,turnover,tc_drag_bps,best_nodes,best_dropout,best_lr,best_val_loss
1998-01-02,AIG,1998,1997,0.061199,0.000000,0.000000,16.000000,0.300000,0.010000,0.045319
1998-01-02,BMY,1998,1997,0.042244,0.000000,0.000000,16.000000,0.300000,0.010000,0.045319
1998-01-02,C,1998,1997,0.063886,0.000000,0.000000,16.000000,0.300000,0.010000,0.045319
1998-01-02,CSCO,1998,1997,0.100007,1.000000,0.000000,16.000000,0.300000,0.010000,0.045319
1998-01-02,DIS,1998,1997,0.059950,0.000000,0.000000,16.000000,0.300000,0.010000,0.045319
1998-01-02,GE,1998,1997,0.033317,0.000000,0.000000,16.000000,0.300000,0.010000,0.045319
1998-01-02,IBM,1998,1997,0.100007,0.000000,0.000000,16.000000,0.300000,0.010000,0.045319
1998-01-02,INTC,1998,1997,0.090579,0.000000,0.000000,16.000000,0.300000,0.010000,0.045319
1998-01-02,JNJ,1998,1997,0.028121,0.000000,0.000000,16.000000,0.300000,0.010000,0.045319
1998-01-02,KO,1998,1997,0.010395,0.000000,0.000000,16.000000,0.300000,0.010000,0.045319
1998-01-02,LLY,1998,1997,0.066288,0.000000,0.000000,16.000000,0.300000,0.010000,0.045319
1998-01-02,MRK,1998,1997,0.031775,0.000000,0.000000,16.000000,0.300000,0.010000,0.045319
1998-01-02,MSFT,1998,1997,0.011872,0.000000,0.000000,16.000000,0.300000,0.010000,0.045319
1998-01-02,PEP,1998,1997,0.100007,0.000000,0.000000,16.000000,0.300000,0.010000,0.045319
1998-01-02,PFE,1998,1997,0.032708,0.000000,0.000000,16.000000,0.300000,0.010000,0.045319
1998-01-02,PG,1998,1997,0.010395,0.000000,0.000000,16.000000,0.300000,0.010000,0.045319
1998-01-02,T,1998,1997,0.035637,0.000000,0.000000,16.000000,0.300000,0.010000,0.045319
1998-01-02,VZ,1998,1997,0.016434,0.000000,0.000000,16.000000,0.300000,0.010000,0.045319
1998-01-02,WMT,1998,1997,0.073838,0.000000,0.000000,16.000000,0.300000,0.010000,0.045319
1998-01-02,XOM,1998,1997,0.031342,0.000000,0.000000,16.000000,0.300000,0.010000,0.045319
1998-07-01,AIG,1998,1997,0.010234,0.000000,0.000000,16.000000,0.300000,0.010000,0.051814
1998-07-01,BMY,1998,1997,0.088928,0.000000,0.000000,16.000000,0.300000,0.010000,0.051814
1998-07-01,C,1998,1997,0.082599,0.000000,0.000000,16.000000,0.300000,0.010000,0.051814
1998-07-01,CSCO,1998,1997,0.100006,0.000000,0.000000,16.000000,0.300000,0.010000,0.051814
1998-07-01,DIS,1998,1997,0.010234,0.000000,0.000000,16.000000,0.300000,0.010000,0.051814
1998-07-01,GE,1998,1997,0.100006,0.000000,0.000000,16.000000,0.300000,0.010000,0.051814
1998-07-01,IBM,1998,1997,0.100006,0.000000,0.000000,16.000000,0.300000,0.010000,0.051814
1998-07-01,INTC,1998,1997,0.038646,0.000000,0.000000,16.000000,0.300000,0.010000,0.051814
1998-07-01,JNJ,1998,1997,0.010234,0.000000,0.000000,16.000000,0.300000,0.010000,0.051814
1998-07-01,KO,1998,1997,0.010234,0.000000,0.000000,16.000000,0.300000,0.010000,0.051814
1998-07-01,LLY,1998,1997,0.060455,0.000000,0.000000,16.000000,0.300000,0.010000,0.051814
1998-07-01,MRK,1998,1997,0.019190,0.000000,0.000000,16.000000,0.300000,0.010000,0.051814
1998-07-01,MSFT,1998,1997,0.060467,0.000000,0.000000,16.000000,0.300000,0.010000,0.051814
1998-07-01,PEP,1998,1997,0.010234,0.000000,0.000000,16.000000,0.300000,0.010000,0.051814
1998-07-01,PFE,1998,1997,0.092713,0.000000,0.000000,16.000000,0.300000,0.010000,0.051814
1998-07-01,PG,1998,1997,0.064106,0.000000,0.000000,16.000000,0.300000,0.010000,0.051814
1998-07-01,T,1998,1997,0.010234,0.000000,0.000000,16.000000,0.300000,0.010000,0.051814
1998-07-01,VZ,1998,1997,0.100006,0.792185,0.000000,16.000000,0.300000,0.010000,0.051814
1998-07-01,WMT,1998,1997,0.021233,0.000000,0.000000,16.000000,0.300000,0.010000,0.051814
1998-07-01,XOM,1998,1997,0.010234,0.000000,0.000000,16.000000,0.300000,0.010000,0.051814
1999-01-04,AIG,1999,1998,0.010339,0.000000,0.000000,16.000000,0.300000,0.010000,0.044272
1999-01-04,BAC,1999,1998,0.023618,0.000000,0.000000,16.000000,0.300000,0.010000,0.044272
1999-01-04,BMY,1999,1998,0.100008,0.000000,0.000000,16.000000,0.300000,0.010000,0.044272
1999-01-04,C,1999,1998,0.100008,0.000000,0.000000,16.000000,0.300000,0.010000,0.044272
1999-01-04,CSCO,1999,1998,0.014762,0.000000,0.000000,16.000000,0.300000,0.010000,0.044272
1999-01-04,GE,1999,1998,0.021306,0.000000,0.000000,16.000000,0.300000,0.010000,0.044272
1999-01-04,HD,1999,1998,0.019576,0.000000,0.000000,16.000000,0.300000,0.010000,0.044272
1999-01-04,IBM,1999,1998,0.010339,0.000000,0.000000,16.000000,0.300000,0.010000,0.044272
1999-01-04,INTC,1999,1998,0.100008,0.000000,0.000000,16.000000,0.300000,0.010000,0.044272
1999-01-04,JNJ,1999,1998,0.061292,0.000000,0.000000,16.000000,0.300000,0.010000,0.044272
1999-01-04,KO,1999,1998,0.010339,0.000000,0.000000,16.000000,0.300000,0.010000,0.044272
1999-01-04,LLY,1999,1998,0.068478,0.000000,0.000000,16.000000,0.300000,0.010000,0.044272
1999-01-04,MRK,1999,1998,0.090679,0.000000,0.000000,16.000000,0.300000,0.010000,0.044272
1999-01-04,MSFT,1999,1998,0.100008,0.877041,0.000000,16.000000,0.300000,0.010000,0.044272
1999-01-04,PFE,1999,1998,0.098099,0.000000,0.000000,16.000000,0.300000,0.010000,0.044272
1999-01-04,PG,1999,1998,0.010339,0.000000,0.000000,16.000000,0.300000,0.010000,0.044272
1999-01-04,T,1999,1998,0.037023,0.000000,0.000000,16.000000,0.300000,0.010000,0.044272
1999-01-04,VZ,1999,1998,0.015125,0.000000,0.000000,16.000000,0.300000,0.010000,0.044272
1999-01-04,WMT,1999,1998,0.060369,0.000000,0.000000,16.000000,0.300000,0.010000,0.044272
1999-01-04,XOM,1999,1998,0.048282,0.000000,0.000000,16.000000,0.300000,0.010000,0.044272
1999-07-01,AIG,1999,1998,0.056641,0.000000,0.000000,16.000000,0.100000,0.001000,0.037584
1999-07-01,BAC,1999,1998,0.009993,0.000000,0.000000,16.000000,0.100000,0.001000,0.037584
1999-07-01,BMY,1999,1998,0.070850,0.000000,0.000000,16.000000,0.100000,0.001000,0.037584
1999-07-01,C,1999,1998,0.045020,0.000000,0.000000,16.000000,0.100000,0.001000,0.037584
1999-07-01,CSCO,1999,1998,0.099934,0.000000,0.000000,16.000000,0.100000,0.001000,0.037584
1999-07-01,GE,1999,1998,0.032038,0.000000,0.000000,16.000000,0.100000,0.001000,0.037584
1999-07-01,HD,1999,1998,0.088908,0.000000,0.000000,16.000000,0.100000,0.001000,0.037584
1999-07-01,IBM,1999,1998,0.099934,0.703249,0.000000,16.000000,0.100000,0.001000,0.037584
1999-07-01,INTC,1999,1998,0.099486,0.000000,0.000000,16.000000,0.100000,0.001000,0.037584
1999-07-01,JNJ,1999,1998,0.031364,0.000000,0.000000,16.000000,0.100000,0.001000,0.037584
1999-07-01,KO,1999,1998,0.011467,0.000000,0.000000,16.000000,0.100000,0.001000,0.037584
1999-07-01,LLY,1999,1998,0.017665,0.000000,0.000000,16.000000,0.100000,0.001000,0.037584
1999-07-01,MRK,1999,1998,0.040181,0.000000,0.000000,16.000000,0.100000,0.001000,0.037584
1999-07-01,MSFT,1999,1998,0.070157,0.000000,0.000000,16.000000,0.100000,0.001000,0.037584
1999-07-01,PFE,1999,1998,0.030693,0.000000,0.000000,16.000000,0.100000,0.001000,0.037584
1999-07-01,PG,1999,1998,0.037462,0.000000,0.000000,16.000000,0.100000,0.001000,0.037584
1999-07-01,T,1999,1998,0.046859,0.000000,0.000000,16.000000,0.100000,0.001000,0.037584
1999-07-01,VZ,1999,1998,0.016540,0.000000,0.000000,16.000000,0.100000,0.001000,0.037584
1999-07-01,WMT,1999,1998,0.071347,0.000000,0.000000,16.000000,0.100000,0.001000,0.037584
1999-07-01,XOM,1999,1998,0.023463,0.000000,0.000000,16.000000,0.100000,0.001000,0.037584
2000-01-03,AIG,2000,1999,0.055063,0.000000,0.000000,16.000000,0.300000,0.010000,0.042572
2000-01-03,BMY,2000,1999,0.079883,0.000000,0.000000,16.000000,0.300000,0.010000,0.042572
2000-01-03,C,2000,1999,0.098634,0.000000,0.000000,16.000000,0.300000,0.010000,0.042572
2000-01-03,CSCO,2000,1999,0.031618,0.000000,0.000000,16.000000,0.300000,0.010000,0.042572
2000-01-03,GE,2000,1999,0.068559,0.000000,0.000000,16.000000,0.300000,0.010000,0.042572
2000-01-03,HD,2000,1999,0.059787,0.000000,0.000000,16.000000,0.300000,0.010000,0.042572
2000-01-03,IBM,2000,1999,0.099277,0.616023,0.000000,16.000000,0.300000,0.010000,0.042572
2000-01-03,INTC,2000,1999,0.076321,0.000000,0.000000,16.000000,0.300000,0.010000,0.042572
2000-01-03,JNJ,2000,1999,0.059632,0.000000,0.000000,16.000000,0.300000,0.010000,0.042572
2000-01-03,KO,2000,1999,0.030226,0.000000,0.000000,16.000000,0.300000,0.010000,0.042572
2000-01-03,MRK,2000,1999,0.030226,0.000000,0.000000,16.000000,0.300000,0.010000,0.042572
2000-01-03,MSFT,2000,1999,0.038545,0.000000,0.000000,16.000000,0.300000,0.010000,0.042572
2000-01-03,ORCL,2000,1999,0.015671,0.000000,0.000000,16.000000,0.300000,0.010000,0.042572
2000-01-03,PFE,2000,1999,0.030226,0.000000,0.000000,16.000000,0.300000,0.010000,0.042572
2000-01-03,PG,2000,1999,0.055416,0.000000,0.000000,16.000000,0.300000,0.010000,0.042572
2000-01-03,QCOM,2000,1999,0.009999,0.000000,0.000000,16.000000,0.300000,0.010000,0.042572
2000-01-03,T,2000,1999,0.037298,0.000000,0.000000,16.000000,0.300000,0.010000,0.042572
2000-01-03,VZ,2000,1999,0.043769,0.000000,0.000000,16.000000,0.300000,0.010000,0.042572
2000-01-03,WMT,2000,1999,0.035563,0.000000,0.000000,16.000000,0.300000,0.010000,0.042572
2000-01-03,XOM,2000,1999,0.044288,0.000000,0.000000,16.000000,0.300000,0.010000,0.042572
2000-07-03,AIG,2000,1999,0.044217,0.000000,0.000000,16.000000,0.100000,0.010000,0.039389
2000-07-03,BMY,2000,1999,0.100006,0.719218,0.000000,16.000000,0.100000,0.010000,0.039389
2000-07-03,C,2000,1999,0.010113,0.000000,0.000000,16.000000,0.100000,0.010000,0.039389
2000-07-03,CSCO,2000,1999,0.010113,0.000000,0.000000,16.000000,0.100000,0.010000,0.039389
2000-07-03,GE,2000,1999,0.070007,0.000000,0.000000,16.000000,0.100000,0.010000,0.039389
2000-07-03,HD,2000,1999,0.036340,0.000000,0.000000,16.000000,0.100000,0.010000,0.039389
2000-07-03,IBM,2000,1999,0.054445,0.000000,0.000000,16.000000,0.100000,0.010000,0.039389
2000-07-03,INTC,2000,1999,0.046846,0.000000,0.000000,16.000000,0.100000,0.010000,0.039389
2000-07-03,JNJ,2000,1999,0.022682,0.000000,0.000000,16.000000,0.100000,0.010000,0.039389
2000-07-03,KO,2000,1999,0.010113,0.000000,0.000000,16.000000,0.100000,0.010000,0.039389
2000-07-03,MRK,2000,1999,0.011622,0.000000,0.000000,16.000000,0.100000,0.010000,0.039389
2000-07-03,MSFT,2000,1999,0.075965,0.000000,0.000000,16.000000,0.100000,0.010000,0.039389
2000-07-03,ORCL,2000,1999,0.100006,0.000000,0.000000,16.000000,0.100000,0.010000,0.039389
2000-07-03,PFE,2000,1999,0.079325,0.000000,0.000000,16.000000,0.100000,0.010000,0.039389
2000-07-03,PG,2000,1999,0.027827,0.000000,0.000000,16.000000,0.100000,0.010000,0.039389
2000-07-03,QCOM,2000,1999,0.100006,0.000000,0.000000,16.000000,0.100000,0.010000,0.039389
2000-07-03,T,2000,1999,0.020616,0.000000,0.000000,16.000000,0.100000,0.010000,0.039389
2000-07-03,VZ,2000,1999,0.039432,0.000000,0.000000,16.000000,0.100000,0.010000,0.039389
2000-07-03,WMT,2000,1999,0.066941,0.000000,0.000000,16.000000,0.100000,0.010000,0.039389
2000-07-03,XOM,2000,1999,0.073376,0.000000,0.000000,16.000000,0.100000,0.010000,0.039389
2001-01-02,AIG,2001,2000,0.016954,0.000000,0.000000,16.000000,0.100000,0.010000,0.046543
2001-01-02,BMY,2001,2000,0.099366,0.779011,0.000000,16.000000,0.100000,0.010000,0.046543
2001-01-02,C,2001,2000,0.032724,0.000000,0.000000,16.000000,0.100000,0.010000,0.046543
2001-01-02,CSCO,2001,2000,0.098959,0.000000,0.000000,16.000000,0.100000,0.010000,0.046543
2001-01-02,GE,2001,2000,0.061641,0.000000,0.000000,16.000000,0.100000,0.010000,0.046543
2001-01-02,HD,2001,2000,0.089573,0.000000,0.000000,16.000000,0.100000,0.010000,0.046543
2001-01-02,IBM,2001,2000,0.076628,0.000000,0.000000,16.000000,0.100000,0.010000,0.046543
2001-01-02,INTC,2001,2000,0.056485,0.000000,0.000000,16.000000,0.100000,0.010000,0.046543
2001-01-02,JNJ,2001,2000,0.020786,0.000000,0.000000,16.000000,0.100000,0.010000,0.046543
2001-01-02,KO,2001,2000,0.028053,0.000000,0.000000,16.000000,0.100000,0.010000,0.046543
2001-01-02,LLY,2001,2000,0.070323,0.000000,0.000000,16.000000,0.100000,0.010000,0.046543
2001-01-02,MRK,2001,2000,0.032029,0.000000,0.000000,16.000000,0.100000,0.010000,0.046543
2001-01-02,MSFT,2001,2000,0.065093,0.000000,0.000000,16.000000,0.100000,0.010000,0.046543
2001-01-02,ORCL,2001,2000,0.010454,0.000000,0.000000,16.000000,0.100000,0.010000,0.046543
2001-01-02,PFE,2001,2000,0.050124,0.000000,0.000000,16.000000,0.100000,0.010000,0.046543
2001-01-02,PG,2001,2000,0.009999,0.000000,0.000000,16.000000,0.100000,0.010000,0.046543
2001-01-02,T,2001,2000,0.011176,0.000000,0.000000,16.000000,0.100000,0.010000,0.046543
2001-01-02,VZ,2001,2000,0.048153,0.000000,0.000000,16.000000,0.100000,0.010000,0.046543
2001-01-02,WMT,2001,2000,0.079465,0.000000,0.000000,16.000000,0.100000,0.010000,0.046543
2001-01-02,XOM,2001,2000,0.042016,0.000000,0.000000,16.000000,0.100000,0.010000,0.046543
2001-07-02,AIG,2001,2000,0.021226,0.000000,0.000000,16.000000,0.300000,0.010000,0.048103
2001-07-02,BMY,2001,2000,0.100007,0.000000,0.000000,16.000000,0.300000,0.010000,0.048103
2001-07-02,C,2001,2000,0.039284,0.000000,0.000000,16.000000,0.300000,0.010000,0.048103
2001-07-02,CSCO,2001,2000,0.100007,0.682407,0.000000,16.000000,0.300000,0.010000,0.048103
2001-07-02,GE,2001,2000,0.058157,0.000000,0.000000,16.000000,0.300000,0.010000,0.048103
2001-07-02,HD,2001,2000,0.056399,0.000000,0.000000,16.000000,0.300000,0.010000,0.048103
2001-07-02,IBM,2001,2000,0.038942,0.000000,0.000000,16.000000,0.300000,0.010000,0.048103
2001-07-02,INTC,2001,2000,0.092573,0.000000,0.000000,16.000000,0.300000,0.010000,0.048103
2001-07-02,JNJ,2001,2000,0.048137,0.000000,0.000000,16.000000,0.300000,0.010000,0.048103
2001-07-02,KO,2001,2000,0.026932,0.000000,0.000000,16.000000,0.300000,0.010000,0.048103
2001-07-02,LLY,2001,2000,0.034991,0.000000,0.000000,16.000000,0.300000,0.010000,0.048103
2001-07-02,MRK,2001,2000,0.065783,0.000000,0.000000,16.000000,0.300000,0.010000,0.048103
2001-07-02,MSFT,2001,2000,0.010115,0.000000,0.000000,16.000000,0.300000,0.010000,0.048103
2001-07-02,ORCL,2001,2000,0.087524,0.000000,0.000000,16.000000,0.300000,0.010000,0.048103
2001-07-02,PFE,2001,2000,0.034045,0.000000,0.000000,16.000000,0.300000,0.010000,0.048103
2001-07-02,PG,2001,2000,0.064075,0.000000,0.000000,16.000000,0.300000,0.010000,0.048103
2001-07-02,T,2001,2000,0.021936,0.000000,0.000000,16.000000,0.300000,0.010000,0.048103
2001-07-02,VZ,2001,2000,0.021450,0.000000,0.000000,16.000000,0.300000,0.010000,0.048103
2001-07-02,WMT,2001,2000,0.032628,0.000000,0.000000,16.000000,0.300000,0.010000,0.048103
2001-07-02,XOM,2001,2000,0.045789,0.000000,0.000000,16.000000,0.300000,0.010000,0.048103
2002-01-02,AIG,2002,2001,0.076393,0.000000,0.000000,16.000000,0.300000,0.010000,0.046643
2002-01-02,BAC,2002,2001,0.041812,0.000000,0.000000,16.000000,0.300000,0.010000,0.046643
2002-01-02,BMY,2002,2001,0.053691,0.000000,0.000000,16.000000,0.300000,0.010000,0.046643
2002-01-02,C,2002,2001,0.032213,0.000000,0.000000,16.000000,0.300000,0.010000,0.046643
2002-01-02,CSCO,2002,2001,0.010316,0.000000,0.000000,16.000000,0.300000,0.010000,0.046643
2002-01-02,CVX,2002,2001,0.074548,0.000000,0.000000,16.000000,0.300000,0.010000,0.046643
2002-01-02,GE,2002,2001,0.010316,0.000000,0.000000,16.000000,0.300000,0.010000,0.046643
2002-01-02,HD,2002,2001,0.100005,0.000000,0.000000,16.000000,0.300000,0.010000,0.046643
2002-01-02,IBM,2002,2001,0.060257,0.000000,0.000000,16.000000,0.300000,0.010000,0.046643
2002-01-02,INTC,2002,2001,0.010316,0.000000,0.000000,16.000000,0.300000,0.010000,0.046643
2002-01-02,JNJ,2002,2001,0.100005,0.949127,0.000000,16.000000,0.300000,0.010000,0.046643
2002-01-02,KO,2002,2001,0.064195,0.000000,0.000000,16.000000,0.300000,0.010000,0.046643
2002-01-02,MRK,2002,2001,0.020256,0.000000,0.000000,16.000000,0.300000,0.010000,0.046643
2002-01-02,MSFT,2002,2001,0.100005,0.000000,0.000000,16.000000,0.300000,0.010000,0.046643
2002-01-02,PFE,2002,2001,0.010316,0.000000,0.000000,16.000000,0.300000,0.010000,0.046643
2002-01-02,PG,2002,2001,0.062937,0.000000,0.000000,16.000000,0.300000,0.010000,0.046643
2002-01-02,T,2002,2001,0.045152,0.000000,0.000000,16.000000,0.300000,0.010000,0.046643
2002-01-02,VZ,2002,2001,0.011413,0.000000,0.000000,16.000000,0.300000,0.010000,0.046643
2002-01-02,WMT,2002,2001,0.089065,0.000000,0.000000,16.000000,0.300000,0.010000,0.046643
2002-01-02,XOM,2002,2001,0.026792,0.000000,0.000000,16.000000,0.300000,0.010000,0.046643
2002-07-01,AIG,2002,2001,0.009991,0.000000,0.000000,16.000000,0.300000,0.010000,0.044454
2002-07-01,BAC,2002,2001,0.021755,0.000000,0.000000,16.000000,0.300000,0.010000,0.044454
2002-07-01,BMY,2002,2001,0.021709,0.000000,0.000000,16.000000,0.300000,0.010000,0.044454
2002-07-01,C,2002,2001,0.077714,0.000000,0.000000,16.000000,0.300000,0.010000,0.044454
2002-07-01,CSCO,2002,2001,0.059674,0.000000,0.000000,16.000000,0.300000,0.010000,0.044454
2002-07-01,CVX,2002,2001,0.039163,0.000000,0.000000,16.000000,0.300000,0.010000,0.044454
2002-07-01,GE,2002,2001,0.009991,0.000000,0.000000,16.000000,0.300000,0.010000,0.044454
2002-07-01,HD,2002,2001,0.097721,0.000000,0.000000,16.000000,0.300000,0.010000,0.044454
2002-07-01,IBM,2002,2001,0.097721,0.000000,0.000000,16.000000,0.300000,0.010000,0.044454
2002-07-01,INTC,2002,2001,0.097721,0.546016,0.000000,16.000000,0.300000,0.010000,0.044454
2002-07-01,JNJ,2002,2001,0.071611,0.000000,0.000000,16.000000,0.300000,0.010000,0.044454
2002-07-01,KO,2002,2001,0.061951,0.000000,0.000000,16.000000,0.300000,0.010000,0.044454
2002-07-01,MRK,2002,2001,0.015173,0.000000,0.000000,16.000000,0.300000,0.010000,0.044454
2002-07-01,MSFT,2002,2001,0.088121,0.000000,0.000000,16.000000,0.300000,0.010000,0.044454
2002-07-01,PFE,2002,2001,0.009991,0.000000,0.000000,16.000000,0.300000,0.010000,0.044454
2002-07-01,PG,2002,2001,0.091156,0.000000,0.000000,16.000000,0.300000,0.010000,0.044454
2002-07-01,T,2002,2001,0.010926,0.000000,0.000000,16.000000,0.300000,0.010000,0.044454
2002-07-01,VZ,2002,2001,0.009991,0.000000,0.000000,16.000000,0.300000,0.010000,0.044454
2002-07-01,WMT,2002,2001,0.079757,0.000000,0.000000,16.000000,0.300000,0.010000,0.044454
2002-07-01,XOM,2002,2001,0.028163,0.000000,0.000000,16.000000,0.300000,0.010000,0.044454
2003-01-02,AIG,2003,2002,0.013276,0.000000,0.000000,16.000000,0.300000,0.010000,0.046006
2003-01-02,BAC,2003,2002,0.010202,0.000000,0.000000,16.000000,0.300000,0.010000,0.046006
2003-01-02,C,2003,2002,0.060746,0.000000,0.000000,16.000000,0.300000,0.010000,0.046006
2003-01-02,CSCO,2003,2002,0.011297,0.000000,0.000000,16.000000,0.300000,0.010000,0.046006
2003-01-02,CVX,2003,2002,0.054993,0.000000,0.000000,16.000000,0.300000,0.010000,0.046006
2003-01-02,GE,2003,2002,0.017805,0.000000,0.000000,16.000000,0.300000,0.010000,0.046006
2003-01-02,IBM,2003,2002,0.046145,0.000000,0.000000,16.000000,0.300000,0.010000,0.046006
2003-01-02,INTC,2003,2002,0.100003,0.702521,0.000000,16.000000,0.300000,0.010000,0.046006
2003-01-02,JNJ,2003,2002,0.092660,0.000000,0.000000,16.000000,0.300000,0.010000,0.046006
2003-01-02,KO,2003,2002,0.060565,0.000000,0.000000,16.000000,0.300000,0.010000,0.046006
2003-01-02,LLY,2003,2002,0.046735,0.000000,0.000000,16.000000,0.300000,0.010000,0.046006
2003-01-02,MRK,2003,2002,0.084412,0.000000,0.000000,16.000000,0.300000,0.010000,0.046006
2003-01-02,MSFT,2003,2002,0.057949,0.000000,0.000000,16.000000,0.300000,0.010000,0.046006
2003-01-02,PEP,2003,2002,0.065208,0.000000,0.000000,16.000000,0.300000,0.010000,0.046006
2003-01-02,PFE,2003,2002,0.053555,0.000000,0.000000,16.000000,0.300000,0.010000,0.046006
2003-01-02,PG,2003,2002,0.039151,0.000000,0.000000,16.000000,0.300000,0.010000,0.046006
2003-01-02,VZ,2003,2002,0.010202,0.000000,0.000000,16.000000,0.300000,0.010000,0.046006
2003-01-02,WFC,2003,2002,0.046304,0.000000,0.000000,16.000000,0.300000,0.010000,0.046006
2003-01-02,WMT,2003,2002,0.100003,0.000000,0.000000,16.000000,0.300000,0.010000,0.046006
2003-01-02,XOM,2003,2002,0.028791,0.000000,0.000000,16.000000,0.300000,0.010000,0.046006
2003-07-01,AIG,2003,2002,0.009996,0.000000,0.000000,16.000000,0.100000,0.010000,0.043319
2003-07-01,BAC,2003,2002,0.016834,0.000000,0.000000,16.000000,0.100000,0.010000,0.043319
2003-07-01,C,2003,2002,0.095388,0.000000,0.000000,16.000000,0.100000,0.010000,0.043319
2003-07-01,CSCO,2003,2002,0.099176,0.633076,0.000000,16.000000,0.100000,0.010000,0.043319
2003-07-01,CVX,2003,2002,0.071832,0.000000,0.000000,16.000000,0.100000,0.010000,0.043319
2003-07-01,GE,2003,2002,0.098172,0.000000,0.000000,16.000000,0.100000,0.010000,0.043319
2003-07-01,IBM,2003,2002,0.061254,0.000000,0.000000,16.000000,0.100000,0.010000,0.043319
2003-07-01,INTC,2003,2002,0.099176,0.000000,0.000000,16.000000,0.100000,0.010000,0.043319
2003-07-01,JNJ,2003,2002,0.061024,0.000000,0.000000,16.000000,0.100000,0.010000,0.043319
2003-07-01,KO,2003,2002,0.022150,0.000000,0.000000,16.000000,0.100000,0.010000,0.043319
2003-07-01,LLY,2003,2002,0.079258,0.000000,0.000000,16.000000,0.100000,0.010000,0.043319
2003-07-01,MRK,2003,2002,0.051770,0.000000,0.000000,16.000000,0.100000,0.010000,0.043319
2003-07-01,MSFT,2003,2002,0.009996,0.000000,0.000000,16.000000,0.100000,0.010000,0.043319
2003-07-01,PEP,2003,2002,0.054309,0.000000,0.000000,16.000000,0.100000,0.010000,0.043319
2003-07-01,PFE,2003,2002,0.050814,0.000000,0.000000,16.000000,0.100000,0.010000,0.043319
2003-07-01,PG,2003,2002,0.009996,0.000000,0.000000,16.000000,0.100000,0.010000,0.043319
2003-07-01,VZ,2003,2002,0.055688,0.000000,0.000000,16.000000,0.100000,0.010000,0.043319
2003-07-01,WFC,2003,2002,0.009996,0.000000,0.000000,16.000000,0.100000,0.010000,0.043319
2003-07-01,WMT,2003,2002,0.009996,0.000000,0.000000,16.000000,0.100000,0.010000,0.043319
2003-07-01,XOM,2003,2002,0.033174,0.000000,0.000000,16.000000,0.100000,0.010000,0.043319
2004-01-02,AIG,2004,2003,0.070979,0.000000,0.000000,16.000000,0.100000,0.010000,0.042255
2004-01-02,BAC,2004,2003,0.010627,0.000000,0.000000,16.000000,0.100000,0.010000,0.042255
2004-01-02,C,2004,2003,0.057111,0.000000,0.000000,16.000000,0.100000,0.010000,0.042255
2004-01-02,CSCO,2004,2003,0.100003,0.881641,0.000000,16.000000,0.100000,0.010000,0.042255
2004-01-02,CVX,2004,2003,0.015116,0.000000,0.000000,16.000000,0.100000,0.010000,0.042255
2004-01-02,GE,2004,2003,0.064406,0.000000,0.000000,16.000000,0.100000,0.010000,0.042255
2004-01-02,HD,2004,2003,0.100003,0.000000,0.000000,16.000000,0.100000,0.010000,0.042255
2004-01-02,IBM,2004,2003,0.010627,0.000000,0.000000,16.000000,0.100000,0.010000,0.042255
2004-01-02,INTC,2004,2003,0.100003,0.000000,0.000000,16.000000,0.100000,0.010000,0.042255
2004-01-02,JNJ,2004,2003,0.010627,0.000000,0.000000,16.000000,0.100000,0.010000,0.042255
2004-01-02,KO,2004,2003,0.030286,0.000000,0.000000,16.000000,0.100000,0.010000,0.042255
2004-01-02,MRK,2004,2003,0.022470,0.000000,0.000000,16.000000,0.100000,0.010000,0.042255
2004-01-02,MSFT,2004,2003,0.066468,0.000000,0.000000,16.000000,0.100000,0.010000,0.042255
2004-01-02,PFE,2004,2003,0.026303,0.000000,0.000000,16.000000,0.100000,0.010000,0.042255
2004-01-02,PG,2004,2003,0.076223,0.000000,0.000000,16.000000,0.100000,0.010000,0.042255
2004-01-02,UPS,2004,2003,0.047955,0.000000,0.000000,16.000000,0.100000,0.010000,0.042255
2004-01-02,VZ,2004,2003,0.095455,0.000000,0.000000,16.000000,0.100000,0.010000,0.042255
2004-01-02,WFC,2004,2003,0.034385,0.000000,0.000000,16.000000,0.100000,0.010000,0.042255
2004-01-02,WMT,2004,2003,0.032616,0.000000,0.000000,16.000000,0.100000,0.010000,0.042255
2004-01-02,XOM,2004,2003,0.028335,0.000000,0.000000,16.000000,0.100000,0.010000,0.042255
2004-07-01,AIG,2004,2003,0.071176,0.000000,0.000000,16.000000,0.100000,0.010000,0.044633
2004-07-01,BAC,2004,2003,0.016633,0.000000,0.000000,16.000000,0.100000,0.010000,0.044633
2004-07-01,C,2004,2003,0.047794,0.000000,0.000000,16.000000,0.100000,0.010000,0.044633
2004-07-01,CSCO,2004,2003,0.028935,0.000000,0.000000,16.000000,0.100000,0.010000,0.044633
2004-07-01,CVX,2004,2003,0.048424,0.000000,0.000000,16.000000,0.100000,0.010000,0.044633
2004-07-01,GE,2004,2003,0.053065,0.000000,0.000000,16.000000,0.100000,0.010000,0.044633
2004-07-01,HD,2004,2003,0.079903,0.000000,0.000000,16.000000,0.100000,0.010000,0.044633
2004-07-01,IBM,2004,2003,0.082746,0.000000,0.000000,16.000000,0.100000,0.010000,0.044633
2004-07-01,INTC,2004,2003,0.010000,0.000000,0.000000,16.000000,0.100000,0.010000,0.044633
2004-07-01,JNJ,2004,2003,0.030521,0.000000,0.000000,16.000000,0.100000,0.010000,0.044633
2004-07-01,KO,2004,2003,0.055103,0.000000,0.000000,16.000000,0.100000,0.010000,0.044633
2004-07-01,MRK,2004,2003,0.070510,0.000000,0.000000,16.000000,0.100000,0.010000,0.044633
2004-07-01,MSFT,2004,2003,0.080468,0.000000,0.000000,16.000000,0.100000,0.010000,0.044633
2004-07-01,PFE,2004,2003,0.024339,0.000000,0.000000,16.000000,0.100000,0.010000,0.044633
2004-07-01,PG,2004,2003,0.072073,0.000000,0.000000,16.000000,0.100000,0.010000,0.044633
2004-07-01,UPS,2004,2003,0.044639,0.000000,0.000000,16.000000,0.100000,0.010000,0.044633
2004-07-01,VZ,2004,2003,0.099590,0.453106,0.000000,16.000000,0.100000,0.010000,0.044633
2004-07-01,WFC,2004,2003,0.018463,0.000000,0.000000,16.000000,0.100000,0.010000,0.044633
2004-07-01,WMT,2004,2003,0.044537,0.000000,0.000000,16.000000,0.100000,0.010000,0.044633
2004-07-01,XOM,2004,2003,0.021080,0.000000,0.000000,16.000000,0.100000,0.010000,0.044633
2005-01-03,AIG,2005,2004,0.072783,0.000000,0.000000,16.000000,0.300000,0.010000,0.046248
2005-01-03,BAC,2005,2004,0.009999,0.000000,0.000000,16.000000,0.300000,0.010000,0.046248
2005-01-03,C,2005,2004,0.051907,0.000000,0.000000,16.000000,0.300000,0.010000,0.046248
2005-01-03,CSCO,2005,2004,0.078427,0.000000,0.000000,16.000000,0.300000,0.010000,0.046248
2005-01-03,CVX,2005,2004,0.009999,0.000000,0.000000,16.000000,0.300000,0.010000,0.046248
2005-01-03,GE,2005,2004,0.050255,0.000000,0.000000,16.000000,0.300000,0.010000,0.046248
2005-01-03,HD,2005,2004,0.019426,0.000000,0.000000,16.000000,0.300000,0.010000,0.046248
2005-01-03,IBM,2005,2004,0.076937,0.000000,0.000000,16.000000,0.300000,0.010000,0.046248
2005-01-03,INTC,2005,2004,0.077530,0.000000,0.000000,16.000000,0.300000,0.010000,0.046248
2005-01-03,JNJ,2005,2004,0.052665,0.000000,0.000000,16.000000,0.300000,0.010000,0.046248
2005-01-03,JPM,2005,2004,0.056262,0.000000,0.000000,16.000000,0.300000,0.010000,0.046248
2005-01-03,KO,2005,2004,0.088947,0.000000,0.000000,16.000000,0.300000,0.010000,0.046248
2005-01-03,MSFT,2005,2004,0.067402,0.000000,0.000000,16.000000,0.300000,0.010000,0.046248
2005-01-03,PFE,2005,2004,0.099586,0.753825,0.000000,16.000000,0.300000,0.010000,0.046248
2005-01-03,PG,2005,2004,0.009999,0.000000,0.000000,16.000000,0.300000,0.010000,0.046248
2005-01-03,UPS,2005,2004,0.050560,0.000000,0.000000,16.000000,0.300000,0.010000,0.046248
2005-01-03,VZ,2005,2004,0.031376,0.000000,0.000000,16.000000,0.300000,0.010000,0.046248
2005-01-03,WFC,2005,2004,0.046794,0.000000,0.000000,16.000000,0.300000,0.010000,0.046248
2005-01-03,WMT,2005,2004,0.014474,0.000000,0.000000,16.000000,0.300000,0.010000,0.046248
2005-01-03,XOM,2005,2004,0.034671,0.000000,0.000000,16.000000,0.300000,0.010000,0.046248
2005-07-01,AIG,2005,2004,0.052440,0.000000,0.000000,16.000000,0.300000,0.010000,0.046575
2005-07-01,BAC,2005,2004,0.052743,0.000000,0.000000,16.000000,0.300000,0.010000,0.046575
2005-07-01,C,2005,2004,0.052440,0.000000,0.000000,16.000000,0.300000,0.010000,0.046575
2005-07-01,CSCO,2005,2004,0.052440,0.000000,0.000000,16.000000,0.300000,0.010000,0.046575
2005-07-01,CVX,2005,2004,0.010153,0.000000,0.000000,16.000000,0.300000,0.010000,0.046575
2005-07-01,GE,2005,2004,0.053869,0.000000,0.000000,16.000000,0.300000,0.010000,0.046575
2005-07-01,HD,2005,2004,0.047909,0.000000,0.000000,16.000000,0.300000,0.010000,0.046575
2005-07-01,IBM,2005,2004,0.088078,0.458726,0.000000,16.000000,0.300000,0.010000,0.046575
2005-07-01,INTC,2005,2004,0.052440,0.000000,0.000000,16.000000,0.300000,0.010000,0.046575
2005-07-01,JNJ,2005,2004,0.050296,0.000000,0.000000,16.000000,0.300000,0.010000,0.046575
2005-07-01,JPM,2005,2004,0.052440,0.000000,0.000000,16.000000,0.300000,0.010000,0.046575
2005-07-01,KO,2005,2004,0.050691,0.000000,0.000000,16.000000,0.300000,0.010000,0.046575
2005-07-01,MSFT,2005,2004,0.052440,0.000000,0.000000,16.000000,0.300000,0.010000,0.046575
2005-07-01,PFE,2005,2004,0.052440,0.000000,0.000000,16.000000,0.300000,0.010000,0.046575
2005-07-01,PG,2005,2004,0.045719,0.000000,0.000000,16.000000,0.300000,0.010000,0.046575
2005-07-01,UPS,2005,2004,0.052440,0.000000,0.000000,16.000000,0.300000,0.010000,0.046575
2005-07-01,VZ,2005,2004,0.065843,0.000000,0.000000,16.000000,0.300000,0.010000,0.046575
2005-07-01,WFC,2005,2004,0.052743,0.000000,0.000000,16.000000,0.300000,0.010000,0.046575
2005-07-01,WMT,2005,2004,0.052440,0.000000,0.000000,16.000000,0.300000,0.010000,0.046575
2005-07-01,XOM,2005,2004,0.009999,0.000000,0.000000,16.000000,0.300000,0.010000,0.046575
2006-01-03,AIG,2006,2005,0.015219,0.000000,0.000000,16.000000,0.100000,0.010000,0.046249
2006-01-03,AMGN,2006,2005,0.055920,0.000000,0.000000,16.000000,0.100000,0.010000,0.046249
2006-01-03,BAC,2006,2005,0.027458,0.000000,0.000000,16.000000,0.100000,0.010000,0.046249
2006-01-03,C,2006,2005,0.051974,0.000000,0.000000,16.000000,0.100000,0.010000,0.046249
2006-01-03,CSCO,2006,2005,0.060419,0.000000,0.000000,16.000000,0.100000,0.010000,0.046249
2006-01-03,CVX,2006,2005,0.010000,0.000000,0.000000,16.000000,0.100000,0.010000,0.046249
2006-01-03,GE,2006,2005,0.032157,0.000000,0.000000,16.000000,0.100000,0.010000,0.046249
2006-01-03,HD,2006,2005,0.055841,0.000000,0.000000,16.000000,0.100000,0.010000,0.046249
2006-01-03,IBM,2006,2005,0.052777,0.000000,0.000000,16.000000,0.100000,0.010000,0.046249
2006-01-03,INTC,2006,2005,0.057150,0.000000,0.000000,16.000000,0.100000,0.010000,0.046249
2006-01-03,JNJ,2006,2005,0.043890,0.000000,0.000000,16.000000,0.100000,0.010000,0.046249
2006-01-03,JPM,2006,2005,0.060052,0.000000,0.000000,16.000000,0.100000,0.010000,0.046249
2006-01-03,KO,2006,2005,0.099602,0.607409,0.000000,16.000000,0.100000,0.010000,0.046249
2006-01-03,MSFT,2006,2005,0.053431,0.000000,0.000000,16.000000,0.100000,0.010000,0.046249
2006-01-03,PEP,2006,2005,0.056008,0.000000,0.000000,16.000000,0.100000,0.010000,0.046249
2006-01-03,PFE,2006,2005,0.082334,0.000000,0.000000,16.000000,0.100000,0.010000,0.046249
2006-01-03,PG,2006,2005,0.023741,0.000000,0.000000,16.000000,0.100000,0.010000,0.046249
2006-01-03,WFC,2006,2005,0.030924,0.000000,0.000000,16.000000,0.100000,0.010000,0.046249
2006-01-03,WMT,2006,2005,0.049737,0.000000,0.000000,16.000000,0.100000,0.010000,0.046249
2006-01-03,XOM,2006,2005,0.081367,0.000000,0.000000,16.000000,0.100000,0.010000,0.046249
2006-07-03,AIG,2006,2005,0.085510,0.000000,0.000000,16.000000,0.300000,0.010000,0.042589
2006-07-03,AMGN,2006,2005,0.035572,0.000000,0.000000,16.000000,0.300000,0.010000,0.042589
2006-07-03,BAC,2006,2005,0.022126,0.000000,0.000000,16.000000,0.300000,0.010000,0.042589
2006-07-03,C,2006,2005,0.023389,0.000000,0.000000,16.000000,0.300000,0.010000,0.042589
2006-07-03,CSCO,2006,2005,0.024059,0.000000,0.000000,16.000000,0.300000,0.010000,0.042589
2006-07-03,CVX,2006,2005,0.043442,0.000000,0.000000,16.000000,0.300000,0.010000,0.042589
2006-07-03,GE,2006,2005,0.071571,0.000000,0.000000,16.000000,0.300000,0.010000,0.042589
2006-07-03,HD,2006,2005,0.013137,0.000000,0.000000,16.000000,0.300000,0.010000,0.042589
2006-07-03,IBM,2006,2005,0.100004,0.000000,0.000000,16.000000,0.300000,0.010000,0.042589
2006-07-03,INTC,2006,2005,0.100004,0.604404,0.000000,16.000000,0.300000,0.010000,0.042589
2006-07-03,JNJ,2006,2005,0.080162,0.000000,0.000000,16.000000,0.300000,0.010000,0.042589
2006-07-03,JPM,2006,2005,0.071795,0.000000,0.000000,16.000000,0.300000,0.010000,0.042589
2006-07-03,KO,2006,2005,0.074576,0.000000,0.000000,16.000000,0.300000,0.010000,0.042589
2006-07-03,MSFT,2006,2005,0.010320,0.000000,0.000000,16.000000,0.300000,0.010000,0.042589
2006-07-03,PEP,2006,2005,0.060940,0.000000,0.000000,16.000000,0.300000,0.010000,0.042589
2006-07-03,PFE,2006,2005,0.079629,0.000000,0.000000,16.000000,0.300000,0.010000,0.042589
2006-07-03,PG,2006,2005,0.026735,0.000000,0.000000,16.000000,0.300000,0.010000,0.042589
2006-07-03,WFC,2006,2005,0.017739,0.000000,0.000000,16.000000,0.300000,0.010000,0.042589
2006-07-03,WMT,2006,2005,0.026242,0.000000,0.000000,16.000000,0.300000,0.010000,0.042589
2006-07-03,XOM,2006,2005,0.033046,0.000000,0.000000,16.000000,0.300000,0.010000,0.042589
2007-01-03,AIG,2007,2006,0.077986,0.000000,0.000000,16.000000,0.100000,0.010000,0.044579
2007-01-03,BAC,2007,2006,0.025921,0.000000,0.000000,16.000000,0.100000,0.010000,0.044579
2007-01-03,C,2007,2006,0.019998,0.000000,0.000000,16.000000,0.100000,0.010000,0.044579
2007-01-03,CSCO,2007,2006,0.021669,0.000000,0.000000,16.000000,0.100000,0.010000,0.044579
2007-01-03,CVX,2007,2006,0.058449,0.000000,0.000000,16.000000,0.100000,0.010000,0.044579
2007-01-03,GE,2007,2006,0.095415,0.000000,0.000000,16.000000,0.100000,0.010000,0.044579
2007-01-03,IBM,2007,2006,0.100001,0.514441,0.000000,16.000000,0.100000,0.010000,0.044579
2007-01-03,INTC,2007,2006,0.062951,0.000000,0.000000,16.000000,0.100000,0.010000,0.044579
2007-01-03,JNJ,2007,2006,0.097393,0.000000,0.000000,16.000000,0.100000,0.010000,0.044579
2007-01-03,JPM,2007,2006,0.030379,0.000000,0.000000,16.000000,0.100000,0.010000,0.044579
2007-01-03,KO,2007,2006,0.063747,0.000000,0.000000,16.000000,0.100000,0.010000,0.044579
2007-01-03,MSFT,2007,2006,0.029992,0.000000,0.000000,16.000000,0.100000,0.010000,0.044579
2007-01-03,PFE,2007,2006,0.037423,0.000000,0.000000,16.000000,0.100000,0.010000,0.044579
2007-01-03,PG,2007,2006,0.031551,0.000000,0.000000,16.000000,0.100000,0.010000,0.044579
2007-01-03,T,2007,2006,0.044115,0.000000,0.000000,16.000000,0.100000,0.010000,0.044579
2007-01-03,VZ,2007,2006,0.010141,0.000000,0.000000,16.000000,0.100000,0.010000,0.044579
2007-01-03,WFC,2007,2006,0.052518,0.000000,0.000000,16.000000,0.100000,0.010000,0.044579
2007-01-03,WMT,2007,2006,0.053937,0.000000,0.000000,16.000000,0.100000,0.010000,0.044579
2007-01-03,XOM,2007,2006,0.086415,0.000000,0.000000,16.000000,0.100000,0.010000,0.044579
2007-07-02,AIG,2007,2006,0.035507,0.000000,0.000000,16.000000,0.100000,0.010000,0.047276
2007-07-02,BAC,2007,2006,0.045851,0.000000,0.000000,16.000000,0.100000,0.010000,0.047276
2007-07-02,C,2007,2006,0.030840,0.000000,0.000000,16.000000,0.100000,0.010000,0.047276
2007-07-02,CSCO,2007,2006,0.078015,0.000000,0.000000,16.000000,0.100000,0.010000,0.047276
2007-07-02,CVX,2007,2006,0.070237,0.000000,0.000000,16.000000,0.100000,0.010000,0.047276
2007-07-02,GE,2007,2006,0.010168,0.000000,0.000000,16.000000,0.100000,0.010000,0.047276
2007-07-02,IBM,2007,2006,0.098832,0.000000,0.000000,16.000000,0.100000,0.010000,0.047276
2007-07-02,INTC,2007,2006,0.010168,0.000000,0.000000,16.000000,0.100000,0.010000,0.047276
2007-07-02,JNJ,2007,2006,0.073845,0.000000,0.000000,16.000000,0.100000,0.010000,0.047276
2007-07-02,JPM,2007,2006,0.019109,0.000000,0.000000,16.000000,0.100000,0.010000,0.047276
2007-07-02,KO,2007,2006,0.046631,0.000000,0.000000,16.000000,0.100000,0.010000,0.047276
2007-07-02,MSFT,2007,2006,0.010168,0.000000,0.000000,16.000000,0.100000,0.010000,0.047276
2007-07-02,PFE,2007,2006,0.100002,0.000000,0.000000,16.000000,0.100000,0.010000,0.047276
2007-07-02,PG,2007,2006,0.010168,0.000000,0.000000,16.000000,0.100000,0.010000,0.047276
2007-07-02,T,2007,2006,0.100002,0.666400,0.000000,16.000000,0.100000,0.010000,0.047276
2007-07-02,VZ,2007,2006,0.097056,0.000000,0.000000,16.000000,0.100000,0.010000,0.047276
2007-07-02,WFC,2007,2006,0.084371,0.000000,0.000000,16.000000,0.100000,0.010000,0.047276
2007-07-02,WMT,2007,2006,0.010168,0.000000,0.000000,16.000000,0.100000,0.010000,0.047276
2007-07-02,XOM,2007,2006,0.068864,0.000000,0.000000,16.000000,0.100000,0.010000,0.047276
2008-01-02,AAPL,2008,2007,0.049226,0.000000,0.000000,16.000000,0.100000,0.010000,0.044743
2008-01-02,AIG,2008,2007,0.042970,0.000000,0.000000,16.000000,0.100000,0.010000,0.044743
2008-01-02,BAC,2008,2007,0.061313,0.000000,0.000000,16.000000,0.100000,0.010000,0.044743
2008-01-02,C,2008,2007,0.038076,0.000000,0.000000,16.000000,0.100000,0.010000,0.044743
2008-01-02,CSCO,2008,2007,0.089974,0.000000,0.000000,16.000000,0.100000,0.010000,0.044743
2008-01-02,CVX,2008,2007,0.054729,0.000000,0.000000,16.000000,0.100000,0.010000,0.044743
2008-01-02,GE,2008,2007,0.033706,0.000000,0.000000,16.000000,0.100000,0.010000,0.044743
2008-01-02,IBM,2008,2007,0.023727,0.000000,0.000000,16.000000,0.100000,0.010000,0.044743
2008-01-02,INTC,2008,2007,0.053726,0.000000,0.000000,16.000000,0.100000,0.010000,0.044743
2008-01-02,JNJ,2008,2007,0.100007,0.717457,0.000000,16.000000,0.100000,0.010000,0.044743
2008-01-02,JPM,2008,2007,0.066166,0.000000,0.000000,16.000000,0.100000,0.010000,0.044743
2008-01-02,KO,2008,2007,0.069122,0.000000,0.000000,16.000000,0.100000,0.010000,0.044743
2008-01-02,MSFT,2008,2007,0.010079,0.000000,0.000000,16.000000,0.100000,0.010000,0.044743
2008-01-02,PFE,2008,2007,0.099524,0.000000,0.000000,16.000000,0.100000,0.010000,0.044743
2008-01-02,PG,2008,2007,0.095107,0.000000,0.000000,16.000000,0.100000,0.010000,0.044743
2008-01-02,T,2008,2007,0.024494,0.000000,0.000000,16.000000,0.100000,0.010000,0.044743
2008-01-02,VZ,2008,2007,0.019545,0.000000,0.000000,16.000000,0.100000,0.010000,0.044743
2008-01-02,WMT,2008,2007,0.010079,0.000000,0.000000,16.000000,0.100000,0.010000,0.044743
2008-01-02,XOM,2008,2007,0.058429,0.000000,0.000000,16.000000,0.100000,0.010000,0.044743
2008-07-01,AAPL,2008,2007,0.100005,0.000000,0.000000,16.000000,0.300000,0.010000,0.045599
2008-07-01,AIG,2008,2007,0.045427,0.000000,0.000000,16.000000,0.300000,0.010000,0.045599
2008-07-01,BAC,2008,2007,0.013830,0.000000,0.000000,16.000000,0.300000,0.010000,0.045599
2008-07-01,C,2008,2007,0.010082,0.000000,0.000000,16.000000,0.300000,0.010000,0.045599
2008-07-01,CSCO,2008,2007,0.078247,0.000000,0.000000,16.000000,0.300000,0.010000,0.045599
2008-07-01,CVX,2008,2007,0.070267,0.000000,0.000000,16.000000,0.300000,0.010000,0.045599
2008-07-01,GE,2008,2007,0.067649,0.000000,0.000000,16.000000,0.300000,0.010000,0.045599
2008-07-01,IBM,2008,2007,0.039989,0.000000,0.000000,16.000000,0.300000,0.010000,0.045599
2008-07-01,INTC,2008,2007,0.068194,0.000000,0.000000,16.000000,0.300000,0.010000,0.045599
2008-07-01,JNJ,2008,2007,0.093306,0.000000,0.000000,16.000000,0.300000,0.010000,0.045599
2008-07-01,JPM,2008,2007,0.028595,0.000000,0.000000,16.000000,0.300000,0.010000,0.045599
2008-07-01,KO,2008,2007,0.023524,0.000000,0.000000,16.000000,0.300000,0.010000,0.045599
2008-07-01,MSFT,2008,2007,0.010082,0.000000,0.000000,16.000000,0.300000,0.010000,0.045599
2008-07-01,PFE,2008,2007,0.016826,0.000000,0.000000,16.000000,0.300000,0.010000,0.045599
2008-07-01,PG,2008,2007,0.100005,0.513506,0.000000,16.000000,0.300000,0.010000,0.045599
2008-07-01,T,2008,2007,0.054475,0.000000,0.000000,16.000000,0.300000,0.010000,0.045599
2008-07-01,VZ,2008,2007,0.010082,0.000000,0.000000,16.000000,0.300000,0.010000,0.045599
2008-07-01,WMT,2008,2007,0.098362,0.000000,0.000000,16.000000,0.300000,0.010000,0.045599
2008-07-01,XOM,2008,2007,0.071050,0.000000,0.000000,16.000000,0.300000,0.010000,0.045599
2009-01-02,CSCO,2009,2008,0.045026,0.000000,0.000000,16.000000,0.100000,0.010000,0.044495
2009-01-02,CVX,2009,2008,0.056653,0.000000,0.000000,16.000000,0.100000,0.010000,0.044495
2009-01-02,GE,2009,2008,0.037446,0.000000,0.000000,16.000000,0.100000,0.010000,0.044495
2009-01-02,GOOGL,2009,2008,0.041223,0.000000,0.000000,16.000000,0.100000,0.010000,0.044495
2009-01-02,IBM,2009,2008,0.075661,0.000000,0.000000,16.000000,0.100000,0.010000,0.044495
2009-01-02,INTC,2009,2008,0.079202,0.000000,0.000000,16.000000,0.100000,0.010000,0.044495
2009-01-02,JNJ,2009,2008,0.031203,0.000000,0.000000,16.000000,0.100000,0.010000,0.044495
2009-01-02,JPM,2009,2008,0.055451,0.000000,0.000000,16.000000,0.100000,0.010000,0.044495
2009-01-02,KO,2009,2008,0.073657,0.000000,0.000000,16.000000,0.100000,0.010000,0.044495
2009-01-02,MSFT,2009,2008,0.054612,0.000000,0.000000,16.000000,0.100000,0.010000,0.044495
2009-01-02,ORCL,2009,2008,0.040082,0.000000,0.000000,16.000000,0.100000,0.010000,0.044495
2009-01-02,PEP,2009,2008,0.062322,0.000000,0.000000,16.000000,0.100000,0.010000,0.044495
2009-01-02,PFE,2009,2008,0.093534,0.000000,0.000000,16.000000,0.100000,0.010000,0.044495
2009-01-02,PG,2009,2008,0.099254,0.790158,0.000000,16.000000,0.100000,0.010000,0.044495
2009-01-02,T,2009,2008,0.048778,0.000000,0.000000,16.000000,0.100000,0.010000,0.044495
2009-01-02,VZ,2009,2008,0.009999,0.000000,0.000000,16.000000,0.100000,0.010000,0.044495
2009-01-02,WFC,2009,2008,0.009999,0.000000,0.000000,16.000000,0.100000,0.010000,0.044495
2009-01-02,WMT,2009,2008,0.025343,0.000000,0.000000,16.000000,0.100000,0.010000,0.044495
2009-01-02,XOM,2009,2008,0.060558,0.000000,0.000000,16.000000,0.100000,0.010000,0.044495
2009-07-01,CSCO,2009,2008,0.058690,0.000000,0.000000,16.000000,0.100000,0.010000,0.044910
2009-07-01,CVX,2009,2008,0.079653,0.000000,0.000000,16.000000,0.100000,0.010000,0.044910
2009-07-01,GE,2009,2008,0.057846,0.000000,0.000000,16.000000,0.100000,0.010000,0.044910
2009-07-01,GOOGL,2009,2008,0.064053,0.000000,0.000000,16.000000,0.100000,0.010000,0.044910
2009-07-01,IBM,2009,2008,0.010019,0.000000,0.000000,16.000000,0.100000,0.010000,0.044910
2009-07-01,INTC,2009,2008,0.038203,0.000000,0.000000,16.000000,0.100000,0.010000,0.044910
2009-07-01,JNJ,2009,2008,0.044188,0.000000,0.000000,16.000000,0.100000,0.010000,0.044910
2009-07-01,JPM,2009,2008,0.100006,0.000000,0.000000,16.000000,0.100000,0.010000,0.044910
2009-07-01,KO,2009,2008,0.097945,0.000000,0.000000,16.000000,0.100000,0.010000,0.044910
2009-07-01,MSFT,2009,2008,0.013667,0.000000,0.000000,16.000000,0.100000,0.010000,0.044910
2009-07-01,ORCL,2009,2008,0.083627,0.000000,0.000000,16.000000,0.100000,0.010000,0.044910
2009-07-01,PEP,2009,2008,0.042163,0.000000,0.000000,16.000000,0.100000,0.010000,0.044910
2009-07-01,PFE,2009,2008,0.100006,0.510884,0.000000,16.000000,0.100000,0.010000,0.044910
2009-07-01,PG,2009,2008,0.042947,0.000000,0.000000,16.000000,0.100000,0.010000,0.044910
2009-07-01,T,2009,2008,0.085607,0.000000,0.000000,16.000000,0.100000,0.010000,0.044910
2009-07-01,VZ,2009,2008,0.010019,0.000000,0.000000,16.000000,0.100000,0.010000,0.044910
2009-07-01,WFC,2009,2008,0.010019,0.000000,0.000000,16.000000,0.100000,0.010000,0.044910
2009-07-01,WMT,2009,2008,0.010019,0.000000,0.000000,16.000000,0.100000,0.010000,0.044910
2009-07-01,XOM,2009,2008,0.051324,0.000000,0.000000,16.000000,0.100000,0.010000,0.044910
2010-01-04,AAPL,2010,2009,0.060284,0.000000,0.000000,16.000000,0.100000,0.010000,0.035499
2010-01-04,BAC,2010,2009,0.024271,0.000000,0.000000,16.000000,0.100000,0.010000,0.035499
2010-01-04,CSCO,2010,2009,0.066149,0.000000,0.000000,16.000000,0.100000,0.010000,0.035499
2010-01-04,CVX,2010,2009,0.077567,0.000000,0.000000,16.000000,0.100000,0.010000,0.035499
2010-01-04,GOOGL,2010,2009,0.031496,0.000000,0.000000,16.000000,0.100000,0.010000,0.035499
2010-01-04,IBM,2010,2009,0.073277,0.000000,0.000000,16.000000,0.100000,0.010000,0.035499
2010-01-04,INTC,2010,2009,0.098377,0.771360,0.000000,16.000000,0.100000,0.010000,0.035499
2010-01-04,JNJ,2010,2009,0.054145,0.000000,0.000000,16.000000,0.100000,0.010000,0.035499
2010-01-04,JPM,2010,2009,0.048459,0.000000,0.000000,16.000000,0.100000,0.010000,0.035499
2010-01-04,KO,2010,2009,0.086039,0.000000,0.000000,16.000000,0.100000,0.010000,0.035499
2010-01-04,MRK,2010,2009,0.029029,0.000000,0.000000,16.000000,0.100000,0.010000,0.035499
2010-01-04,MSFT,2010,2009,0.009998,0.000000,0.000000,16.000000,0.100000,0.010000,0.035499
2010-01-04,ORCL,2010,2009,0.009998,0.000000,0.000000,16.000000,0.100000,0.010000,0.035499
2010-01-04,PFE,2010,2009,0.036152,0.000000,0.000000,16.000000,0.100000,0.010000,0.035499
2010-01-04,PG,2010,2009,0.010339,0.000000,0.000000,16.000000,0.100000,0.010000,0.035499
2010-01-04,T,2010,2009,0.080981,0.000000,0.000000,16.000000,0.100000,0.010000,0.035499
2010-01-04,VZ,2010,2009,0.017839,0.000000,0.000000,16.000000,0.100000,0.010000,0.035499
2010-01-04,WFC,2010,2009,0.062256,0.000000,0.000000,16.000000,0.100000,0.010000,0.035499
2010-01-04,WMT,2010,2009,0.029450,0.000000,0.000000,16.000000,0.100000,0.010000,0.035499
2010-01-04,XOM,2010,2009,0.093893,0.000000,0.000000,16.000000,0.100000,0.010000,0.035499
2010-07-01,AAPL,2010,2009,0.076304,0.000000,0.000000,16.000000,0.300000,0.010000,0.044296
2010-07-01,BAC,2010,2009,0.100009,0.000000,0.000000,16.000000,0.300000,0.010000,0.044296
2010-07-01,CSCO,2010,2009,0.038947,0.000000,0.000000,16.000000,0.300000,0.010000,0.044296
2010-07-01,CVX,2010,2009,0.030254,0.000000,0.000000,16.000000,0.300000,0.010000,0.044296
2010-07-01,GOOGL,2010,2009,0.044966,0.000000,0.000000,16.000000,0.300000,0.010000,0.044296
2010-07-01,IBM,2010,2009,0.014822,0.000000,0.000000,16.000000,0.300000,0.010000,0.044296
2010-07-01,INTC,2010,2009,0.077457,0.000000,0.000000,16.000000,0.300000,0.010000,0.044296
2010-07-01,JNJ,2010,2009,0.070547,0.000000,0.000000,16.000000,0.300000,0.010000,0.044296
2010-07-01,JPM,2010,2009,0.100009,0.625386,0.000000,16.000000,0.300000,0.010000,0.044296
2010-07-01,KO,2010,2009,0.041994,0.000000,0.000000,16.000000,0.300000,0.010000,0.044296
2010-07-01,MRK,2010,2009,0.015102,0.000000,0.000000,16.000000,0.300000,0.010000,0.044296
2010-07-01,MSFT,2010,2009,0.030003,0.000000,0.000000,16.000000,0.300000,0.010000,0.044296
2010-07-01,ORCL,2010,2009,0.011269,0.000000,0.000000,16.000000,0.300000,0.010000,0.044296
2010-07-01,PFE,2010,2009,0.011269,0.000000,0.000000,16.000000,0.300000,0.010000,0.044296
2010-07-01,PG,2010,2009,0.011269,0.000000,0.000000,16.000000,0.300000,0.010000,0.044296
2010-07-01,T,2010,2009,0.100009,0.000000,0.000000,16.000000,0.300000,0.010000,0.044296
2010-07-01,VZ,2010,2009,0.069254,0.000000,0.000000,16.000000,0.300000,0.010000,0.044296
2010-07-01,WFC,2010,2009,0.100009,0.000000,0.000000,16.000000,0.300000,0.010000,0.044296
2010-07-01,WMT,2010,2009,0.045239,0.000000,0.000000,16.000000,0.300000,0.010000,0.044296
2010-07-01,XOM,2010,2009,0.011269,0.000000,0.000000,16.000000,0.300000,0.010000,0.044296
2011-01-03,AAPL,2011,2010,0.045011,0.000000,0.000000,16.000000,0.300000,0.010000,0.047750
2011-01-03,BAC,2011,2010,0.100008,0.783092,0.000000,16.000000,0.300000,0.010000,0.047750
2011-01-03,BRK-B,2011,2010,0.042145,0.000000,0.000000,16.000000,0.300000,0.010000,0.047750
2011-01-03,C,2011,2010,0.100008,0.000000,0.000000,16.000000,0.300000,0.010000,0.047750
2011-01-03,CVX,2011,2010,0.010964,0.000000,0.000000,16.000000,0.300000,0.010000,0.047750
2011-01-03,GE,2011,2010,0.046606,0.000000,0.000000,16.000000,0.300000,0.010000,0.047750
2011-01-03,GOOGL,2011,2010,0.010856,0.000000,0.000000,16.000000,0.300000,0.010000,0.047750
2011-01-03,IBM,2011,2010,0.036237,0.000000,0.000000,16.000000,0.300000,0.010000,0.047750
2011-01-03,INTC,2011,2010,0.012785,0.000000,0.000000,16.000000,0.300000,0.010000,0.047750
2011-01-03,JNJ,2011,2010,0.074559,0.000000,0.000000,16.000000,0.300000,0.010000,0.047750
2011-01-03,JPM,2011,2010,0.100008,0.000000,0.000000,16.000000,0.300000,0.010000,0.047750
2011-01-03,KO,2011,2010,0.020978,0.000000,0.000000,16.000000,0.300000,0.010000,0.047750
2011-01-03,MSFT,2011,2010,0.010769,0.000000,0.000000,16.000000,0.300000,0.010000,0.047750
2011-01-03,ORCL,2011,2010,0.030537,0.000000,0.000000,16.000000,0.300000,0.010000,0.047750
2011-01-03,PFE,2011,2010,0.010769,0.000000,0.000000,16.000000,0.300000,0.010000,0.047750
2011-01-03,PG,2011,2010,0.082117,0.000000,0.000000,16.000000,0.300000,0.010000,0.047750
2011-01-03,T,2011,2010,0.051812,0.000000,0.000000,16.000000,0.300000,0.010000,0.047750
2011-01-03,WFC,2011,2010,0.100008,0.000000,0.000000,16.000000,0.300000,0.010000,0.047750
2011-01-03,WMT,2011,2010,0.076786,0.000000,0.000000,16.000000,0.300000,0.010000,0.047750
2011-01-03,XOM,2011,2010,0.037039,0.000000,0.000000,16.000000,0.300000,0.010000,0.047750
2011-07-01,AAPL,2011,2010,0.033340,0.000000,0.000000,16.000000,0.100000,0.010000,0.045854
2011-07-01,BAC,2011,2010,0.010005,0.000000,0.000000,16.000000,0.100000,0.010000,0.045854
2011-07-01,BRK-B,2011,2010,0.010005,0.000000,0.000000,16.000000,0.100000,0.010000,0.045854
2011-07-01,C,2011,2010,0.031766,0.000000,0.000000,16.000000,0.100000,0.010000,0.045854
2011-07-01,CVX,2011,2010,0.073883,0.000000,0.000000,16.000000,0.100000,0.010000,0.045854
2011-07-01,GE,2011,2010,0.100008,0.840216,0.000000,16.000000,0.100000,0.010000,0.045854
2011-07-01,GOOGL,2011,2010,0.056082,0.000000,0.000000,16.000000,0.100000,0.010000,0.045854
2011-07-01,IBM,2011,2010,0.029266,0.000000,0.000000,16.000000,0.100000,0.010000,0.045854
2011-07-01,INTC,2011,2010,0.032826,0.000000,0.000000,16.000000,0.100000,0.010000,0.045854
2011-07-01,JNJ,2011,2010,0.048291,0.000000,0.000000,16.000000,0.100000,0.010000,0.045854
2011-07-01,JPM,2011,2010,0.045725,0.000000,0.000000,16.000000,0.100000,0.010000,0.045854
2011-07-01,KO,2011,2010,0.033505,0.000000,0.000000,16.000000,0.100000,0.010000,0.045854
2011-07-01,MSFT,2011,2010,0.073863,0.000000,0.000000,16.000000,0.100000,0.010000,0.045854
2011-07-01,ORCL,2011,2010,0.100008,0.000000,0.000000,16.000000,0.100000,0.010000,0.045854
2011-07-01,PFE,2011,2010,0.071784,0.000000,0.000000,16.000000,0.100000,0.010000,0.045854
2011-07-01,PG,2011,2010,0.037031,0.000000,0.000000,16.000000,0.100000,0.010000,0.045854
2011-07-01,T,2011,2010,0.034203,0.000000,0.000000,16.000000,0.100000,0.010000,0.045854
2011-07-01,WFC,2011,2010,0.060447,0.000000,0.000000,16.000000,0.100000,0.010000,0.045854
2011-07-01,WMT,2011,2010,0.034800,0.000000,0.000000,16.000000,0.100000,0.010000,0.045854
2011-07-01,XOM,2011,2010,0.083162,0.000000,0.000000,16.000000,0.100000,0.010000,0.045854
2012-01-03,AAPL,2012,2011,0.087900,0.700039,0.000000,32.000000,0.100000,0.010000,0.043388
2012-01-03,BRK-B,2012,2011,0.061947,0.000000,0.000000,32.000000,0.100000,0.010000,0.043388
2012-01-03,CVX,2012,2011,0.038934,0.000000,0.000000,32.000000,0.100000,0.010000,0.043388
2012-01-03,GE,2012,2011,0.026667,0.000000,0.000000,32.000000,0.100000,0.010000,0.043388
2012-01-03,GOOGL,2012,2011,0.009997,0.000000,0.000000,32.000000,0.100000,0.010000,0.043388
2012-01-03,IBM,2012,2011,0.079962,0.000000,0.000000,32.000000,0.100000,0.010000,0.043388
2012-01-03,INTC,2012,2011,0.084332,0.000000,0.000000,32.000000,0.100000,0.010000,0.043388
2012-01-03,JNJ,2012,2011,0.062497,0.000000,0.000000,32.000000,0.100000,0.010000,0.043388
2012-01-03,JPM,2012,2011,0.036940,0.000000,0.000000,32.000000,0.100000,0.010000,0.043388
2012-01-03,KO,2012,2011,0.050038,0.000000,0.000000,32.000000,0.100000,0.010000,0.043388
2012-01-03,MSFT,2012,2011,0.057037,0.000000,0.000000,32.000000,0.100000,0.010000,0.043388
2012-01-03,ORCL,2012,2011,0.075212,0.000000,0.000000,32.000000,0.100000,0.010000,0.043388
2012-01-03,PFE,2012,2011,0.009997,0.000000,0.000000,32.000000,0.100000,0.010000,0.043388
2012-01-03,PG,2012,2011,0.067664,0.000000,0.000000,32.000000,0.100000,0.010000,0.043388
2012-01-03,T,2012,2011,0.045741,0.000000,0.000000,32.000000,0.100000,0.010000,0.043388
2012-01-03,VZ,2012,2011,0.047486,0.000000,0.000000,32.000000,0.100000,0.010000,0.043388
2012-01-03,WFC,2012,2011,0.050720,0.000000,0.000000,32.000000,0.100000,0.010000,0.043388
2012-01-03,WMT,2012,2011,0.077321,0.000000,0.000000,32.000000,0.100000,0.010000,0.043388
2012-01-03,XOM,2012,2011,0.029608,0.000000,0.000000,32.000000,0.100000,0.010000,0.043388
2012-07-02,AAPL,2012,2011,0.064387,0.000000,0.000000,16.000000,0.100000,0.010000,0.044164
2012-07-02,BRK-B,2012,2011,0.009999,0.000000,0.000000,16.000000,0.100000,0.010000,0.044164
2012-07-02,CVX,2012,2011,0.028363,0.000000,0.000000,16.000000,0.100000,0.010000,0.044164
2012-07-02,GE,2012,2011,0.051031,0.000000,0.000000,16.000000,0.100000,0.010000,0.044164
2012-07-02,GOOGL,2012,2011,0.058925,0.000000,0.000000,16.000000,0.100000,0.010000,0.044164
2012-07-02,IBM,2012,2011,0.065680,0.000000,0.000000,16.000000,0.100000,0.010000,0.044164
2012-07-02,INTC,2012,2011,0.016596,0.000000,0.000000,16.000000,0.100000,0.010000,0.044164
2012-07-02,JNJ,2012,2011,0.039477,0.000000,0.000000,16.000000,0.100000,0.010000,0.044164
2012-07-02,JPM,2012,2011,0.070629,0.000000,0.000000,16.000000,0.100000,0.010000,0.044164
2012-07-02,KO,2012,2011,0.032419,0.000000,0.000000,16.000000,0.100000,0.010000,0.044164
2012-07-02,MSFT,2012,2011,0.075117,0.000000,0.000000,16.000000,0.100000,0.010000,0.044164
2012-07-02,ORCL,2012,2011,0.081729,0.546114,0.000000,16.000000,0.100000,0.010000,0.044164
2012-07-02,PFE,2012,2011,0.055271,0.000000,0.000000,16.000000,0.100000,0.010000,0.044164
2012-07-02,PG,2012,2011,0.049022,0.000000,0.000000,16.000000,0.100000,0.010000,0.044164
2012-07-02,PM,2012,2011,0.054411,0.000000,0.000000,16.000000,0.100000,0.010000,0.044164
2012-07-02,T,2012,2011,0.060620,0.000000,0.000000,16.000000,0.100000,0.010000,0.044164
2012-07-02,VZ,2012,2011,0.059763,0.000000,0.000000,16.000000,0.100000,0.010000,0.044164
2012-07-02,WFC,2012,2011,0.010731,0.000000,0.000000,16.000000,0.100000,0.010000,0.044164
2012-07-02,WMT,2012,2011,0.070398,0.000000,0.000000,16.000000,0.100000,0.010000,0.044164
2012-07-02,XOM,2012,2011,0.045433,0.000000,0.000000,16.000000,0.100000,0.010000,0.044164
2013-01-02,AAPL,2013,2012,0.061297,0.000000,0.000000,16.000000,0.100000,0.010000,0.045207
2013-01-02,BAC,2013,2012,0.010278,0.000000,0.000000,16.000000,0.100000,0.010000,0.045207
2013-01-02,BRK-B,2013,2012,0.080029,0.000000,0.000000,16.000000,0.100000,0.010000,0.045207
2013-01-02,CVX,2013,2012,0.060523,0.000000,0.000000,16.000000,0.100000,0.010000,0.045207
2013-01-02,GE,2013,2012,0.049161,0.000000,0.000000,16.000000,0.100000,0.010000,0.045207
2013-01-02,GOOGL,2013,2012,0.081216,0.511194,0.000000,16.000000,0.100000,0.010000,0.045207
2013-01-02,IBM,2013,2012,0.021945,0.000000,0.000000,16.000000,0.100000,0.010000,0.045207
2013-01-02,JNJ,2013,2012,0.080745,0.000000,0.000000,16.000000,0.100000,0.010000,0.045207
2013-01-02,JPM,2013,2012,0.009999,0.000000,0.000000,16.000000,0.100000,0.010000,0.045207
2013-01-02,KO,2013,2012,0.066294,0.000000,0.000000,16.000000,0.100000,0.010000,0.045207
2013-01-02,MSFT,2013,2012,0.015299,0.000000,0.000000,16.000000,0.100000,0.010000,0.045207
2013-01-02,ORCL,2013,2012,0.058935,0.000000,0.000000,16.000000,0.100000,0.010000,0.045207
2013-01-02,PFE,2013,2012,0.049595,0.000000,0.000000,16.000000,0.100000,0.010000,0.045207
2013-01-02,PG,2013,2012,0.061458,0.000000,0.000000,16.000000,0.100000,0.010000,0.045207
2013-01-02,PM,2013,2012,0.038528,0.000000,0.000000,16.000000,0.100000,0.010000,0.045207
2013-01-02,T,2013,2012,0.063786,0.000000,0.000000,16.000000,0.100000,0.010000,0.045207
2013-01-02,VZ,2013,2012,0.050102,0.000000,0.000000,16.000000,0.100000,0.010000,0.045207
2013-01-02,WFC,2013,2012,0.023844,0.000000,0.000000,16.000000,0.100000,0.010000,0.045207
2013-01-02,WMT,2013,2012,0.049870,0.000000,0.000000,16.000000,0.100000,0.010000,0.045207
2013-01-02,XOM,2013,2012,0.067097,0.000000,0.000000,16.000000,0.100000,0.010000,0.045207
2013-07-01,AAPL,2013,2012,0.009997,0.000000,0.000000,16.000000,0.100000,0.010000,0.047377
2013-07-01,BAC,2013,2012,0.069613,0.000000,0.000000,16.000000,0.100000,0.010000,0.047377
2013-07-01,BRK-B,2013,2012,0.053382,0.000000,0.000000,16.000000,0.100000,0.010000,0.047377
2013-07-01,CVX,2013,2012,0.083293,0.000000,0.000000,16.000000,0.100000,0.010000,0.047377
2013-07-01,GE,2013,2012,0.036433,0.000000,0.000000,16.000000,0.100000,0.010000,0.047377
2013-07-01,GOOGL,2013,2012,0.080179,0.000000,0.000000,16.000000,0.100000,0.010000,0.047377
2013-07-01,IBM,2013,2012,0.050137,0.000000,0.000000,16.000000,0.100000,0.010000,0.047377
2013-07-01,JNJ,2013,2012,0.048106,0.000000,0.000000,16.000000,0.100000,0.010000,0.047377
2013-07-01,JPM,2013,2012,0.091966,0.000000,0.000000,16.000000,0.100000,0.010000,0.047377
2013-07-01,KO,2013,2012,0.011479,0.000000,0.000000,16.000000,0.100000,0.010000,0.047377
2013-07-01,MSFT,2013,2012,0.023626,0.000000,0.000000,16.000000,0.100000,0.010000,0.047377
2013-07-01,ORCL,2013,2012,0.099055,0.677897,0.000000,16.000000,0.100000,0.010000,0.047377
2013-07-01,PFE,2013,2012,0.027154,0.000000,0.000000,16.000000,0.100000,0.010000,0.047377
2013-07-01,PG,2013,2012,0.009997,0.000000,0.000000,16.000000,0.100000,0.010000,0.047377
2013-07-01,PM,2013,2012,0.064930,0.000000,0.000000,16.000000,0.100000,0.010000,0.047377
2013-07-01,T,2013,2012,0.051245,0.000000,0.000000,16.000000,0.100000,0.010000,0.047377
2013-07-01,VZ,2013,2012,0.009997,0.000000,0.000000,16.000000,0.100000,0.010000,0.047377
2013-07-01,WFC,2013,2012,0.086735,0.000000,0.000000,16.000000,0.100000,0.010000,0.047377
2013-07-01,WMT,2013,2012,0.035674,0.000000,0.000000,16.000000,0.100000,0.010000,0.047377
2013-07-01,XOM,2013,2012,0.056999,0.000000,0.000000,16.000000,0.100000,0.010000,0.047377
2014-01-02,AAPL,2014,2013,0.033534,0.000000,0.000000,16.000000,0.300000,0.010000,0.044986
2014-01-02,AMZN,2014,2013,0.025694,0.000000,0.000000,16.000000,0.300000,0.010000,0.044986
2014-01-02,BAC,2014,2013,0.074339,0.000000,0.000000,16.000000,0.300000,0.010000,0.044986
2014-01-02,BRK-B,2014,2013,0.009995,0.000000,0.000000,16.000000,0.300000,0.010000,0.044986
2014-01-02,C,2014,2013,0.009995,0.000000,0.000000,16.000000,0.300000,0.010000,0.044986
2014-01-02,CVX,2014,2013,0.033891,0.000000,0.000000,16.000000,0.300000,0.010000,0.044986
2014-01-02,GE,2014,2013,0.045076,0.000000,0.000000,16.000000,0.300000,0.010000,0.044986
2014-01-02,GOOGL,2014,2013,0.047251,0.000000,0.000000,16.000000,0.300000,0.010000,0.044986
2014-01-02,IBM,2014,2013,0.083798,0.000000,0.000000,16.000000,0.300000,0.010000,0.044986
2014-01-02,JNJ,2014,2013,0.063567,0.000000,0.000000,16.000000,0.300000,0.010000,0.044986
2014-01-02,JPM,2014,2013,0.035836,0.000000,0.000000,16.000000,0.300000,0.010000,0.044986
2014-01-02,KO,2014,2013,0.088822,0.000000,0.000000,16.000000,0.300000,0.010000,0.044986
2014-01-02,MSFT,2014,2013,0.009995,0.000000,0.000000,16.000000,0.300000,0.010000,0.044986
2014-01-02,ORCL,2014,2013,0.076214,0.000000,0.000000,16.000000,0.300000,0.010000,0.044986
2014-01-02,PFE,2014,2013,0.081451,0.000000,0.000000,16.000000,0.300000,0.010000,0.044986
2014-01-02,PG,2014,2013,0.014997,0.000000,0.000000,16.000000,0.300000,0.010000,0.044986
2014-01-02,VZ,2014,2013,0.092556,0.789791,0.000000,16.000000,0.300000,0.010000,0.044986
2014-01-02,WFC,2014,2013,0.053130,0.000000,0.000000,16.000000,0.300000,0.010000,0.044986
2014-01-02,WMT,2014,2013,0.087368,0.000000,0.000000,16.000000,0.300000,0.010000,0.044986
2014-01-02,XOM,2014,2013,0.032491,0.000000,0.000000,16.000000,0.300000,0.010000,0.044986
2014-07-01,AAPL,2014,2013,0.016868,0.000000,0.000000,16.000000,0.300000,0.010000,0.047854
2014-07-01,AMZN,2014,2013,0.036119,0.000000,0.000000,16.000000,0.300000,0.010000,0.047854
2014-07-01,BAC,2014,2013,0.056829,0.000000,0.000000,16.000000,0.300000,0.010000,0.047854
2014-07-01,BRK-B,2014,2013,0.072481,0.000000,0.000000,16.000000,0.300000,0.010000,0.047854
2014-07-01,C,2014,2013,0.035585,0.000000,0.000000,16.000000,0.300000,0.010000,0.047854
2014-07-01,CVX,2014,2013,0.073256,0.000000,0.000000,16.000000,0.300000,0.010000,0.047854
2014-07-01,GE,2014,2013,0.057236,0.000000,0.000000,16.000000,0.300000,0.010000,0.047854
2014-07-01,GOOGL,2014,2013,0.089520,0.000000,0.000000,16.000000,0.300000,0.010000,0.047854
2014-07-01,IBM,2014,2013,0.099558,0.614294,0.000000,16.000000,0.300000,0.010000,0.047854
2014-07-01,JNJ,2014,2013,0.014419,0.000000,0.000000,16.000000,0.300000,0.010000,0.047854
2014-07-01,JPM,2014,2013,0.051856,0.000000,0.000000,16.000000,0.300000,0.010000,0.047854
2014-07-01,KO,2014,2013,0.010000,0.000000,0.000000,16.000000,0.300000,0.010000,0.047854
2014-07-01,MSFT,2014,2013,0.023145,0.000000,0.000000,16.000000,0.300000,0.010000,0.047854
2014-07-01,ORCL,2014,2013,0.095137,0.000000,0.000000,16.000000,0.300000,0.010000,0.047854
2014-07-01,PFE,2014,2013,0.044783,0.000000,0.000000,16.000000,0.300000,0.010000,0.047854
2014-07-01,PG,2014,2013,0.052917,0.000000,0.000000,16.000000,0.300000,0.010000,0.047854
2014-07-01,VZ,2014,2013,0.021716,0.000000,0.000000,16.000000,0.300000,0.010000,0.047854
2014-07-01,WFC,2014,2013,0.060474,0.000000,0.000000,16.000000,0.300000,0.010000,0.047854
2014-07-01,WMT,2014,2013,0.052309,0.000000,0.000000,16.000000,0.300000,0.010000,0.047854
2014-07-01,XOM,2014,2013,0.035792,0.000000,0.000000,16.000000,0.300000,0.010000,0.047854
2015-01-02,AAPL,2015,2014,0.031135,0.000000,0.000000,16.000000,0.100000,0.010000,0.046879
2015-01-02,BAC,2015,2014,0.038320,0.000000,0.000000,16.000000,0.100000,0.010000,0.046879
2015-01-02,BRK-B,2015,2014,0.064802,0.000000,0.000000,16.000000,0.100000,0.010000,0.046879
2015-01-02,C,2015,2014,0.073483,0.000000,0.000000,16.000000,0.100000,0.010000,0.046879
2015-01-02,CVX,2015,2014,0.099508,0.808692,0.000000,16.000000,0.100000,0.010000,0.046879
2015-01-02,DIS,2015,2014,0.046211,0.000000,0.000000,16.000000,0.100000,0.010000,0.046879
2015-01-02,GOOGL,2015,2014,0.068668,0.000000,0.000000,16.000000,0.100000,0.010000,0.046879
2015-01-02,INTC,2015,2014,0.017671,0.000000,0.000000,16.000000,0.100000,0.010000,0.046879
2015-01-02,JNJ,2015,2014,0.055060,0.000000,0.000000,16.000000,0.100000,0.010000,0.046879
2015-01-02,JPM,2015,2014,0.040880,0.000000,0.000000,16.000000,0.100000,0.010000,0.046879
2015-01-02,KO,2015,2014,0.061350,0.000000,0.000000,16.000000,0.100000,0.010000,0.046879
2015-01-02,MSFT,2015,2014,0.089177,0.000000,0.000000,16.000000,0.100000,0.010000,0.046879
2015-01-02,ORCL,2015,2014,0.032669,0.000000,0.000000,16.000000,0.100000,0.010000,0.046879
2015-01-02,PFE,2015,2014,0.086126,0.000000,0.000000,16.000000,0.100000,0.010000,0.046879
2015-01-02,PG,2015,2014,0.011805,0.000000,0.000000,16.000000,0.100000,0.010000,0.046879
2015-01-02,VZ,2015,2014,0.038128,0.000000,0.000000,16.000000,0.100000,0.010000,0.046879
2015-01-02,WFC,2015,2014,0.066344,0.000000,0.000000,16.000000,0.100000,0.010000,0.046879
2015-01-02,WMT,2015,2014,0.010000,0.000000,0.000000,16.000000,0.100000,0.010000,0.046879
2015-01-02,XOM,2015,2014,0.068661,0.000000,0.000000,16.000000,0.100000,0.010000,0.046879
2015-07-01,AAPL,2015,2014,0.100002,0.518998,0.000000,16.000000,0.300000,0.010000,0.043912
2015-07-01,BAC,2015,2014,0.046832,0.000000,0.000000,16.000000,0.300000,0.010000,0.043912
2015-07-01,BRK-B,2015,2014,0.021336,0.000000,0.000000,16.000000,0.300000,0.010000,0.043912
2015-07-01,C,2015,2014,0.046872,0.000000,0.000000,16.000000,0.300000,0.010000,0.043912
2015-07-01,CVX,2015,2014,0.091098,0.000000,0.000000,16.000000,0.300000,0.010000,0.043912
2015-07-01,DIS,2015,2014,0.076393,0.000000,0.000000,16.000000,0.300000,0.010000,0.043912
2015-07-01,GOOGL,2015,2014,0.034988,0.000000,0.000000,16.000000,0.300000,0.010000,0.043912
2015-07-01,INTC,2015,2014,0.010177,0.000000,0.000000,16.000000,0.300000,0.010000,0.043912
2015-07-01,JNJ,2015,2014,0.046695,0.000000,0.000000,16.000000,0.300000,0.010000,0.043912
2015-07-01,JPM,2015,2014,0.052503,0.000000,0.000000,16.000000,0.300000,0.010000,0.043912
2015-07-01,KO,2015,2014,0.047873,0.000000,0.000000,16.000000,0.300000,0.010000,0.043912
2015-07-01,MSFT,2015,2014,0.052862,0.000000,0.000000,16.000000,0.300000,0.010000,0.043912
2015-07-01,ORCL,2015,2014,0.056474,0.000000,0.000000,16.000000,0.300000,0.010000,0.043912
2015-07-01,PFE,2015,2014,0.035285,0.000000,0.000000,16.000000,0.300000,0.010000,0.043912
2015-07-01,PG,2015,2014,0.062997,0.000000,0.000000,16.000000,0.300000,0.010000,0.043912
2015-07-01,VZ,2015,2014,0.027803,0.000000,0.000000,16.000000,0.300000,0.010000,0.043912
2015-07-01,WFC,2015,2014,0.040816,0.000000,0.000000,16.000000,0.300000,0.010000,0.043912
2015-07-01,WMT,2015,2014,0.066561,0.000000,0.000000,16.000000,0.300000,0.010000,0.043912
2015-07-01,XOM,2015,2014,0.082435,0.000000,0.000000,16.000000,0.300000,0.010000,0.043912
2016-01-04,AAPL,2016,2015,0.100004,0.000000,0.000000,16.000000,0.100000,0.010000,0.043120
2016-01-04,AMZN,2016,2015,0.030289,0.000000,0.000000,16.000000,0.100000,0.010000,0.043120
2016-01-04,BAC,2016,2015,0.085365,0.000000,0.000000,16.000000,0.100000,0.010000,0.043120
2016-01-04,BRK-B,2016,2015,0.078485,0.000000,0.000000,16.000000,0.100000,0.010000,0.043120
2016-01-04,CVX,2016,2015,0.065970,0.000000,0.000000,16.000000,0.100000,0.010000,0.043120
2016-01-04,DIS,2016,2015,0.031151,0.000000,0.000000,16.000000,0.100000,0.010000,0.043120
2016-01-04,GE,2016,2015,0.029803,0.000000,0.000000,16.000000,0.100000,0.010000,0.043120
2016-01-04,GOOGL,2016,2015,0.038009,0.000000,0.000000,16.000000,0.100000,0.010000,0.043120
2016-01-04,JNJ,2016,2015,0.036469,0.000000,0.000000,16.000000,0.100000,0.010000,0.043120
2016-01-04,JPM,2016,2015,0.079204,0.000000,0.000000,16.000000,0.100000,0.010000,0.043120
2016-01-04,KO,2016,2015,0.022071,0.000000,0.000000,16.000000,0.100000,0.010000,0.043120
2016-01-04,MSFT,2016,2015,0.041234,0.000000,0.000000,16.000000,0.100000,0.010000,0.043120
2016-01-04,PFE,2016,2015,0.012791,0.000000,0.000000,16.000000,0.100000,0.010000,0.043120
2016-01-04,PG,2016,2015,0.099403,0.000000,0.000000,16.000000,0.100000,0.010000,0.043120
2016-01-04,V,2016,2015,0.100004,0.681601,0.000000,16.000000,0.100000,0.010000,0.043120
2016-01-04,VZ,2016,2015,0.036807,0.000000,0.000000,16.000000,0.100000,0.010000,0.043120
2016-01-04,WFC,2016,2015,0.024747,0.000000,0.000000,16.000000,0.100000,0.010000,0.043120
2016-01-04,WMT,2016,2015,0.010297,0.000000,0.000000,16.000000,0.100000,0.010000,0.043120
2016-01-04,XOM,2016,2015,0.077898,0.000000,0.000000,16.000000,0.100000,0.010000,0.043120
2016-07-01,AAPL,2016,2015,0.065653,0.000000,0.000000,16.000000,0.300000,0.010000,0.045894
2016-07-01,AMZN,2016,2015,0.022450,0.000000,0.000000,16.000000,0.300000,0.010000,0.045894
2016-07-01,BAC,2016,2015,0.009998,0.000000,0.000000,16.000000,0.300000,0.010000,0.045894
2016-07-01,BRK-B,2016,2015,0.046606,0.000000,0.000000,16.000000,0.300000,0.010000,0.045894
2016-07-01,CVX,2016,2015,0.069266,0.000000,0.000000,16.000000,0.300000,0.010000,0.045894
2016-07-01,DIS,2016,2015,0.067917,0.000000,0.000000,16.000000,0.300000,0.010000,0.045894
2016-07-01,GE,2016,2015,0.059933,0.000000,0.000000,16.000000,0.300000,0.010000,0.045894
2016-07-01,GOOGL,2016,2015,0.075203,0.000000,0.000000,16.000000,0.300000,0.010000,0.045894
2016-07-01,JNJ,2016,2015,0.079988,0.737269,0.000000,16.000000,0.300000,0.010000,0.045894
2016-07-01,JPM,2016,2015,0.009998,0.000000,0.000000,16.000000,0.300000,0.010000,0.045894
2016-07-01,KO,2016,2015,0.061940,0.000000,0.000000,16.000000,0.300000,0.010000,0.045894
2016-07-01,META,2016,2015,0.062347,0.000000,0.000000,16.000000,0.300000,0.010000,0.045894
2016-07-01,MSFT,2016,2015,0.060296,0.000000,0.000000,16.000000,0.300000,0.010000,0.045894
2016-07-01,PFE,2016,2015,0.028454,0.000000,0.000000,16.000000,0.300000,0.010000,0.045894
2016-07-01,PG,2016,2015,0.020481,0.000000,0.000000,16.000000,0.300000,0.010000,0.045894
2016-07-01,V,2016,2015,0.038844,0.000000,0.000000,16.000000,0.300000,0.010000,0.045894
2016-07-01,VZ,2016,2015,0.061303,0.000000,0.000000,16.000000,0.300000,0.010000,0.045894
2016-07-01,WFC,2016,2015,0.028038,0.000000,0.000000,16.000000,0.300000,0.010000,0.045894
2016-07-01,WMT,2016,2015,0.069927,0.000000,0.000000,16.000000,0.300000,0.010000,0.045894
2016-07-01,XOM,2016,2015,0.061359,0.000000,0.000000,16.000000,0.300000,0.010000,0.045894
2017-01-03,AAPL,2017,2016,0.069512,0.000000,0.000000,16.000000,0.300000,0.010000,0.043144
2017-01-03,AMZN,2017,2016,0.099149,0.766529,0.000000,16.000000,0.300000,0.010000,0.043144
2017-01-03,BAC,2017,2016,0.094220,0.000000,0.000000,16.000000,0.300000,0.010000,0.043144
2017-01-03,BRK-B,2017,2016,0.027477,0.000000,0.000000,16.000000,0.300000,0.010000,0.043144
2017-01-03,CVX,2017,2016,0.040927,0.000000,0.000000,16.000000,0.300000,0.010000,0.043144
2017-01-03,GOOGL,2017,2016,0.027217,0.000000,0.000000,16.000000,0.300000,0.010000,0.043144
2017-01-03,INTC,2017,2016,0.009998,0.000000,0.000000,16.000000,0.300000,0.010000,0.043144
2017-01-03,JNJ,2017,2016,0.060638,0.000000,0.000000,16.000000,0.300000,0.010000,0.043144
2017-01-03,JPM,2017,2016,0.028762,0.000000,0.000000,16.000000,0.300000,0.010000,0.043144
2017-01-03,KO,2017,2016,0.065726,0.000000,0.000000,16.000000,0.300000,0.010000,0.043144
2017-01-03,META,2017,2016,0.069796,0.000000,0.000000,16.000000,0.300000,0.010000,0.043144
2017-01-03,MSFT,2017,2016,0.009998,0.000000,0.000000,16.000000,0.300000,0.010000,0.043144
2017-01-03,PFE,2017,2016,0.057947,0.000000,0.000000,16.000000,0.300000,0.010000,0.043144
2017-01-03,PG,2017,2016,0.051594,0.000000,0.000000,16.000000,0.300000,0.010000,0.043144
2017-01-03,T,2017,2016,0.025298,0.000000,0.000000,16.000000,0.300000,0.010000,0.043144
2017-01-03,V,2017,2016,0.068329,0.000000,0.000000,16.000000,0.300000,0.010000,0.043144
2017-01-03,VZ,2017,2016,0.014163,0.000000,0.000000,16.000000,0.300000,0.010000,0.043144
2017-01-03,WFC,2017,2016,0.090428,0.000000,0.000000,16.000000,0.300000,0.010000,0.043144
2017-01-03,WMT,2017,2016,0.055526,0.000000,0.000000,16.000000,0.300000,0.010000,0.043144
2017-01-03,XOM,2017,2016,0.033295,0.000000,0.000000,16.000000,0.300000,0.010000,0.043144
2017-07-03,AAPL,2017,2016,0.021769,0.000000,0.000000,16.000000,0.300000,0.010000,0.039083
2017-07-03,AMZN,2017,2016,0.067051,0.000000,0.000000,16.000000,0.300000,0.010000,0.039083
2017-07-03,BAC,2017,2016,0.042364,0.000000,0.000000,16.000000,0.300000,0.010000,0.039083
2017-07-03,BRK-B,2017,2016,0.042577,0.000000,0.000000,16.000000,0.300000,0.010000,0.039083
2017-07-03,CVX,2017,2016,0.057007,0.000000,0.000000,16.000000,0.300000,0.010000,0.039083
2017-07-03,GOOGL,2017,2016,0.009994,0.000000,0.000000,16.000000,0.300000,0.010000,0.039083
2017-07-03,INTC,2017,2016,0.078897,0.000000,0.000000,16.000000,0.300000,0.010000,0.039083
2017-07-03,JNJ,2017,2016,0.009994,0.000000,0.000000,16.000000,0.300000,0.010000,0.039083
2017-07-03,JPM,2017,2016,0.009994,0.000000,0.000000,16.000000,0.300000,0.010000,0.039083
2017-07-03,KO,2017,2016,0.029027,0.000000,0.000000,16.000000,0.300000,0.010000,0.039083
2017-07-03,META,2017,2016,0.073541,0.000000,0.000000,16.000000,0.300000,0.010000,0.039083
2017-07-03,MSFT,2017,2016,0.088902,0.000000,0.000000,16.000000,0.300000,0.010000,0.039083
2017-07-03,PFE,2017,2016,0.062966,0.000000,0.000000,16.000000,0.300000,0.010000,0.039083
2017-07-03,PG,2017,2016,0.075613,0.000000,0.000000,16.000000,0.300000,0.010000,0.039083
2017-07-03,T,2017,2016,0.019951,0.000000,0.000000,16.000000,0.300000,0.010000,0.039083
2017-07-03,V,2017,2016,0.075690,0.000000,0.000000,16.000000,0.300000,0.010000,0.039083
2017-07-03,VZ,2017,2016,0.034866,0.000000,0.000000,16.000000,0.300000,0.010000,0.039083
2017-07-03,WFC,2017,2016,0.093655,0.590409,0.000000,16.000000,0.300000,0.010000,0.039083
2017-07-03,WMT,2017,2016,0.047245,0.000000,0.000000,16.000000,0.300000,0.010000,0.039083
2017-07-03,XOM,2017,2016,0.058897,0.000000,0.000000,16.000000,0.300000,0.010000,0.039083
2018-01-02,AAPL,2018,2017,0.077727,0.000000,0.000000,16.000000,0.100000,0.010000,0.043295
2018-01-02,AMZN,2018,2017,0.076740,0.000000,0.000000,16.000000,0.100000,0.010000,0.043295
2018-01-02,BAC,2018,2017,0.059355,0.000000,0.000000,16.000000,0.100000,0.010000,0.043295
2018-01-02,BRK-B,2018,2017,0.026735,0.000000,0.000000,16.000000,0.100000,0.010000,0.043295
2018-01-02,CVX,2018,2017,0.025534,0.000000,0.000000,16.000000,0.100000,0.010000,0.043295
2018-01-02,GOOGL,2018,2017,0.032247,0.000000,0.000000,16.000000,0.100000,0.010000,0.043295
2018-01-02,HD,2018,2017,0.010057,0.000000,0.000000,16.000000,0.100000,0.010000,0.043295
2018-01-02,INTC,2018,2017,0.079227,0.000000,0.000000,16.000000,0.100000,0.010000,0.043295
2018-01-02,JNJ,2018,2017,0.028656,0.000000,0.000000,16.000000,0.100000,0.010000,0.043295
2018-01-02,JPM,2018,2017,0.032443,0.000000,0.000000,16.000000,0.100000,0.010000,0.043295
2018-01-02,META,2018,2017,0.049174,0.000000,0.000000,16.000000,0.100000,0.010000,0.043295
2018-01-02,MSFT,2018,2017,0.052343,0.000000,0.000000,16.000000,0.100000,0.010000,0.043295
2018-01-02,PFE,2018,2017,0.044881,0.000000,0.000000,16.000000,0.100000,0.010000,0.043295
2018-01-02,PG,2018,2017,0.039998,0.000000,0.000000,16.000000,0.100000,0.010000,0.043295
2018-01-02,UNH,2018,2017,0.066497,0.000000,0.000000,16.000000,0.100000,0.010000,0.043295
2018-01-02,V,2018,2017,0.020774,0.000000,0.000000,16.000000,0.100000,0.010000,0.043295
2018-01-02,VZ,2018,2017,0.022900,0.000000,0.000000,16.000000,0.100000,0.010000,0.043295
2018-01-02,WFC,2018,2017,0.097311,0.000000,0.000000,16.000000,0.100000,0.010000,0.043295
2018-01-02,WMT,2018,2017,0.057395,0.000000,0.000000,16.000000,0.100000,0.010000,0.043295
2018-01-02,XOM,2018,2017,0.100005,0.565287,0.000000,16.000000,0.100000,0.010000,0.043295
2018-07-02,AAPL,2018,2017,0.087285,0.000000,0.000000,16.000000,0.300000,0.010000,0.040704
2018-07-02,AMZN,2018,2017,0.036578,0.000000,0.000000,16.000000,0.300000,0.010000,0.040704
2018-07-02,BAC,2018,2017,0.099321,0.617161,0.000000,16.000000,0.300000,0.010000,0.040704
2018-07-02,BRK-B,2018,2017,0.022357,0.000000,0.000000,16.000000,0.300000,0.010000,0.040704
2018-07-02,CVX,2018,2017,0.051200,0.000000,0.000000,16.000000,0.300000,0.010000,0.040704
2018-07-02,GOOGL,2018,2017,0.063177,0.000000,0.000000,16.000000,0.300000,0.010000,0.040704
2018-07-02,HD,2018,2017,0.075782,0.000000,0.000000,16.000000,0.300000,0.010000,0.040704
2018-07-02,INTC,2018,2017,0.047827,0.000000,0.000000,16.000000,0.300000,0.010000,0.040704
2018-07-02,JNJ,2018,2017,0.063676,0.000000,0.000000,16.000000,0.300000,0.010000,0.040704
2018-07-02,JPM,2018,2017,0.052249,0.000000,0.000000,16.000000,0.300000,0.010000,0.040704
2018-07-02,META,2018,2017,0.009999,0.000000,0.000000,16.000000,0.300000,0.010000,0.040704
2018-07-02,MSFT,2018,2017,0.063581,0.000000,0.000000,16.000000,0.300000,0.010000,0.040704
2018-07-02,PFE,2018,2017,0.009999,0.000000,0.000000,16.000000,0.300000,0.010000,0.040704
2018-07-02,PG,2018,2017,0.031814,0.000000,0.000000,16.000000,0.300000,0.010000,0.040704
2018-07-02,UNH,2018,2017,0.017561,0.000000,0.000000,16.000000,0.300000,0.010000,0.040704
2018-07-02,V,2018,2017,0.014239,0.000000,0.000000,16.000000,0.300000,0.010000,0.040704
2018-07-02,VZ,2018,2017,0.058885,0.000000,0.000000,16.000000,0.300000,0.010000,0.040704
2018-07-02,WFC,2018,2017,0.069828,0.000000,0.000000,16.000000,0.300000,0.010000,0.040704
2018-07-02,WMT,2018,2017,0.078176,0.000000,0.000000,16.000000,0.300000,0.010000,0.040704
2018-07-02,XOM,2018,2017,0.046467,0.000000,0.000000,16.000000,0.300000,0.010000,0.040704
2019-01-02,AAPL,2019,2018,0.052614,0.000000,0.000000,16.000000,0.300000,0.010000,0.048311
2019-01-02,AMZN,2019,2018,0.039177,0.000000,0.000000,16.000000,0.300000,0.010000,0.048311
2019-01-02,BAC,2019,2018,0.096088,0.000000,0.000000,16.000000,0.300000,0.010000,0.048311
2019-01-02,BRK-B,2019,2018,0.057514,0.000000,0.000000,16.000000,0.300000,0.010000,0.048311
2019-01-02,CVX,2019,2018,0.023026,0.000000,0.000000,16.000000,0.300000,0.010000,0.048311
2019-01-02,GOOGL,2019,2018,0.073585,0.000000,0.000000,16.000000,0.300000,0.010000,0.048311
2019-01-02,INTC,2019,2018,0.045605,0.000000,0.000000,16.000000,0.300000,0.010000,0.048311
2019-01-02,JNJ,2019,2018,0.010037,0.000000,0.000000,16.000000,0.300000,0.010000,0.048311
2019-01-02,JPM,2019,2018,0.089215,0.000000,0.000000,16.000000,0.300000,0.010000,0.048311
2019-01-02,KO,2019,2018,0.020947,0.000000,0.000000,16.000000,0.300000,0.010000,0.048311
2019-01-02,META,2019,2018,0.100003,0.614263,0.000000,16.000000,0.300000,0.010000,0.048311
2019-01-02,MSFT,2019,2018,0.052868,0.000000,0.000000,16.000000,0.300000,0.010000,0.048311
2019-01-02,PFE,2019,2018,0.025352,0.000000,0.000000,16.000000,0.300000,0.010000,0.048311
2019-01-02,PG,2019,2018,0.010037,0.000000,0.000000,16.000000,0.300000,0.010000,0.048311
2019-01-02,UNH,2019,2018,0.061608,0.000000,0.000000,16.000000,0.300000,0.010000,0.048311
2019-01-02,V,2019,2018,0.037508,0.000000,0.000000,16.000000,0.300000,0.010000,0.048311
2019-01-02,VZ,2019,2018,0.027377,0.000000,0.000000,16.000000,0.300000,0.010000,0.048311
2019-01-02,WFC,2019,2018,0.083554,0.000000,0.000000,16.000000,0.300000,0.010000,0.048311
2019-01-02,WMT,2019,2018,0.079729,0.000000,0.000000,16.000000,0.300000,0.010000,0.048311
2019-01-02,XOM,2019,2018,0.014156,0.000000,0.000000,16.000000,0.300000,0.010000,0.048311
2019-07-01,AAPL,2019,2018,0.047682,0.000000,0.000000,32.000000,0.300000,0.010000,0.047979
2019-07-01,AMZN,2019,2018,0.054762,0.000000,0.000000,32.000000,0.300000,0.010000,0.047979
2019-07-01,BAC,2019,2018,0.071585,0.000000,0.000000,32.000000,0.300000,0.010000,0.047979
2019-07-01,BRK-B,2019,2018,0.080380,0.000000,0.000000,32.000000,0.300000,0.010000,0.047979
2019-07-01,CVX,2019,2018,0.064737,0.000000,0.000000,32.000000,0.300000,0.010000,0.047979
2019-07-01,GOOGL,2019,2018,0.058240,0.000000,0.000000,32.000000,0.300000,0.010000,0.047979
2019-07-01,INTC,2019,2018,0.088912,0.000000,0.000000,32.000000,0.300000,0.010000,0.047979
2019-07-01,JNJ,2019,2018,0.031320,0.000000,0.000000,32.000000,0.300000,0.010000,0.047979
2019-07-01,JPM,2019,2018,0.065717,0.000000,0.000000,32.000000,0.300000,0.010000,0.047979
2019-07-01,KO,2019,2018,0.039562,0.000000,0.000000,32.000000,0.300000,0.010000,0.047979
2019-07-01,META,2019,2018,0.099074,0.527303,0.000000,32.000000,0.300000,0.010000,0.047979
2019-07-01,MSFT,2019,2018,0.033113,0.000000,0.000000,32.000000,0.300000,0.010000,0.047979
2019-07-01,PFE,2019,2018,0.064185,0.000000,0.000000,32.000000,0.300000,0.010000,0.047979
2019-07-01,PG,2019,2018,0.030223,0.000000,0.000000,32.000000,0.300000,0.010000,0.047979
2019-07-01,UNH,2019,2018,0.044518,0.000000,0.000000,32.000000,0.300000,0.010000,0.047979
2019-07-01,V,2019,2018,0.009999,0.000000,0.000000,32.000000,0.300000,0.010000,0.047979
2019-07-01,VZ,2019,2018,0.036727,0.000000,0.000000,32.000000,0.300000,0.010000,0.047979
2019-07-01,WFC,2019,2018,0.026223,0.000000,0.000000,32.000000,0.300000,0.010000,0.047979
2019-07-01,WMT,2019,2018,0.024349,0.000000,0.000000,32.000000,0.300000,0.010000,0.047979
2019-07-01,XOM,2019,2018,0.028691,0.000000,0.000000,32.000000,0.300000,0.010000,0.047979
2020-01-02,AAPL,2020,2019,0.041428,0.000000,0.000000,16.000000,0.300000,0.010000,0.046636
2020-01-02,AMZN,2020,2019,0.099841,0.724902,0.000000,16.000000,0.300000,0.010000,0.046636
2020-01-02,BAC,2020,2019,0.057588,0.000000,0.000000,16.000000,0.300000,0.010000,0.046636
2020-01-02,BRK-B,2020,2019,0.048256,0.000000,0.000000,16.000000,0.300000,0.010000,0.046636
2020-01-02,DIS,2020,2019,0.067360,0.000000,0.000000,16.000000,0.300000,0.010000,0.046636
2020-01-02,GOOGL,2020,2019,0.070422,0.000000,0.000000,16.000000,0.300000,0.010000,0.046636
2020-01-02,HD,2020,2019,0.034712,0.000000,0.000000,16.000000,0.300000,0.010000,0.046636
2020-01-02,INTC,2020,2019,0.042049,0.000000,0.000000,16.000000,0.300000,0.010000,0.046636
2020-01-02,JNJ,2020,2019,0.021593,0.000000,0.000000,16.000000,0.300000,0.010000,0.046636
2020-01-02,JPM,2020,2019,0.043255,0.000000,0.000000,16.000000,0.300000,0.010000,0.046636
2020-01-02,KO,2020,2019,0.010000,0.000000,0.000000,16.000000,0.300000,0.010000,0.046636
2020-01-02,MA,2020,2019,0.063112,0.000000,0.000000,16.000000,0.300000,0.010000,0.046636
2020-01-02,META,2020,2019,0.077057,0.000000,0.000000,16.000000,0.300000,0.010000,0.046636
2020-01-02,MSFT,2020,2019,0.061765,0.000000,0.000000,16.000000,0.300000,0.010000,0.046636
2020-01-02,PG,2020,2019,0.023459,0.000000,0.000000,16.000000,0.300000,0.010000,0.046636
2020-01-02,UNH,2020,2019,0.056617,0.000000,0.000000,16.000000,0.300000,0.010000,0.046636
2020-01-02,V,2020,2019,0.055108,0.000000,0.000000,16.000000,0.300000,0.010000,0.046636
2020-01-02,VZ,2020,2019,0.023459,0.000000,0.000000,16.000000,0.300000,0.010000,0.046636
2020-01-02,WMT,2020,2019,0.043866,0.000000,0.000000,16.000000,0.300000,0.010000,0.046636
2020-01-02,XOM,2020,2019,0.059054,0.000000,0.000000,16.000000,0.300000,0.010000,0.046636
2020-07-01,AAPL,2020,2019,0.042035,0.000000,0.000000,32.000000,0.300000,0.010000,0.040692
2020-07-01,AMZN,2020,2019,0.010552,0.000000,0.000000,32.000000,0.300000,0.010000,0.040692
2020-07-01,BAC,2020,2019,0.100008,0.000000,0.000000,32.000000,0.300000,0.010000,0.040692
2020-07-01,BRK-B,2020,2019,0.025799,0.000000,0.000000,32.000000,0.300000,0.010000,0.040692
2020-07-01,DIS,2020,2019,0.100008,0.695269,0.000000,32.000000,0.300000,0.010000,0.040692
2020-07-01,GOOGL,2020,2019,0.057740,0.000000,0.000000,32.000000,0.300000,0.010000,0.040692
2020-07-01,HD,2020,2019,0.037153,0.000000,0.000000,32.000000,0.300000,0.010000,0.040692
2020-07-01,INTC,2020,2019,0.100008,0.000000,0.000000,32.000000,0.300000,0.010000,0.040692
2020-07-01,JNJ,2020,2019,0.065701,0.000000,0.000000,32.000000,0.300000,0.010000,0.040692
2020-07-01,JPM,2020,2019,0.069333,0.000000,0.000000,32.000000,0.300000,0.010000,0.040692
2020-07-01,KO,2020,2019,0.076700,0.000000,0.000000,32.000000,0.300000,0.010000,0.040692
2020-07-01,MA,2020,2019,0.034633,0.000000,0.000000,32.000000,0.300000,0.010000,0.040692
2020-07-01,META,2020,2019,0.010552,0.000000,0.000000,32.000000,0.300000,0.010000,0.040692
2020-07-01,MSFT,2020,2019,0.070493,0.000000,0.000000,32.000000,0.300000,0.010000,0.040692
2020-07-01,PG,2020,2019,0.036324,0.000000,0.000000,32.000000,0.300000,0.010000,0.040692
2020-07-01,UNH,2020,2019,0.013655,0.000000,0.000000,32.000000,0.300000,0.010000,0.040692
2020-07-01,V,2020,2019,0.040440,0.000000,0.000000,32.000000,0.300000,0.010000,0.040692
2020-07-01,VZ,2020,2019,0.032683,0.000000,0.000000,32.000000,0.300000,0.010000,0.040692
2020-07-01,WMT,2020,2019,0.042710,0.000000,0.000000,32.000000,0.300000,0.010000,0.040692
2020-07-01,XOM,2020,2019,0.033475,0.000000,0.000000,32.000000,0.300000,0.010000,0.040692
2021-01-04,AAPL,2021,2020,0.024153,0.000000,0.000000,16.000000,0.300000,0.010000,0.046338
2021-01-04,AMZN,2021,2020,0.041199,0.000000,0.000000,16.000000,0.300000,0.010000,0.046338
2021-01-04,BAC,2021,2020,0.085247,0.000000,0.000000,16.000000,0.300000,0.010000,0.046338
2021-01-04,BRK-B,2021,2020,0.009999,0.000000,0.000000,16.000000,0.300000,0.010000,0.046338
2021-01-04,DIS,2021,2020,0.037236,0.000000,0.000000,16.000000,0.300000,0.010000,0.046338
2021-01-04,GOOGL,2021,2020,0.032899,0.000000,0.000000,16.000000,0.300000,0.010000,0.046338
2021-01-04,HD,2021,2020,0.063049,0.000000,0.000000,16.000000,0.300000,0.010000,0.046338
2021-01-04,JNJ,2021,2020,0.040114,0.000000,0.000000,16.000000,0.300000,0.010000,0.046338
2021-01-04,JPM,2021,2020,0.057051,0.000000,0.000000,16.000000,0.300000,0.010000,0.046338
2021-01-04,MA,2021,2020,0.099653,0.000000,0.000000,16.000000,0.300000,0.010000,0.046338
2021-01-04,META,2021,2020,0.022671,0.000000,0.000000,16.000000,0.300000,0.010000,0.046338
2021-01-04,MSFT,2021,2020,0.064649,0.000000,0.000000,16.000000,0.300000,0.010000,0.046338
2021-01-04,NVDA,2021,2020,0.043310,0.000000,0.000000,16.000000,0.300000,0.010000,0.046338
2021-01-04,PG,2021,2020,0.047553,0.000000,0.000000,16.000000,0.300000,0.010000,0.046338
2021-01-04,PYPL,2021,2020,0.060183,0.000000,0.000000,16.000000,0.300000,0.010000,0.046338
2021-01-04,TSLA,2021,2020,0.068919,0.000000,0.000000,16.000000,0.300000,0.010000,0.046338
2021-01-04,UNH,2021,2020,0.099653,0.911109,0.000000,16.000000,0.300000,0.010000,0.046338
2021-01-04,V,2021,2020,0.082463,0.000000,0.000000,16.000000,0.300000,0.010000,0.046338
2021-01-04,VZ,2021,2020,0.009999,0.000000,0.000000,16.000000,0.300000,0.010000,0.046338
2021-01-04,WMT,2021,2020,0.009999,0.000000,0.000000,16.000000,0.300000,0.010000,0.046338
2021-07-01,AAPL,2021,2020,0.015516,0.000000,0.000000,32.000000,0.300000,0.010000,0.039927
2021-07-01,AMZN,2021,2020,0.009997,0.000000,0.000000,32.000000,0.300000,0.010000,0.039927
2021-07-01,BAC,2021,2020,0.055077,0.000000,0.000000,32.000000,0.300000,0.010000,0.039927
2021-07-01,BRK-B,2021,2020,0.081211,0.000000,0.000000,32.000000,0.300000,0.010000,0.039927
2021-07-01,DIS,2021,2020,0.065515,0.000000,0.000000,32.000000,0.300000,0.010000,0.039927
2021-07-01,GOOGL,2021,2020,0.028629,0.000000,0.000000,32.000000,0.300000,0.010000,0.039927
2021-07-01,HD,2021,2020,0.040805,0.000000,0.000000,32.000000,0.300000,0.010000,0.039927
2021-07-01,JNJ,2021,2020,0.049691,0.000000,0.000000,32.000000,0.300000,0.010000,0.039927
2021-07-01,JPM,2021,2020,0.065935,0.000000,0.000000,32.000000,0.300000,0.010000,0.039927
2021-07-01,MA,2021,2020,0.075678,0.000000,0.000000,32.000000,0.300000,0.010000,0.039927
2021-07-01,META,2021,2020,0.009997,0.000000,0.000000,32.000000,0.300000,0.010000,0.039927
2021-07-01,MSFT,2021,2020,0.032269,0.000000,0.000000,32.000000,0.300000,0.010000,0.039927
2021-07-01,NVDA,2021,2020,0.065640,0.000000,0.000000,32.000000,0.300000,0.010000,0.039927
2021-07-01,PG,2021,2020,0.098282,0.504786,0.000000,32.000000,0.300000,0.010000,0.039927
2021-07-01,PYPL,2021,2020,0.072814,0.000000,0.000000,32.000000,0.300000,0.010000,0.039927
2021-07-01,TSLA,2021,2020,0.045837,0.000000,0.000000,32.000000,0.300000,0.010000,0.039927
2021-07-01,UNH,2021,2020,0.054780,0.000000,0.000000,32.000000,0.300000,0.010000,0.039927
2021-07-01,V,2021,2020,0.059978,0.000000,0.000000,32.000000,0.300000,0.010000,0.039927
2021-07-01,VZ,2021,2020,0.016720,0.000000,0.000000,32.000000,0.300000,0.010000,0.039927
2021-07-01,WMT,2021,2020,0.055627,0.000000,0.000000,32.000000,0.300000,0.010000,0.039927
2022-01-03,AAPL,2022,2021,0.066193,0.000000,0.000000,16.000000,0.100000,0.010000,0.040661
2022-01-03,AMZN,2022,2021,0.056774,0.000000,0.000000,16.000000,0.100000,0.010000,0.040661
2022-01-03,AVGO,2022,2021,0.066875,0.000000,0.000000,16.000000,0.100000,0.010000,0.040661
2022-01-03,BAC,2022,2021,0.038334,0.000000,0.000000,16.000000,0.100000,0.010000,0.040661
2022-01-03,BRK-B,2022,2021,0.037264,0.000000,0.000000,16.000000,0.100000,0.010000,0.040661
2022-01-03,DIS,2022,2021,0.043546,0.000000,0.000000,16.000000,0.100000,0.010000,0.040661
2022-01-03,GOOGL,2022,2021,0.045851,0.000000,0.000000,16.000000,0.100000,0.010000,0.040661
2022-01-03,HD,2022,2021,0.064369,0.000000,0.000000,16.000000,0.100000,0.010000,0.040661
2022-01-03,JNJ,2022,2021,0.009999,0.000000,0.000000,16.000000,0.100000,0.010000,0.040661
2022-01-03,JPM,2022,2021,0.054074,0.000000,0.000000,16.000000,0.100000,0.010000,0.040661
2022-01-03,MA,2022,2021,0.039021,0.000000,0.000000,16.000000,0.100000,0.010000,0.040661
2022-01-03,META,2022,2021,0.067287,0.000000,0.000000,16.000000,0.100000,0.010000,0.040661
2022-01-03,MSFT,2022,2021,0.073988,0.000000,0.000000,16.000000,0.100000,0.010000,0.040661
2022-01-03,NVDA,2022,2021,0.085279,0.656377,0.000000,16.000000,0.100000,0.010000,0.040661
2022-01-03,PFE,2022,2021,0.010784,0.000000,0.000000,16.000000,0.100000,0.010000,0.040661
2022-01-03,PG,2022,2021,0.037659,0.000000,0.000000,16.000000,0.100000,0.010000,0.040661
2022-01-03,TSLA,2022,2021,0.036496,0.000000,0.000000,16.000000,0.100000,0.010000,0.040661
2022-01-03,UNH,2022,2021,0.071719,0.000000,0.000000,16.000000,0.100000,0.010000,0.040661
2022-01-03,V,2022,2021,0.069738,0.000000,0.000000,16.000000,0.100000,0.010000,0.040661
2022-01-03,WMT,2022,2021,0.024749,0.000000,0.000000,16.000000,0.100000,0.010000,0.040661
2022-07-01,AAPL,2022,2021,0.031210,0.000000,0.000000,16.000000,0.300000,0.001000,0.046177
2022-07-01,AMZN,2022,2021,0.062620,0.000000,0.000000,16.000000,0.300000,0.001000,0.046177
2022-07-01,AVGO,2022,2021,0.060892,0.000000,0.000000,16.000000,0.300000,0.001000,0.046177
2022-07-01,BAC,2022,2021,0.073697,0.000000,0.000000,16.000000,0.300000,0.001000,0.046177
2022-07-01,BRK-B,2022,2021,0.039300,0.000000,0.000000,16.000000,0.300000,0.001000,0.046177
2022-07-01,DIS,2022,2021,0.066094,0.000000,0.000000,16.000000,0.300000,0.001000,0.046177
2022-07-01,GOOGL,2022,2021,0.047929,0.000000,0.000000,16.000000,0.300000,0.001000,0.046177
2022-07-01,HD,2022,2021,0.035206,0.000000,0.000000,16.000000,0.300000,0.001000,0.046177
2022-07-01,JNJ,2022,2021,0.009999,0.000000,0.000000,16.000000,0.300000,0.001000,0.046177
2022-07-01,JPM,2022,2021,0.056341,0.000000,0.000000,16.000000,0.300000,0.001000,0.046177
2022-07-01,MA,2022,2021,0.038429,0.000000,0.000000,16.000000,0.300000,0.001000,0.046177
2022-07-01,META,2022,2021,0.090127,0.462428,0.000000,16.000000,0.300000,0.001000,0.046177
2022-07-01,MSFT,2022,2021,0.037331,0.000000,0.000000,16.000000,0.300000,0.001000,0.046177
2022-07-01,NVDA,2022,2021,0.069389,0.000000,0.000000,16.000000,0.300000,0.001000,0.046177
2022-07-01,PFE,2022,2021,0.052825,0.000000,0.000000,16.000000,0.300000,0.001000,0.046177
2022-07-01,PG,2022,2021,0.027593,0.000000,0.000000,16.000000,0.300000,0.001000,0.046177
2022-07-01,TSLA,2022,2021,0.060072,0.000000,0.000000,16.000000,0.300000,0.001000,0.046177
2022-07-01,UNH,2022,2021,0.061857,0.000000,0.000000,16.000000,0.300000,0.001000,0.046177
2022-07-01,V,2022,2021,0.032401,0.000000,0.000000,16.000000,0.300000,0.001000,0.046177
2022-07-01,WMT,2022,2021,0.046688,0.000000,0.000000,16.000000,0.300000,0.001000,0.046177
2023-01-03,AAPL,2023,2022,0.045791,0.000000,0.000000,16.000000,0.300000,0.010000,0.044142
2023-01-03,AMZN,2023,2022,0.089139,0.000000,0.000000,16.000000,0.300000,0.010000,0.044142
2023-01-03,BRK-B,2023,2022,0.023316,0.000000,0.000000,16.000000,0.300000,0.010000,0.044142
2023-01-03,CVX,2023,2022,0.051615,0.000000,0.000000,16.000000,0.300000,0.010000,0.044142
2023-01-03,GOOGL,2023,2022,0.054362,0.000000,0.000000,16.000000,0.300000,0.010000,0.044142
2023-01-03,HD,2023,2022,0.039434,0.000000,0.000000,16.000000,0.300000,0.010000,0.044142
2023-01-03,JNJ,2023,2022,0.024850,0.000000,0.000000,16.000000,0.300000,0.010000,0.044142
2023-01-03,JPM,2023,2022,0.013225,0.000000,0.000000,16.000000,0.300000,0.010000,0.044142
2023-01-03,LLY,2023,2022,0.044342,0.000000,0.000000,16.000000,0.300000,0.010000,0.044142
2023-01-03,MA,2023,2022,0.100004,0.812773,0.000000,16.000000,0.300000,0.010000,0.044142
2023-01-03,META,2023,2022,0.055441,0.000000,0.000000,16.000000,0.300000,0.010000,0.044142
2023-01-03,MSFT,2023,2022,0.051259,0.000000,0.000000,16.000000,0.300000,0.010000,0.044142
2023-01-03,NVDA,2023,2022,0.039579,0.000000,0.000000,16.000000,0.300000,0.010000,0.044142
2023-01-03,PFE,2023,2022,0.060535,0.000000,0.000000,16.000000,0.300000,0.010000,0.044142
2023-01-03,PG,2023,2022,0.010005,0.000000,0.000000,16.000000,0.300000,0.010000,0.044142
2023-01-03,TSLA,2023,2022,0.074592,0.000000,0.000000,16.000000,0.300000,0.010000,0.044142
2023-01-03,UNH,2023,2022,0.037440,0.000000,0.000000,16.000000,0.300000,0.010000,0.044142
2023-01-03,V,2023,2022,0.082878,0.000000,0.000000,16.000000,0.300000,0.010000,0.044142
2023-01-03,WMT,2023,2022,0.040881,0.000000,0.000000,16.000000,0.300000,0.010000,0.044142
2023-01-03,XOM,2023,2022,0.061313,0.000000,0.000000,16.000000,0.300000,0.010000,0.044142
2023-07-03,AAPL,2023,2022,0.064450,0.000000,0.000000,32.000000,0.300000,0.010000,0.046667
2023-07-03,AMZN,2023,2022,0.100007,0.000000,0.000000,32.000000,0.300000,0.010000,0.046667
2023-07-03,BRK-B,2023,2022,0.013631,0.000000,0.000000,32.000000,0.300000,0.010000,0.046667
2023-07-03,CVX,2023,2022,0.065678,0.000000,0.000000,32.000000,0.300000,0.010000,0.046667
2023-07-03,GOOGL,2023,2022,0.036827,0.000000,0.000000,32.000000,0.300000,0.010000,0.046667
2023-07-03,HD,2023,2022,0.043496,0.000000,0.000000,32.000000,0.300000,0.010000,0.046667
2023-07-03,JNJ,2023,2022,0.010159,0.000000,0.000000,32.000000,0.300000,0.010000,0.046667
2023-07-03,JPM,2023,2022,0.031915,0.000000,0.000000,32.000000,0.300000,0.010000,0.046667
2023-07-03,LLY,2023,2022,0.031237,0.000000,0.000000,32.000000,0.300000,0.010000,0.046667
2023-07-03,MA,2023,2022,0.045071,0.000000,0.000000,32.000000,0.300000,0.010000,0.046667
2023-07-03,META,2023,2022,0.100007,0.292532,0.000000,32.000000,0.300000,0.010000,0.046667
2023-07-03,MSFT,2023,2022,0.044525,0.000000,0.000000,32.000000,0.300000,0.010000,0.046667
2023-07-03,NVDA,2023,2022,0.100007,0.000000,0.000000,32.000000,0.300000,0.010000,0.046667
2023-07-03,PFE,2023,2022,0.046723,0.000000,0.000000,32.000000,0.300000,0.010000,0.046667
2023-07-03,PG,2023,2022,0.025178,0.000000,0.000000,32.000000,0.300000,0.010000,0.046667
2023-07-03,TSLA,2023,2022,0.094482,0.000000,0.000000,32.000000,0.300000,0.010000,0.046667
2023-07-03,UNH,2023,2022,0.019574,0.000000,0.000000,32.000000,0.300000,0.010000,0.046667
2023-07-03,V,2023,2022,0.049713,0.000000,0.000000,32.000000,0.300000,0.010000,0.046667
2023-07-03,WMT,2023,2022,0.021144,0.000000,0.000000,32.000000,0.300000,0.010000,0.046667
2023-07-03,XOM,2023,2022,0.056175,0.000000,0.000000,32.000000,0.300000,0.010000,0.046667
2024-01-02,AAPL,2024,2023,0.079181,0.000000,0.000000,16.000000,0.300000,0.010000,0.040884
2024-01-02,AMZN,2024,2023,0.097514,0.000000,0.000000,16.000000,0.300000,0.010000,0.040884
2024-01-02,AVGO,2024,2023,0.071663,0.000000,0.000000,16.000000,0.300000,0.010000,0.040884
2024-01-02,BRK-B,2024,2023,0.009998,0.000000,0.000000,16.000000,0.300000,0.010000,0.040884
2024-01-02,COST,2024,2023,0.022757,0.000000,0.000000,16.000000,0.300000,0.010000,0.040884
2024-01-02,GOOGL,2024,2023,0.065855,0.000000,0.000000,16.000000,0.300000,0.010000,0.040884
2024-01-02,HD,2024,2023,0.041262,0.000000,0.000000,16.000000,0.300000,0.010000,0.040884
2024-01-02,JNJ,2024,2023,0.072048,0.000000,0.000000,16.000000,0.300000,0.010000,0.040884
2024-01-02,JPM,2024,2023,0.020787,0.000000,0.000000,16.000000,0.300000,0.010000,0.040884
2024-01-02,LLY,2024,2023,0.054085,0.000000,0.000000,16.000000,0.300000,0.010000,0.040884
2024-01-02,MA,2024,2023,0.031040,0.000000,0.000000,16.000000,0.300000,0.010000,0.040884
2024-01-02,META,2024,2023,0.051678,0.000000,0.000000,16.000000,0.300000,0.010000,0.040884
2024-01-02,MSFT,2024,2023,0.041278,0.000000,0.000000,16.000000,0.300000,0.010000,0.040884
2024-01-02,NVDA,2024,2023,0.098606,0.000000,0.000000,16.000000,0.300000,0.010000,0.040884
2024-01-02,PG,2024,2023,0.009998,0.000000,0.000000,16.000000,0.300000,0.010000,0.040884
2024-01-02,TSLA,2024,2023,0.099450,0.561693,0.000000,16.000000,0.300000,0.010000,0.040884
2024-01-02,UNH,2024,2023,0.033013,0.000000,0.000000,16.000000,0.300000,0.010000,0.040884
2024-01-02,V,2024,2023,0.009998,0.000000,0.000000,16.000000,0.300000,0.010000,0.040884
2024-01-02,WMT,2024,2023,0.009998,0.000000,0.000000,16.000000,0.300000,0.010000,0.040884
2024-01-02,XOM,2024,2023,0.079791,0.000000,0.000000,16.000000,0.300000,0.010000,0.040884
2024-07-01,AAPL,2024,2023,0.009998,0.000000,0.000000,16.000000,0.300000,0.010000,0.044120
2024-07-01,AMZN,2024,2023,0.085165,0.000000,0.000000,16.000000,0.300000,0.010000,0.044120
2024-07-01,AVGO,2024,2023,0.082309,0.000000,0.000000,16.000000,0.300000,0.010000,0.044120
2024-07-01,BRK-B,2024,2023,0.039455,0.000000,0.000000,16.000000,0.300000,0.010000,0.044120
2024-07-01,COST,2024,2023,0.084374,0.000000,0.000000,16.000000,0.300000,0.010000,0.044120
2024-07-01,GOOGL,2024,2023,0.044272,0.000000,0.000000,16.000000,0.300000,0.010000,0.044120
2024-07-01,HD,2024,2023,0.036959,0.000000,0.000000,16.000000,0.300000,0.010000,0.044120
2024-07-01,JNJ,2024,2023,0.040947,0.000000,0.000000,16.000000,0.300000,0.010000,0.044120
2024-07-01,JPM,2024,2023,0.045655,0.000000,0.000000,16.000000,0.300000,0.010000,0.044120
2024-07-01,LLY,2024,2023,0.079557,0.000000,0.000000,16.000000,0.300000,0.010000,0.044120
2024-07-01,MA,2024,2023,0.020291,0.000000,0.000000,16.000000,0.300000,0.010000,0.044120
2024-07-01,META,2024,2023,0.079465,0.000000,0.000000,16.000000,0.300000,0.010000,0.044120
2024-07-01,MSFT,2024,2023,0.045152,0.000000,0.000000,16.000000,0.300000,0.010000,0.044120
2024-07-01,NVDA,2024,2023,0.063905,0.000000,0.000000,16.000000,0.300000,0.010000,0.044120
2024-07-01,PG,2024,2023,0.009998,0.000000,0.000000,16.000000,0.300000,0.010000,0.044120
2024-07-01,TSLA,2024,2023,0.066238,0.000000,0.000000,16.000000,0.300000,0.010000,0.044120
2024-07-01,UNH,2024,2023,0.034167,0.000000,0.000000,16.000000,0.300000,0.010000,0.044120
2024-07-01,V,2024,2023,0.021019,0.000000,0.000000,16.000000,0.300000,0.010000,0.044120
2024-07-01,WMT,2024,2023,0.015429,0.000000,0.000000,16.000000,0.300000,0.010000,0.044120
2024-07-01,XOM,2024,2023,0.095646,0.459680,0.000000,16.000000,0.300000,0.010000,0.044120
2025-01-02,AAPL,2025,2024,0.010548,0.000000,0.000000,16.000000,0.100000,0.010000,0.044275
2025-01-02,AMZN,2025,2024,0.051020,0.000000,0.000000,16.000000,0.100000,0.010000,0.044275
2025-01-02,AVGO,2025,2024,0.078028,0.000000,0.000000,16.000000,0.100000,0.010000,0.044275
2025-01-02,BRK-B,2025,2024,0.100009,0.000000,0.000000,16.000000,0.100000,0.010000,0.044275
2025-01-02,COST,2025,2024,0.032434,0.000000,0.000000,16.000000,0.100000,0.010000,0.044275
2025-01-02,GOOGL,2025,2024,0.025187,0.000000,0.000000,16.000000,0.100000,0.010000,0.044275
2025-01-02,HD,2025,2024,0.027687,0.000000,0.000000,16.000000,0.100000,0.010000,0.044275
2025-01-02,JPM,2025,2024,0.025187,0.000000,0.000000,16.000000,0.100000,0.010000,0.044275
2025-01-02,LLY,2025,2024,0.100009,0.000000,0.000000,16.000000,0.100000,0.010000,0.044275
2025-01-02,MA,2025,2024,0.027932,0.000000,0.000000,16.000000,0.100000,0.010000,0.044275
2025-01-02,META,2025,2024,0.100009,0.565711,0.000000,16.000000,0.100000,0.010000,0.044275
2025-01-02,MSFT,2025,2024,0.045195,0.000000,0.000000,16.000000,0.100000,0.010000,0.044275
2025-01-02,NVDA,2025,2024,0.052128,0.000000,0.000000,16.000000,0.100000,0.010000,0.044275
2025-01-02,ORCL,2025,2024,0.056382,0.000000,0.000000,16.000000,0.100000,0.010000,0.044275
2025-01-02,PG,2025,2024,0.064165,0.000000,0.000000,16.000000,0.100000,0.010000,0.044275
2025-01-02,TSLA,2025,2024,0.025187,0.000000,0.000000,16.000000,0.100000,0.010000,0.044275
2025-01-02,UNH,2025,2024,0.029711,0.000000,0.000000,16.000000,0.100000,0.010000,0.044275
2025-01-02,V,2025,2024,0.033281,0.000000,0.000000,16.000000,0.100000,0.010000,0.044275
2025-01-02,WMT,2025,2024,0.025187,0.000000,0.000000,16.000000,0.100000,0.010000,0.044275
2025-01-02,XOM,2025,2024,0.090713,0.000000,0.000000,16.000000,0.100000,0.010000,0.044275
2025-07-01,AAPL,2025,2024,0.083736,0.000000,0.000000,16.000000,0.300000,0.010000,0.044859
2025-07-01,AMZN,2025,2024,0.009999,0.000000,0.000000,16.000000,0.300000,0.010000,0.044859
2025-07-01,AVGO,2025,2024,0.009999,0.000000,0.000000,16.000000,0.300000,0.010000,0.044859
2025-07-01,BRK-B,2025,2024,0.087759,0.000000,0.000000,16.000000,0.300000,0.010000,0.044859
2025-07-01,COST,2025,2024,0.066577,0.000000,0.000000,16.000000,0.300000,0.010000,0.044859
2025-07-01,GOOGL,2025,2024,0.009999,0.000000,0.000000,16.000000,0.300000,0.010000,0.044859
2025-07-01,HD,2025,2024,0.054759,0.000000,0.000000,16.000000,0.300000,0.010000,0.044859
2025-07-01,JPM,2025,2024,0.056188,0.000000,0.000000,16.000000,0.300000,0.010000,0.044859
2025-07-01,LLY,2025,2024,0.009999,0.000000,0.000000,16.000000,0.300000,0.010000,0.044859
2025-07-01,MA,2025,2024,0.088177,0.000000,0.000000,16.000000,0.300000,0.010000,0.044859
2025-07-01,META,2025,2024,0.009999,0.000000,0.000000,16.000000,0.300000,0.010000,0.044859
2025-07-01,MSFT,2025,2024,0.009999,0.000000,0.000000,16.000000,0.300000,0.010000,0.044859
2025-07-01,NVDA,2025,2024,0.096338,0.858003,0.000000,16.000000,0.300000,0.010000,0.044859
2025-07-01,ORCL,2025,2024,0.081019,0.000000,0.000000,16.000000,0.300000,0.010000,0.044859
2025-07-01,PG,2025,2024,0.058542,0.000000,0.000000,16.000000,0.300000,0.010000,0.044859
2025-07-01,TSLA,2025,2024,0.089001,0.000000,0.000000,16.000000,0.300000,0.010000,0.044859
2025-07-01,UNH,2025,2024,0.062711,0.000000,0.000000,16.000000,0.300000,0.010000,0.044859
2025-07-01,V,2025,2024,0.043449,0.000000,0.000000,16.000000,0.300000,0.010000,0.044859
2025-07-01,WMT,2025,2024,0.048051,0.000000,0.000000,16.000000,0.300000,0.010000,0.044859
2025-07-01,XOM,2025,2024,0.023700,0.000000,0.000000,16.000000,0.300000,0.010000,0.044859
