rebalance_date,invest_year,select_year,ticker,assigned_weight,turnover,tc_drag_bps,best_nodes,best_dropout,best_lr,best_val_loss,run_number,seed
1998-01-02,1998,1997,INTC,0.09569314122200012,1.0,0.0,32,0.1,0.01,0.026602,7,48
1998-01-02,1998,1997,CSCO,0.08799470961093903,0.0,0.0,32,0.1,0.01,0.026602,7,48
1998-01-02,1998,1997,IBM,0.0857696682214737,0.0,0.0,32,0.1,0.01,0.026602,7,48
1998-01-02,1998,1997,DIS,0.07357358932495117,0.0,0.0,32,0.1,0.01,0.026602,7,48
1998-01-02,1998,1997,VZ,0.0692494809627533,0.0,0.0,32,0.1,0.01,0.026602,7,48
1998-01-02,1998,1997,WMT,0.0672035738825798,0.0,0.0,32,0.1,0.01,0.026602,7,48
1998-01-02,1998,1997,PFE,0.06310407817363739,0.0,0.0,32,0.1,0.01,0.026602,7,48
1998-01-02,1998,1997,C,0.06216321513056755,0.0,0.0,32,0.1,0.01,0.026602,7,48
1998-01-02,1998,1997,PEP,0.06203710287809372,0.0,0.0,32,0.1,0.01,0.026602,7,48
1998-01-02,1998,1997,T,0.05338349938392639,0.0,0.0,32,0.1,0.01,0.026602,7,48
1998-01-02,1998,1997,AIG,0.04619183763861656,0.0,0.0,32,0.1,0.01,0.026602,7,48
1998-01-02,1998,1997,MRK,0.040686510503292084,0.0,0.0,32,0.1,0.01,0.026602,7,48
1998-01-02,1998,1997,XOM,0.04024728387594223,0.0,0.0,32,0.1,0.01,0.026602,7,48
1998-01-02,1998,1997,LLY,0.03626323491334915,0.0,0.0,32,0.1,0.01,0.026602,7,48
1998-01-02,1998,1997,GE,0.032260287553071976,0.0,0.0,32,0.1,0.01,0.026602,7,48
1998-01-02,1998,1997,MSFT,0.029040783643722534,0.0,0.0,32,0.1,0.01,0.026602,7,48
1998-01-02,1998,1997,PG,0.025160260498523712,0.0,0.0,32,0.1,0.01,0.026602,7,48
1998-01-02,1998,1997,JNJ,0.00999257992953062,0.0,0.0,32,0.1,0.01,0.026602,7,48
1998-01-02,1998,1997,KO,0.00999257992953062,0.0,0.0,32,0.1,0.01,0.026602,7,48
1998-01-02,1998,1997,BMY,0.00999257992953062,0.0,0.0,32,0.1,0.01,0.026602,7,48
1999-01-04,1999,1998,C,0.09814487397670746,0.744084,0.0,32,0.1,0.01,0.03015,7,48
1999-01-04,1999,1998,PFE,0.09814487397670746,0.0,0.0,32,0.1,0.01,0.03015,7,48
1999-01-04,1999,1998,MSFT,0.09814487397670746,0.0,0.0,32,0.1,0.01,0.03015,7,48
1999-01-04,1999,1998,INTC,0.09814487397670746,0.0,0.0,32,0.1,0.01,0.03015,7,48
1999-01-04,1999,1998,WMT,0.0811050683259964,0.0,0.0,32,0.1,0.01,0.03015,7,48
1999-01-04,1999,1998,BMY,0.08107692748308182,0.0,0.0,32,0.1,0.01,0.03015,7,48
1999-01-04,1999,1998,LLY,0.07954172044992447,0.0,0.0,32,0.1,0.01,0.03015,7,48
1999-01-04,1999,1998,JNJ,0.07526448369026184,0.0,0.0,32,0.1,0.01,0.03015,7,48
1999-01-04,1999,1998,CSCO,0.07366209477186203,0.0,0.0,32,0.1,0.01,0.03015,7,48
1999-01-04,1999,1998,VZ,0.04870418831706047,0.0,0.0,32,0.1,0.01,0.03015,7,48
1999-01-04,1999,1998,MRK,0.04791460558772087,0.0,0.0,32,0.1,0.01,0.03015,7,48
1999-01-04,1999,1998,GE,0.03421337157487869,0.0,0.0,32,0.1,0.01,0.03015,7,48
1999-01-04,1999,1998,XOM,0.015280664898455143,0.0,0.0,32,0.1,0.01,0.03015,7,48
1999-01-04,1999,1998,T,0.010661166161298752,0.0,0.0,32,0.1,0.01,0.03015,7,48
1999-01-04,1999,1998,BAC,0.009999371133744717,0.0,0.0,32,0.1,0.01,0.03015,7,48
1999-01-04,1999,1998,AIG,0.009999371133744717,0.0,0.0,32,0.1,0.01,0.03015,7,48
1999-01-04,1999,1998,KO,0.009999371133744717,0.0,0.0,32,0.1,0.01,0.03015,7,48
1999-01-04,1999,1998,IBM,0.009999371133744717,0.0,0.0,32,0.1,0.01,0.03015,7,48
1999-01-04,1999,1998,HD,0.009999371133744717,0.0,0.0,32,0.1,0.01,0.03015,7,48
1999-01-04,1999,1998,PG,0.009999371133744717,0.0,0.0,32,0.1,0.01,0.03015,7,48
2000-01-03,2000,1999,C,0.09203749150037766,0.836765,0.0,32,0.1,0.01,0.033784,7,48
2000-01-03,2000,1999,MSFT,0.08707666397094727,0.0,0.0,32,0.1,0.01,0.033784,7,48
2000-01-03,2000,1999,GE,0.08305700868368149,0.0,0.0,32,0.1,0.01,0.033784,7,48
2000-01-03,2000,1999,XOM,0.07639739662408829,0.0,0.0,32,0.1,0.01,0.033784,7,48
2000-01-03,2000,1999,INTC,0.07152587175369263,0.0,0.0,32,0.1,0.01,0.033784,7,48
2000-01-03,2000,1999,HD,0.06614959239959717,0.0,0.0,32,0.1,0.01,0.033784,7,48
2000-01-03,2000,1999,WMT,0.06508783996105194,0.0,0.0,32,0.1,0.01,0.033784,7,48
2000-01-03,2000,1999,AIG,0.06475188583135605,0.0,0.0,32,0.1,0.01,0.033784,7,48
2000-01-03,2000,1999,IBM,0.06336107105016708,0.0,0.0,32,0.1,0.01,0.033784,7,48
2000-01-03,2000,1999,PG,0.05794958770275116,0.0,0.0,32,0.1,0.01,0.033784,7,48
2000-01-03,2000,1999,KO,0.0458836667239666,0.0,0.0,32,0.1,0.01,0.033784,7,48
2000-01-03,2000,1999,JNJ,0.03466220200061798,0.0,0.0,32,0.1,0.01,0.033784,7,48
2000-01-03,2000,1999,CSCO,0.03389744833111763,0.0,0.0,32,0.1,0.01,0.033784,7,48
2000-01-03,2000,1999,MRK,0.031358517706394196,0.0,0.0,32,0.1,0.01,0.033784,7,48
2000-01-03,2000,1999,QCOM,0.030235443264245987,0.0,0.0,32,0.1,0.01,0.033784,7,48
2000-01-03,2000,1999,T,0.028253575786948204,0.0,0.0,32,0.1,0.01,0.033784,7,48
2000-01-03,2000,1999,VZ,0.02262033522129059,0.0,0.0,32,0.1,0.01,0.033784,7,48
2000-01-03,2000,1999,BMY,0.017847668379545212,0.0,0.0,32,0.1,0.01,0.033784,7,48
2000-01-03,2000,1999,PFE,0.017847668379545212,0.0,0.0,32,0.1,0.01,0.033784,7,48
2000-01-03,2000,1999,ORCL,0.00999901071190834,0.0,0.0,32,0.1,0.01,0.033784,7,48
2001-01-02,2001,2000,CSCO,0.10000699013471603,0.601076,0.0,16,0.1,0.01,0.033405,7,48
2001-01-02,2001,2000,INTC,0.10000699013471603,0.0,0.0,16,0.1,0.01,0.033405,7,48
2001-01-02,2001,2000,IBM,0.08373305946588516,0.0,0.0,16,0.1,0.01,0.033405,7,48
2001-01-02,2001,2000,ORCL,0.0796581581234932,0.0,0.0,16,0.1,0.01,0.033405,7,48
2001-01-02,2001,2000,WMT,0.07041875272989273,0.0,0.0,16,0.1,0.01,0.033405,7,48
2001-01-02,2001,2000,PFE,0.0630652904510498,0.0,0.0,16,0.1,0.01,0.033405,7,48
2001-01-02,2001,2000,C,0.0606970377266407,0.0,0.0,16,0.1,0.01,0.033405,7,48
2001-01-02,2001,2000,AIG,0.05440293252468109,0.0,0.0,16,0.1,0.01,0.033405,7,48
2001-01-02,2001,2000,XOM,0.053331177681684494,0.0,0.0,16,0.1,0.01,0.033405,7,48
2001-01-02,2001,2000,GE,0.05277203023433685,0.0,0.0,16,0.1,0.01,0.033405,7,48
2001-01-02,2001,2000,VZ,0.036692094057798386,0.0,0.0,16,0.1,0.01,0.033405,7,48
2001-01-02,2001,2000,HD,0.03528362140059471,0.0,0.0,16,0.1,0.01,0.033405,7,48
2001-01-02,2001,2000,MSFT,0.03439612314105034,0.0,0.0,16,0.1,0.01,0.033405,7,48
2001-01-02,2001,2000,MRK,0.03402692824602127,0.0,0.0,16,0.1,0.01,0.033405,7,48
2001-01-02,2001,2000,JNJ,0.032707579433918,0.0,0.0,16,0.1,0.01,0.033405,7,48
2001-01-02,2001,2000,T,0.027587028220295906,0.0,0.0,16,0.1,0.01,0.033405,7,48
2001-01-02,2001,2000,KO,0.02644047699868679,0.0,0.0,16,0.1,0.01,0.033405,7,48
2001-01-02,2001,2000,BMY,0.023940790444612503,0.0,0.0,16,0.1,0.01,0.033405,7,48
2001-01-02,2001,2000,LLY,0.020286278799176216,0.0,0.0,16,0.1,0.01,0.033405,7,48
2001-01-02,2001,2000,PG,0.01054664421826601,0.0,0.0,16,0.1,0.01,0.033405,7,48
2002-01-02,2002,2001,PG,0.10000207275152206,0.720318,0.0,32,0.1,0.01,0.031184,7,48
2002-01-02,2002,2001,BAC,0.10000207275152206,0.0,0.0,32,0.1,0.01,0.031184,7,48
2002-01-02,2002,2001,MSFT,0.09274378418922424,0.0,0.0,32,0.1,0.01,0.031184,7,48
2002-01-02,2002,2001,HD,0.08219390362501144,0.0,0.0,32,0.1,0.01,0.031184,7,48
2002-01-02,2002,2001,IBM,0.0738309770822525,0.0,0.0,32,0.1,0.01,0.031184,7,48
2002-01-02,2002,2001,WMT,0.06670676916837692,0.0,0.0,32,0.1,0.01,0.031184,7,48
2002-01-02,2002,2001,AIG,0.06294333189725876,0.0,0.0,32,0.1,0.01,0.031184,7,48
2002-01-02,2002,2001,C,0.047429293394088745,0.0,0.0,32,0.1,0.01,0.031184,7,48
2002-01-02,2002,2001,BMY,0.04632283374667168,0.0,0.0,32,0.1,0.01,0.031184,7,48
2002-01-02,2002,2001,KO,0.04495904967188835,0.0,0.0,32,0.1,0.01,0.031184,7,48
2002-01-02,2002,2001,INTC,0.0448225736618042,0.0,0.0,32,0.1,0.01,0.031184,7,48
2002-01-02,2002,2001,VZ,0.04333421587944031,0.0,0.0,32,0.1,0.01,0.031184,7,48
2002-01-02,2002,2001,MRK,0.041228633373975754,0.0,0.0,32,0.1,0.01,0.031184,7,48
2002-01-02,2002,2001,GE,0.038119956851005554,0.0,0.0,32,0.1,0.01,0.031184,7,48
2002-01-02,2002,2001,JNJ,0.02919863909482956,0.0,0.0,32,0.1,0.01,0.031184,7,48
2002-01-02,2002,2001,T,0.02672155760228634,0.0,0.0,32,0.1,0.01,0.031184,7,48
2002-01-02,2002,2001,CSCO,0.02265811152756214,0.0,0.0,32,0.1,0.01,0.031184,7,48
2002-01-02,2002,2001,XOM,0.016779860481619835,0.0,0.0,32,0.1,0.01,0.031184,7,48
2002-01-02,2002,2001,CVX,0.01000124029815197,0.0,0.0,32,0.1,0.01,0.031184,7,48
2002-01-02,2002,2001,PFE,0.01000124029815197,0.0,0.0,32,0.1,0.01,0.031184,7,48
2003-01-02,2003,2002,INTC,0.10000365227460861,0.885357,0.0,16,0.1,0.01,0.037022,7,48
2003-01-02,2003,2002,MSFT,0.10000365227460861,0.0,0.0,16,0.1,0.01,0.037022,7,48
2003-01-02,2003,2002,CSCO,0.08948225528001785,0.0,0.0,16,0.1,0.01,0.037022,7,48
2003-01-02,2003,2002,WMT,0.07761986553668976,0.0,0.0,16,0.1,0.01,0.037022,7,48
2003-01-02,2003,2002,C,0.06730448454618454,0.0,0.0,16,0.1,0.01,0.037022,7,48
2003-01-02,2003,2002,PFE,0.06229899823665619,0.0,0.0,16,0.1,0.01,0.037022,7,48
2003-01-02,2003,2002,AIG,0.05901135131716728,0.0,0.0,16,0.1,0.01,0.037022,7,48
2003-01-02,2003,2002,PEP,0.055798474699258804,0.0,0.0,16,0.1,0.01,0.037022,7,48
2003-01-02,2003,2002,JNJ,0.05528624728322029,0.0,0.0,16,0.1,0.01,0.037022,7,48
2003-01-02,2003,2002,GE,0.05398847162723541,0.0,0.0,16,0.1,0.01,0.037022,7,48
2003-01-02,2003,2002,LLY,0.0452408529818058,0.0,0.0,16,0.1,0.01,0.037022,7,48
2003-01-02,2003,2002,WFC,0.04106958582997322,0.0,0.0,16,0.1,0.01,0.037022,7,48
2003-01-02,2003,2002,IBM,0.03429397568106651,0.0,0.0,16,0.1,0.01,0.037022,7,48
2003-01-02,2003,2002,KO,0.03220072388648987,0.0,0.0,16,0.1,0.01,0.037022,7,48
2003-01-02,2003,2002,BAC,0.029235124588012695,0.0,0.0,16,0.1,0.01,0.037022,7,48
2003-01-02,2003,2002,CVX,0.028140617534518242,0.0,0.0,16,0.1,0.01,0.037022,7,48
2003-01-02,2003,2002,PG,0.02811860665678978,0.0,0.0,16,0.1,0.01,0.037022,7,48
2003-01-02,2003,2002,XOM,0.02033298648893833,0.0,0.0,16,0.1,0.01,0.037022,7,48
2003-01-02,2003,2002,VZ,0.010285064578056335,0.0,0.0,16,0.1,0.01,0.037022,7,48
2003-01-02,2003,2002,MRK,0.010285064578056335,0.0,0.0,16,0.1,0.01,0.037022,7,48
2004-01-02,2004,2003,INTC,0.08009939640760422,0.733273,0.0,16,0.1,0.01,0.035071,7,48
2004-01-02,2004,2003,CSCO,0.07756271213293076,0.0,0.0,16,0.1,0.01,0.035071,7,48
2004-01-02,2004,2003,UPS,0.07723778486251831,0.0,0.0,16,0.1,0.01,0.035071,7,48
2004-01-02,2004,2003,IBM,0.07710552215576172,0.0,0.0,16,0.1,0.01,0.035071,7,48
2004-01-02,2004,2003,HD,0.07427284866571426,0.0,0.0,16,0.1,0.01,0.035071,7,48
2004-01-02,2004,2003,GE,0.06646645069122314,0.0,0.0,16,0.1,0.01,0.035071,7,48
2004-01-02,2004,2003,MSFT,0.06435639411211014,0.0,0.0,16,0.1,0.01,0.035071,7,48
2004-01-02,2004,2003,KO,0.0627557560801506,0.0,0.0,16,0.1,0.01,0.035071,7,48
2004-01-02,2004,2003,VZ,0.05803239718079567,0.0,0.0,16,0.1,0.01,0.035071,7,48
2004-01-02,2004,2003,PG,0.05741046741604805,0.0,0.0,16,0.1,0.01,0.035071,7,48
2004-01-02,2004,2003,C,0.053734440356492996,0.0,0.0,16,0.1,0.01,0.035071,7,48
2004-01-02,2004,2003,WFC,0.04354571923613548,0.0,0.0,16,0.1,0.01,0.035071,7,48
2004-01-02,2004,2003,PFE,0.04290925711393356,0.0,0.0,16,0.1,0.01,0.035071,7,48
2004-01-02,2004,2003,WMT,0.04151727631688118,0.0,0.0,16,0.1,0.01,0.035071,7,48
2004-01-02,2004,2003,CVX,0.03690880909562111,0.0,0.0,16,0.1,0.01,0.035071,7,48
2004-01-02,2004,2003,MRK,0.03394526243209839,0.0,0.0,16,0.1,0.01,0.035071,7,48
2004-01-02,2004,2003,XOM,0.020067473873496056,0.0,0.0,16,0.1,0.01,0.035071,7,48
2004-01-02,2004,2003,BAC,0.012079842388629913,0.0,0.0,16,0.1,0.01,0.035071,7,48
2004-01-02,2004,2003,AIG,0.009996084496378899,0.0,0.0,16,0.1,0.01,0.035071,7,48
2004-01-02,2004,2003,JNJ,0.009996084496378899,0.0,0.0,16,0.1,0.01,0.035071,7,48
2005-01-03,2005,2004,PFE,0.09637405723333359,0.575762,0.0,32,0.1,0.01,0.035843,7,48
2005-01-03,2005,2004,JNJ,0.0786646232008934,0.0,0.0,32,0.1,0.01,0.035843,7,48
2005-01-03,2005,2004,IBM,0.07579150795936584,0.0,0.0,32,0.1,0.01,0.035843,7,48
2005-01-03,2005,2004,GE,0.07250288128852844,0.0,0.0,32,0.1,0.01,0.035843,7,48
2005-01-03,2005,2004,UPS,0.06933315098285675,0.0,0.0,32,0.1,0.01,0.035843,7,48
2005-01-03,2005,2004,CSCO,0.06854747980833054,0.0,0.0,32,0.1,0.01,0.035843,7,48
2005-01-03,2005,2004,AIG,0.05726547911763191,0.0,0.0,32,0.1,0.01,0.035843,7,48
2005-01-03,2005,2004,VZ,0.05722462013363838,0.0,0.0,32,0.1,0.01,0.035843,7,48
2005-01-03,2005,2004,JPM,0.055473875254392624,0.0,0.0,32,0.1,0.01,0.035843,7,48
2005-01-03,2005,2004,WFC,0.055146489292383194,0.0,0.0,32,0.1,0.01,0.035843,7,48
2005-01-03,2005,2004,KO,0.04991781711578369,0.0,0.0,32,0.1,0.01,0.035843,7,48
2005-01-03,2005,2004,INTC,0.045651551336050034,0.0,0.0,32,0.1,0.01,0.035843,7,48
2005-01-03,2005,2004,HD,0.03985006734728813,0.0,0.0,32,0.1,0.01,0.035843,7,48
2005-01-03,2005,2004,BAC,0.03851700574159622,0.0,0.0,32,0.1,0.01,0.035843,7,48
2005-01-03,2005,2004,CVX,0.037279557436704636,0.0,0.0,32,0.1,0.01,0.035843,7,48
2005-01-03,2005,2004,XOM,0.03694780170917511,0.0,0.0,32,0.1,0.01,0.035843,7,48
2005-01-03,2005,2004,C,0.034053344279527664,0.0,0.0,32,0.1,0.01,0.035843,7,48
2005-01-03,2005,2004,PG,0.011464321985840797,0.0,0.0,32,0.1,0.01,0.035843,7,48
2005-01-03,2005,2004,MSFT,0.009997183457016945,0.0,0.0,32,0.1,0.01,0.035843,7,48
2005-01-03,2005,2004,WMT,0.009997183457016945,0.0,0.0,32,0.1,0.01,0.035843,7,48
2006-01-03,2006,2005,PFE,0.1000036969780922,0.638425,0.0,32,0.1,0.01,0.034547,7,48
2006-01-03,2006,2005,IBM,0.1000036969780922,0.0,0.0,32,0.1,0.01,0.034547,7,48
2006-01-03,2006,2005,KO,0.09473694860935211,0.0,0.0,32,0.1,0.01,0.034547,7,48
2006-01-03,2006,2005,C,0.08203979581594467,0.0,0.0,32,0.1,0.01,0.034547,7,48
2006-01-03,2006,2005,CSCO,0.08012395352125168,0.0,0.0,32,0.1,0.01,0.034547,7,48
2006-01-03,2006,2005,WMT,0.06374677270650864,0.0,0.0,32,0.1,0.01,0.034547,7,48
2006-01-03,2006,2005,PEP,0.061401911079883575,0.0,0.0,32,0.1,0.01,0.034547,7,48
2006-01-03,2006,2005,JPM,0.055911604315042496,0.0,0.0,32,0.1,0.01,0.034547,7,48
2006-01-03,2006,2005,GE,0.04941343888640404,0.0,0.0,32,0.1,0.01,0.034547,7,48
2006-01-03,2006,2005,JNJ,0.0434153713285923,0.0,0.0,32,0.1,0.01,0.034547,7,48
2006-01-03,2006,2005,MSFT,0.035815123468637466,0.0,0.0,32,0.1,0.01,0.034547,7,48
2006-01-03,2006,2005,XOM,0.03386522829532623,0.0,0.0,32,0.1,0.01,0.034547,7,48
2006-01-03,2006,2005,BAC,0.033721499145030975,0.0,0.0,32,0.1,0.01,0.034547,7,48
2006-01-03,2006,2005,AIG,0.03197413682937622,0.0,0.0,32,0.1,0.01,0.034547,7,48
2006-01-03,2006,2005,WFC,0.030453497543931007,0.0,0.0,32,0.1,0.01,0.034547,7,48
2006-01-03,2006,2005,PG,0.02918381616473198,0.0,0.0,32,0.1,0.01,0.034547,7,48
2006-01-03,2006,2005,CVX,0.02391846291720867,0.0,0.0,32,0.1,0.01,0.034547,7,48
2006-01-03,2006,2005,HD,0.02198687009513378,0.0,0.0,32,0.1,0.01,0.034547,7,48
2006-01-03,2006,2005,INTC,0.01799522526562214,0.0,0.0,32,0.1,0.01,0.034547,7,48
2006-01-03,2006,2005,AMGN,0.010288896970450878,0.0,0.0,32,0.1,0.01,0.034547,7,48
2007-01-03,2007,2006,INTC,0.09341029077768326,0.780516,0.0,32,0.1,0.01,0.033908,7,48
2007-01-03,2007,2006,GE,0.09252116829156876,0.0,0.0,32,0.1,0.01,0.033908,7,48
2007-01-03,2007,2006,JNJ,0.08909375220537186,0.0,0.0,32,0.1,0.01,0.033908,7,48
2007-01-03,2007,2006,IBM,0.08726688474416733,0.0,0.0,32,0.1,0.01,0.033908,7,48
2007-01-03,2007,2006,AIG,0.0791320949792862,0.0,0.0,32,0.1,0.01,0.033908,7,48
2007-01-03,2007,2006,KO,0.07706419378519058,0.0,0.0,32,0.1,0.01,0.033908,7,48
2007-01-03,2007,2006,WMT,0.0760638490319252,0.0,0.0,32,0.1,0.01,0.033908,7,48
2007-01-03,2007,2006,T,0.057856764644384384,0.0,0.0,32,0.1,0.01,0.033908,7,48
2007-01-03,2007,2006,PFE,0.05657464638352394,0.0,0.0,32,0.1,0.01,0.033908,7,48
2007-01-03,2007,2006,C,0.05163678526878357,0.0,0.0,32,0.1,0.01,0.033908,7,48
2007-01-03,2007,2006,VZ,0.046814050525426865,0.0,0.0,32,0.1,0.01,0.033908,7,48
2007-01-03,2007,2006,BAC,0.045478928834199905,0.0,0.0,32,0.1,0.01,0.033908,7,48
2007-01-03,2007,2006,WFC,0.04217015206813812,0.0,0.0,32,0.1,0.01,0.033908,7,48
2007-01-03,2007,2006,PG,0.040543850511312485,0.0,0.0,32,0.1,0.01,0.033908,7,48
2007-01-03,2007,2006,MSFT,0.021336985751986504,0.0,0.0,32,0.1,0.01,0.033908,7,48
2007-01-03,2007,2006,JPM,0.011950081214308739,0.0,0.0,32,0.1,0.01,0.033908,7,48
2007-01-03,2007,2006,XOM,0.011089535430073738,0.0,0.0,32,0.1,0.01,0.033908,7,48
2007-01-03,2007,2006,CVX,0.009997978806495667,0.0,0.0,32,0.1,0.01,0.033908,7,48
2007-01-03,2007,2006,CSCO,0.009997978806495667,0.0,0.0,32,0.1,0.01,0.033908,7,48
2008-01-02,2008,2007,PG,0.09918729215860367,0.640962,0.0,32,0.1,0.01,0.033541,7,48
2008-01-02,2008,2007,CSCO,0.09659513831138611,0.0,0.0,32,0.1,0.01,0.033541,7,48
2008-01-02,2008,2007,JNJ,0.09349523484706879,0.0,0.0,32,0.1,0.01,0.033541,7,48
2008-01-02,2008,2007,XOM,0.09178684651851654,0.0,0.0,32,0.1,0.01,0.033541,7,48
2008-01-02,2008,2007,KO,0.08516822755336761,0.0,0.0,32,0.1,0.01,0.033541,7,48
2008-01-02,2008,2007,INTC,0.06853340566158295,0.0,0.0,32,0.1,0.01,0.033541,7,48
2008-01-02,2008,2007,VZ,0.054836735129356384,0.0,0.0,32,0.1,0.01,0.033541,7,48
2008-01-02,2008,2007,T,0.04511212930083275,0.0,0.0,32,0.1,0.01,0.033541,7,48
2008-01-02,2008,2007,IBM,0.04453534632921219,0.0,0.0,32,0.1,0.01,0.033541,7,48
2008-01-02,2008,2007,CVX,0.0430155023932457,0.0,0.0,32,0.1,0.01,0.033541,7,48
2008-01-02,2008,2007,AIG,0.0393899641931057,0.0,0.0,32,0.1,0.01,0.033541,7,48
2008-01-02,2008,2007,PFE,0.038793548941612244,0.0,0.0,32,0.1,0.01,0.033541,7,48
2008-01-02,2008,2007,JPM,0.03672771155834198,0.0,0.0,32,0.1,0.01,0.033541,7,48
2008-01-02,2008,2007,BAC,0.03485507145524025,0.0,0.0,32,0.1,0.01,0.033541,7,48
2008-01-02,2008,2007,AAPL,0.033271413296461105,0.0,0.0,32,0.1,0.01,0.033541,7,48
2008-01-02,2008,2007,WMT,0.03261520713567734,0.0,0.0,32,0.1,0.01,0.033541,7,48
2008-01-02,2008,2007,C,0.029326803982257843,0.0,0.0,32,0.1,0.01,0.033541,7,48
2008-01-02,2008,2007,GE,0.022755179554224014,0.0,0.0,32,0.1,0.01,0.033541,7,48
2008-01-02,2008,2007,MSFT,0.009999195113778114,0.0,0.0,32,0.1,0.01,0.033541,7,48
2009-01-02,2009,2008,INTC,0.10000341385602951,0.911669,0.0,16,0.1,0.01,0.034105,7,48
2009-01-02,2009,2008,JPM,0.09443391114473343,0.0,0.0,16,0.1,0.01,0.034105,7,48
2009-01-02,2009,2008,MSFT,0.09423135221004486,0.0,0.0,16,0.1,0.01,0.034105,7,48
2009-01-02,2009,2008,GOOGL,0.08977455645799637,0.0,0.0,16,0.1,0.01,0.034105,7,48
2009-01-02,2009,2008,KO,0.0882875993847847,0.0,0.0,16,0.1,0.01,0.034105,7,48
2009-01-02,2009,2008,CVX,0.08449626713991165,0.0,0.0,16,0.1,0.01,0.034105,7,48
2009-01-02,2009,2008,PG,0.05500154197216034,0.0,0.0,16,0.1,0.01,0.034105,7,48
2009-01-02,2009,2008,GE,0.05255948752164841,0.0,0.0,16,0.1,0.01,0.034105,7,48
2009-01-02,2009,2008,T,0.05107688903808594,0.0,0.0,16,0.1,0.01,0.034105,7,48
2009-01-02,2009,2008,CSCO,0.04376167431473732,0.0,0.0,16,0.1,0.01,0.034105,7,48
2009-01-02,2009,2008,PFE,0.039026569575071335,0.0,0.0,16,0.1,0.01,0.034105,7,48
2009-01-02,2009,2008,VZ,0.03867041692137718,0.0,0.0,16,0.1,0.01,0.034105,7,48
2009-01-02,2009,2008,ORCL,0.03840271010994911,0.0,0.0,16,0.1,0.01,0.034105,7,48
2009-01-02,2009,2008,PEP,0.033361051231622696,0.0,0.0,16,0.1,0.01,0.034105,7,48
2009-01-02,2009,2008,JNJ,0.033286768943071365,0.0,0.0,16,0.1,0.01,0.034105,7,48
2009-01-02,2009,2008,WFC,0.02878245711326599,0.0,0.0,16,0.1,0.01,0.034105,7,48
2009-01-02,2009,2008,XOM,0.014835895039141178,0.0,0.0,16,0.1,0.01,0.034105,7,48
2009-01-02,2009,2008,IBM,0.010003754869103432,0.0,0.0,16,0.1,0.01,0.034105,7,48
2009-01-02,2009,2008,WMT,0.010003754869103432,0.0,0.0,16,0.1,0.01,0.034105,7,48
2010-01-04,2010,2009,CVX,0.10000216215848923,0.780486,0.0,16,0.1,0.01,0.037832,7,48
2010-01-04,2010,2009,INTC,0.10000216215848923,0.0,0.0,16,0.1,0.01,0.037832,7,48
2010-01-04,2010,2009,XOM,0.09363757818937302,0.0,0.0,16,0.1,0.01,0.037832,7,48
2010-01-04,2010,2009,KO,0.08841246366500854,0.0,0.0,16,0.1,0.01,0.037832,7,48
2010-01-04,2010,2009,JNJ,0.07199312001466751,0.0,0.0,16,0.1,0.01,0.037832,7,48
2010-01-04,2010,2009,CSCO,0.07129333168268204,0.0,0.0,16,0.1,0.01,0.037832,7,48
2010-01-04,2010,2009,AAPL,0.06905578821897507,0.0,0.0,16,0.1,0.01,0.037832,7,48
2010-01-04,2010,2009,WFC,0.06438201665878296,0.0,0.0,16,0.1,0.01,0.037832,7,48
2010-01-04,2010,2009,MRK,0.05449777841567993,0.0,0.0,16,0.1,0.01,0.037832,7,48
2010-01-04,2010,2009,JPM,0.04923490062355995,0.0,0.0,16,0.1,0.01,0.037832,7,48
2010-01-04,2010,2009,GOOGL,0.048502203077077866,0.0,0.0,16,0.1,0.01,0.037832,7,48
2010-01-04,2010,2009,PFE,0.03439759463071823,0.0,0.0,16,0.1,0.01,0.037832,7,48
2010-01-04,2010,2009,IBM,0.027534374967217445,0.0,0.0,16,0.1,0.01,0.037832,7,48
2010-01-04,2010,2009,ORCL,0.02449919655919075,0.0,0.0,16,0.1,0.01,0.037832,7,48
2010-01-04,2010,2009,MSFT,0.022518696263432503,0.0,0.0,16,0.1,0.01,0.037832,7,48
2010-01-04,2010,2009,BAC,0.02151251770555973,0.0,0.0,16,0.1,0.01,0.037832,7,48
2010-01-04,2010,2009,PG,0.020396754145622253,0.0,0.0,16,0.1,0.01,0.037832,7,48
2010-01-04,2010,2009,T,0.017789460718631744,0.0,0.0,16,0.1,0.01,0.037832,7,48
2010-01-04,2010,2009,VZ,0.010168938897550106,0.0,0.0,16,0.1,0.01,0.037832,7,48
2010-01-04,2010,2009,WMT,0.010168938897550106,0.0,0.0,16,0.1,0.01,0.037832,7,48
2011-01-03,2011,2010,PG,0.10000713914632797,0.960225,0.0,32,0.1,0.01,0.034258,7,48
2011-01-03,2011,2010,C,0.10000713914632797,0.0,0.0,32,0.1,0.01,0.034258,7,48
2011-01-03,2011,2010,JPM,0.10000713914632797,0.0,0.0,32,0.1,0.01,0.034258,7,48
2011-01-03,2011,2010,GOOGL,0.10000713914632797,0.0,0.0,32,0.1,0.01,0.034258,7,48
2011-01-03,2011,2010,INTC,0.0846366286277771,0.0,0.0,32,0.1,0.01,0.034258,7,48
2011-01-03,2011,2010,BAC,0.07617325335741043,0.0,0.0,32,0.1,0.01,0.034258,7,48
2011-01-03,2011,2010,JNJ,0.07590671628713608,0.0,0.0,32,0.1,0.01,0.034258,7,48
2011-01-03,2011,2010,WFC,0.06916928291320801,0.0,0.0,32,0.1,0.01,0.034258,7,48
2011-01-03,2011,2010,ORCL,0.05764872953295708,0.0,0.0,32,0.1,0.01,0.034258,7,48
2011-01-03,2011,2010,GE,0.05679919198155403,0.0,0.0,32,0.1,0.01,0.034258,7,48
2011-01-03,2011,2010,AAPL,0.03717544674873352,0.0,0.0,32,0.1,0.01,0.034258,7,48
2011-01-03,2011,2010,PFE,0.027360213920474052,0.0,0.0,32,0.1,0.01,0.034258,7,48
2011-01-03,2011,2010,WMT,0.023691238835453987,0.0,0.0,32,0.1,0.01,0.034258,7,48
2011-01-03,2011,2010,MSFT,0.017980463802814484,0.0,0.0,32,0.1,0.01,0.034258,7,48
2011-01-03,2011,2010,BRK-B,0.015799785032868385,0.0,0.0,32,0.1,0.01,0.034258,7,48
2011-01-03,2011,2010,XOM,0.014392134733498096,0.0,0.0,32,0.1,0.01,0.034258,7,48
2011-01-03,2011,2010,CVX,0.010809616185724735,0.0,0.0,32,0.1,0.01,0.034258,7,48
2011-01-03,2011,2010,KO,0.010809616185724735,0.0,0.0,32,0.1,0.01,0.034258,7,48
2011-01-03,2011,2010,IBM,0.010809616185724735,0.0,0.0,32,0.1,0.01,0.034258,7,48
2011-01-03,2011,2010,T,0.010809616185724735,0.0,0.0,32,0.1,0.01,0.034258,7,48
2012-01-03,2012,2011,WMT,0.09380006045103073,0.830835,0.0,32,0.1,0.01,0.039037,7,48
2012-01-03,2012,2011,WFC,0.08347828686237335,0.0,0.0,32,0.1,0.01,0.039037,7,48
2012-01-03,2012,2011,CVX,0.08265837281942368,0.0,0.0,32,0.1,0.01,0.039037,7,48
2012-01-03,2012,2011,GE,0.0721684992313385,0.0,0.0,32,0.1,0.01,0.039037,7,48
2012-01-03,2012,2011,MSFT,0.06879863888025284,0.0,0.0,32,0.1,0.01,0.039037,7,48
2012-01-03,2012,2011,XOM,0.06442686915397644,0.0,0.0,32,0.1,0.01,0.039037,7,48
2012-01-03,2012,2011,IBM,0.06099531799554825,0.0,0.0,32,0.1,0.01,0.039037,7,48
2012-01-03,2012,2011,INTC,0.05786602571606636,0.0,0.0,32,0.1,0.01,0.039037,7,48
2012-01-03,2012,2011,ORCL,0.05766761302947998,0.0,0.0,32,0.1,0.01,0.039037,7,48
2012-01-03,2012,2011,JPM,0.05584538355469704,0.0,0.0,32,0.1,0.01,0.039037,7,48
2012-01-03,2012,2011,PG,0.05109008774161339,0.0,0.0,32,0.1,0.01,0.039037,7,48
2012-01-03,2012,2011,KO,0.04838825389742851,0.0,0.0,32,0.1,0.01,0.039037,7,48
2012-01-03,2012,2011,AAPL,0.044532500207424164,0.0,0.0,32,0.1,0.01,0.039037,7,48
2012-01-03,2012,2011,JNJ,0.043333347886800766,0.0,0.0,32,0.1,0.01,0.039037,7,48
2012-01-03,2012,2011,VZ,0.0412302240729332,0.0,0.0,32,0.1,0.01,0.039037,7,48
2012-01-03,2012,2011,BRK-B,0.030854061245918274,0.0,0.0,32,0.1,0.01,0.039037,7,48
2012-01-03,2012,2011,T,0.022872280329465866,0.0,0.0,32,0.1,0.01,0.039037,7,48
2012-01-03,2012,2011,PFE,0.009997047483921051,0.0,0.0,32,0.1,0.01,0.039037,7,48
2012-01-03,2012,2011,GOOGL,0.009997047483921051,0.0,0.0,32,0.1,0.01,0.039037,7,48
2013-01-02,2013,2012,XOM,0.10000630468130112,0.749798,0.0,32,0.1,0.01,0.041356,7,48
2013-01-02,2013,2012,KO,0.10000630468130112,0.0,0.0,32,0.1,0.01,0.041356,7,48
2013-01-02,2013,2012,MSFT,0.09052453190088272,0.0,0.0,32,0.1,0.01,0.041356,7,48
2013-01-02,2013,2012,AAPL,0.08253036439418793,0.0,0.0,32,0.1,0.01,0.041356,7,48
2013-01-02,2013,2012,GOOGL,0.07398153096437454,0.0,0.0,32,0.1,0.01,0.041356,7,48
2013-01-02,2013,2012,CVX,0.07345345616340637,0.0,0.0,32,0.1,0.01,0.041356,7,48
2013-01-02,2013,2012,T,0.06832263618707657,0.0,0.0,32,0.1,0.01,0.041356,7,48
2013-01-02,2013,2012,PM,0.053787343204021454,0.0,0.0,32,0.1,0.01,0.041356,7,48
2013-01-02,2013,2012,JNJ,0.05015300214290619,0.0,0.0,32,0.1,0.01,0.041356,7,48
2013-01-02,2013,2012,PFE,0.04913778975605965,0.0,0.0,32,0.1,0.01,0.041356,7,48
2013-01-02,2013,2012,IBM,0.04351121187210083,0.0,0.0,32,0.1,0.01,0.041356,7,48
2013-01-02,2013,2012,ORCL,0.03502887859940529,0.0,0.0,32,0.1,0.01,0.041356,7,48
2013-01-02,2013,2012,BRK-B,0.03288547694683075,0.0,0.0,32,0.1,0.01,0.041356,7,48
2013-01-02,2013,2012,GE,0.03174501284956932,0.0,0.0,32,0.1,0.01,0.041356,7,48
2013-01-02,2013,2012,WFC,0.02978341095149517,0.0,0.0,32,0.1,0.01,0.041356,7,48
2013-01-02,2013,2012,WMT,0.02879096008837223,0.0,0.0,32,0.1,0.01,0.041356,7,48
2013-01-02,2013,2012,VZ,0.024873768910765648,0.0,0.0,32,0.1,0.01,0.041356,7,48
2013-01-02,2013,2012,JPM,0.010492670349776745,0.0,0.0,32,0.1,0.01,0.041356,7,48
2013-01-02,2013,2012,BAC,0.010492670349776745,0.0,0.0,32,0.1,0.01,0.041356,7,48
2013-01-02,2013,2012,PG,0.010492670349776745,0.0,0.0,32,0.1,0.01,0.041356,7,48
2014-01-02,2014,2013,ORCL,0.10000579804182053,0.770187,0.0,32,0.1,0.01,0.036597,7,48
2014-01-02,2014,2013,VZ,0.09005803614854813,0.0,0.0,32,0.1,0.01,0.036597,7,48
2014-01-02,2014,2013,XOM,0.08868790417909622,0.0,0.0,32,0.1,0.01,0.036597,7,48
2014-01-02,2014,2013,BRK-B,0.085844486951828,0.0,0.0,32,0.1,0.01,0.036597,7,48
2014-01-02,2014,2013,KO,0.08306055516004562,0.0,0.0,32,0.1,0.01,0.036597,7,48
2014-01-02,2014,2013,AMZN,0.07092345505952835,0.0,0.0,32,0.1,0.01,0.036597,7,48
2014-01-02,2014,2013,CVX,0.06466764956712723,0.0,0.0,32,0.1,0.01,0.036597,7,48
2014-01-02,2014,2013,C,0.0552268922328949,0.0,0.0,32,0.1,0.01,0.036597,7,48
2014-01-02,2014,2013,BAC,0.04732736945152283,0.0,0.0,32,0.1,0.01,0.036597,7,48
2014-01-02,2014,2013,JNJ,0.04212034121155739,0.0,0.0,32,0.1,0.01,0.036597,7,48
2014-01-02,2014,2013,WMT,0.04056491330265999,0.0,0.0,32,0.1,0.01,0.036597,7,48
2014-01-02,2014,2013,GE,0.03856026381254196,0.0,0.0,32,0.1,0.01,0.036597,7,48
2014-01-02,2014,2013,MSFT,0.03738505393266678,0.0,0.0,32,0.1,0.01,0.036597,7,48
2014-01-02,2014,2013,WFC,0.03318173810839653,0.0,0.0,32,0.1,0.01,0.036597,7,48
2014-01-02,2014,2013,JPM,0.032936397939920425,0.0,0.0,32,0.1,0.01,0.036597,7,48
2014-01-02,2014,2013,PFE,0.0325765423476696,0.0,0.0,32,0.1,0.01,0.036597,7,48
2014-01-02,2014,2013,GOOGL,0.024966204538941383,0.0,0.0,32,0.1,0.01,0.036597,7,48
2014-01-02,2014,2013,AAPL,0.011777838692069054,0.0,0.0,32,0.1,0.01,0.036597,7,48
2014-01-02,2014,2013,PG,0.010064292699098587,0.0,0.0,32,0.1,0.01,0.036597,7,48
2014-01-02,2014,2013,IBM,0.010064292699098587,0.0,0.0,32,0.1,0.01,0.036597,7,48
2015-01-02,2015,2014,DIS,0.09762722998857498,0.669781,0.0,16,0.1,0.01,0.037933,7,48
2015-01-02,2015,2014,CVX,0.087547168135643,0.0,0.0,16,0.1,0.01,0.037933,7,48
2015-01-02,2015,2014,MSFT,0.07763417810201645,0.0,0.0,16,0.1,0.01,0.037933,7,48
2015-01-02,2015,2014,PFE,0.07426027208566666,0.0,0.0,16,0.1,0.01,0.037933,7,48
2015-01-02,2015,2014,JPM,0.07080444693565369,0.0,0.0,16,0.1,0.01,0.037933,7,48
2015-01-02,2015,2014,WFC,0.06757795810699463,0.0,0.0,16,0.1,0.01,0.037933,7,48
2015-01-02,2015,2014,BAC,0.06676344573497772,0.0,0.0,16,0.1,0.01,0.037933,7,48
2015-01-02,2015,2014,XOM,0.06193361058831215,0.0,0.0,16,0.1,0.01,0.037933,7,48
2015-01-02,2015,2014,ORCL,0.05649910867214203,0.0,0.0,16,0.1,0.01,0.037933,7,48
2015-01-02,2015,2014,VZ,0.05598486587405205,0.0,0.0,16,0.1,0.01,0.037933,7,48
2015-01-02,2015,2014,JNJ,0.053271982818841934,0.0,0.0,16,0.1,0.01,0.037933,7,48
2015-01-02,2015,2014,KO,0.05192134901881218,0.0,0.0,16,0.1,0.01,0.037933,7,48
2015-01-02,2015,2014,BRK-B,0.044842008501291275,0.0,0.0,16,0.1,0.01,0.037933,7,48
2015-01-02,2015,2014,PG,0.043883226811885834,0.0,0.0,16,0.1,0.01,0.037933,7,48
2015-01-02,2015,2014,WMT,0.03305227681994438,0.0,0.0,16,0.1,0.01,0.037933,7,48
2015-01-02,2015,2014,C,0.02641759254038334,0.0,0.0,16,0.1,0.01,0.037933,7,48
2015-01-02,2015,2014,AAPL,0.00999308843165636,0.0,0.0,16,0.1,0.01,0.037933,7,48
2015-01-02,2015,2014,INTC,0.00999308843165636,0.0,0.0,16,0.1,0.01,0.037933,7,48
2015-01-02,2015,2014,GOOGL,0.00999308843165636,0.0,0.0,16,0.1,0.01,0.037933,7,48
2016-01-04,2016,2015,V,0.1000063344836235,0.887775,0.0,32,0.1,0.01,0.034163,7,48
2016-01-04,2016,2015,WMT,0.1000063344836235,0.0,0.0,32,0.1,0.01,0.034163,7,48
2016-01-04,2016,2015,AAPL,0.1000063344836235,0.0,0.0,32,0.1,0.01,0.034163,7,48
2016-01-04,2016,2015,PFE,0.09791503101587296,0.0,0.0,32,0.1,0.01,0.034163,7,48
2016-01-04,2016,2015,GE,0.07603748887777328,0.0,0.0,32,0.1,0.01,0.034163,7,48
2016-01-04,2016,2015,XOM,0.07198365032672882,0.0,0.0,32,0.1,0.01,0.034163,7,48
2016-01-04,2016,2015,CVX,0.07051657885313034,0.0,0.0,32,0.1,0.01,0.034163,7,48
2016-01-04,2016,2015,MSFT,0.05890195816755295,0.0,0.0,32,0.1,0.01,0.034163,7,48
2016-01-04,2016,2015,BRK-B,0.05644168704748154,0.0,0.0,32,0.1,0.01,0.034163,7,48
2016-01-04,2016,2015,DIS,0.05601458251476288,0.0,0.0,32,0.1,0.01,0.034163,7,48
2016-01-04,2016,2015,GOOGL,0.045892514288425446,0.0,0.0,32,0.1,0.01,0.034163,7,48
2016-01-04,2016,2015,PG,0.03189704567193985,0.0,0.0,32,0.1,0.01,0.034163,7,48
2016-01-04,2016,2015,JNJ,0.029876576736569405,0.0,0.0,32,0.1,0.01,0.034163,7,48
2016-01-04,2016,2015,JPM,0.02344997599720955,0.0,0.0,32,0.1,0.01,0.034163,7,48
2016-01-04,2016,2015,BAC,0.02091822400689125,0.0,0.0,32,0.1,0.01,0.034163,7,48
2016-01-04,2016,2015,AMZN,0.017775217071175575,0.0,0.0,32,0.1,0.01,0.034163,7,48
2016-01-04,2016,2015,WFC,0.016767185181379318,0.0,0.0,32,0.1,0.01,0.034163,7,48
2016-01-04,2016,2015,KO,0.01435136515647173,0.0,0.0,32,0.1,0.01,0.034163,7,48
2016-01-04,2016,2015,VZ,0.011241902597248554,0.0,0.0,32,0.1,0.01,0.034163,7,48
2017-01-03,2017,2016,BAC,0.10000383853912354,0.815716,0.0,16,0.1,0.01,0.031981,7,48
2017-01-03,2017,2016,AAPL,0.10000383853912354,0.0,0.0,16,0.1,0.01,0.031981,7,48
2017-01-03,2017,2016,WFC,0.09865164756774902,0.0,0.0,16,0.1,0.01,0.031981,7,48
2017-01-03,2017,2016,V,0.085017129778862,0.0,0.0,16,0.1,0.01,0.031981,7,48
2017-01-03,2017,2016,INTC,0.07004231214523315,0.0,0.0,16,0.1,0.01,0.031981,7,48
2017-01-03,2017,2016,WMT,0.0698094293475151,0.0,0.0,16,0.1,0.01,0.031981,7,48
2017-01-03,2017,2016,AMZN,0.06924347579479218,0.0,0.0,16,0.1,0.01,0.031981,7,48
2017-01-03,2017,2016,JPM,0.0628315880894661,0.0,0.0,16,0.1,0.01,0.031981,7,48
2017-01-03,2017,2016,GOOGL,0.06184450909495354,0.0,0.0,16,0.1,0.01,0.031981,7,48
2017-01-03,2017,2016,JNJ,0.0581742562353611,0.0,0.0,16,0.1,0.01,0.031981,7,48
2017-01-03,2017,2016,BRK-B,0.05331758037209511,0.0,0.0,16,0.1,0.01,0.031981,7,48
2017-01-03,2017,2016,PG,0.048922348767519,0.0,0.0,16,0.1,0.01,0.031981,7,48
2017-01-03,2017,2016,MSFT,0.030558308586478233,0.0,0.0,16,0.1,0.01,0.031981,7,48
2017-01-03,2017,2016,CVX,0.024092502892017365,0.0,0.0,16,0.1,0.01,0.031981,7,48
2017-01-03,2017,2016,META,0.015990404412150383,0.0,0.0,16,0.1,0.01,0.031981,7,48
2017-01-03,2017,2016,XOM,0.01029936596751213,0.0,0.0,16,0.1,0.01,0.031981,7,48
2017-01-03,2017,2016,PFE,0.01029936596751213,0.0,0.0,16,0.1,0.01,0.031981,7,48
2017-01-03,2017,2016,T,0.01029936596751213,0.0,0.0,16,0.1,0.01,0.031981,7,48
2017-01-03,2017,2016,VZ,0.01029936596751213,0.0,0.0,16,0.1,0.01,0.031981,7,48
2017-01-03,2017,2016,KO,0.01029936596751213,0.0,0.0,16,0.1,0.01,0.031981,7,48
2018-01-02,2018,2017,WMT,0.09847762435674667,0.761261,0.0,32,0.1,0.01,0.033923,7,48
2018-01-02,2018,2017,GOOGL,0.09668619930744171,0.0,0.0,32,0.1,0.01,0.033923,7,48
2018-01-02,2018,2017,UNH,0.0781700387597084,0.0,0.0,32,0.1,0.01,0.033923,7,48
2018-01-02,2018,2017,XOM,0.07385683804750443,0.0,0.0,32,0.1,0.01,0.033923,7,48
2018-01-02,2018,2017,VZ,0.07204928994178772,0.0,0.0,32,0.1,0.01,0.033923,7,48
2018-01-02,2018,2017,AAPL,0.058728110045194626,0.0,0.0,32,0.1,0.01,0.033923,7,48
2018-01-02,2018,2017,INTC,0.055409714579582214,0.0,0.0,32,0.1,0.01,0.033923,7,48
2018-01-02,2018,2017,CVX,0.05235527455806732,0.0,0.0,32,0.1,0.01,0.033923,7,48
2018-01-02,2018,2017,AMZN,0.051880352199077606,0.0,0.0,32,0.1,0.01,0.033923,7,48
2018-01-02,2018,2017,META,0.047954853624105453,0.0,0.0,32,0.1,0.01,0.033923,7,48
2018-01-02,2018,2017,PG,0.047761790454387665,0.0,0.0,32,0.1,0.01,0.033923,7,48
2018-01-02,2018,2017,HD,0.04725036770105362,0.0,0.0,32,0.1,0.01,0.033923,7,48
2018-01-02,2018,2017,BAC,0.04721962288022041,0.0,0.0,32,0.1,0.01,0.033923,7,48
2018-01-02,2018,2017,WFC,0.046442776918411255,0.0,0.0,32,0.1,0.01,0.033923,7,48
2018-01-02,2018,2017,JPM,0.04314076900482178,0.0,0.0,32,0.1,0.01,0.033923,7,48
2018-01-02,2018,2017,MSFT,0.025938164442777634,0.0,0.0,32,0.1,0.01,0.033923,7,48
2018-01-02,2018,2017,JNJ,0.02325901761651039,0.0,0.0,32,0.1,0.01,0.033923,7,48
2018-01-02,2018,2017,V,0.013425146229565144,0.0,0.0,32,0.1,0.01,0.033923,7,48
2018-01-02,2018,2017,BRK-B,0.009997015818953514,0.0,0.0,32,0.1,0.01,0.033923,7,48
2018-01-02,2018,2017,PFE,0.009997015818953514,0.0,0.0,32,0.1,0.01,0.033923,7,48
2019-01-02,2019,2018,META,0.10000953823328018,0.703621,0.0,16,0.1,0.01,0.027371,7,48
2019-01-02,2019,2018,GOOGL,0.10000953823328018,0.0,0.0,16,0.1,0.01,0.027371,7,48
2019-01-02,2019,2018,BAC,0.10000953823328018,0.0,0.0,16,0.1,0.01,0.027371,7,48
2019-01-02,2019,2018,WMT,0.10000953823328018,0.0,0.0,16,0.1,0.01,0.027371,7,48
2019-01-02,2019,2018,MSFT,0.10000953823328018,0.0,0.0,16,0.1,0.01,0.027371,7,48
2019-01-02,2019,2018,AAPL,0.09589072316884995,0.0,0.0,16,0.1,0.01,0.027371,7,48
2019-01-02,2019,2018,V,0.077280692756176,0.0,0.0,16,0.1,0.01,0.027371,7,48
2019-01-02,2019,2018,JPM,0.06076159328222275,0.0,0.0,16,0.1,0.01,0.027371,7,48
2019-01-02,2019,2018,INTC,0.054861150681972504,0.0,0.0,16,0.1,0.01,0.027371,7,48
2019-01-02,2019,2018,KO,0.031150735914707184,0.0,0.0,16,0.1,0.01,0.027371,7,48
2019-01-02,2019,2018,XOM,0.031150735914707184,0.0,0.0,16,0.1,0.01,0.027371,7,48
2019-01-02,2019,2018,PG,0.02899203635752201,0.0,0.0,16,0.1,0.01,0.027371,7,48
2019-01-02,2019,2018,AMZN,0.024403555318713188,0.0,0.0,16,0.1,0.01,0.027371,7,48
2019-01-02,2019,2018,WFC,0.01890634559094906,0.0,0.0,16,0.1,0.01,0.027371,7,48
2019-01-02,2019,2018,CVX,0.01829628460109234,0.0,0.0,16,0.1,0.01,0.027371,7,48
2019-01-02,2019,2018,JNJ,0.011651691980659962,0.0,0.0,16,0.1,0.01,0.027371,7,48
2019-01-02,2019,2018,VZ,0.011651691980659962,0.0,0.0,16,0.1,0.01,0.027371,7,48
2019-01-02,2019,2018,UNH,0.011651691980659962,0.0,0.0,16,0.1,0.01,0.027371,7,48
2019-01-02,2019,2018,PFE,0.011651691980659962,0.0,0.0,16,0.1,0.01,0.027371,7,48
2019-01-02,2019,2018,BRK-B,0.011651691980659962,0.0,0.0,16,0.1,0.01,0.027371,7,48
2020-01-02,2020,2019,AMZN,0.09849516302347183,0.822819,0.0,16,0.1,0.01,0.028484,7,48
2020-01-02,2020,2019,DIS,0.08878884464502335,0.0,0.0,16,0.1,0.01,0.028484,7,48
2020-01-02,2020,2019,BAC,0.07919112592935562,0.0,0.0,16,0.1,0.01,0.028484,7,48
2020-01-02,2020,2019,MSFT,0.07904980331659317,0.0,0.0,16,0.1,0.01,0.028484,7,48
2020-01-02,2020,2019,AAPL,0.07750599831342697,0.0,0.0,16,0.1,0.01,0.028484,7,48
2020-01-02,2020,2019,MA,0.07713357359170914,0.0,0.0,16,0.1,0.01,0.028484,7,48
2020-01-02,2020,2019,VZ,0.06504455208778381,0.0,0.0,16,0.1,0.01,0.028484,7,48
2020-01-02,2020,2019,META,0.059738561511039734,0.0,0.0,16,0.1,0.01,0.028484,7,48
2020-01-02,2020,2019,UNH,0.05694637447595596,0.0,0.0,16,0.1,0.01,0.028484,7,48
2020-01-02,2020,2019,V,0.05192604660987854,0.0,0.0,16,0.1,0.01,0.028484,7,48
2020-01-02,2020,2019,JPM,0.05104554444551468,0.0,0.0,16,0.1,0.01,0.028484,7,48
2020-01-02,2020,2019,INTC,0.048663847148418427,0.0,0.0,16,0.1,0.01,0.028484,7,48
2020-01-02,2020,2019,XOM,0.042201388627290726,0.0,0.0,16,0.1,0.01,0.028484,7,48
2020-01-02,2020,2019,HD,0.028194429352879524,0.0,0.0,16,0.1,0.01,0.028484,7,48
2020-01-02,2020,2019,BRK-B,0.02698809653520584,0.0,0.0,16,0.1,0.01,0.028484,7,48
2020-01-02,2020,2019,GOOGL,0.02114223502576351,0.0,0.0,16,0.1,0.01,0.028484,7,48
2020-01-02,2020,2019,WMT,0.017957499250769615,0.0,0.0,16,0.1,0.01,0.028484,7,48
2020-01-02,2020,2019,JNJ,0.009995616041123867,0.0,0.0,16,0.1,0.01,0.028484,7,48
2020-01-02,2020,2019,PG,0.009995616041123867,0.0,0.0,16,0.1,0.01,0.028484,7,48
2020-01-02,2020,2019,KO,0.009995616041123867,0.0,0.0,16,0.1,0.01,0.028484,7,48
2021-01-04,2021,2020,HD,0.09990031272172928,0.90518,0.0,32,0.1,0.01,0.031079,7,48
2021-01-04,2021,2020,UNH,0.08120205998420715,0.0,0.0,32,0.1,0.01,0.031079,7,48
2021-01-04,2021,2020,TSLA,0.07869372516870499,0.0,0.0,32,0.1,0.01,0.031079,7,48
2021-01-04,2021,2020,PYPL,0.07245270162820816,0.0,0.0,32,0.1,0.01,0.031079,7,48
2021-01-04,2021,2020,V,0.07013716548681259,0.0,0.0,32,0.1,0.01,0.031079,7,48
2021-01-04,2021,2020,AMZN,0.06259521842002869,0.0,0.0,32,0.1,0.01,0.031079,7,48
2021-01-04,2021,2020,AAPL,0.06013605743646622,0.0,0.0,32,0.1,0.01,0.031079,7,48
2021-01-04,2021,2020,NVDA,0.05731158331036568,0.0,0.0,32,0.1,0.01,0.031079,7,48
2021-01-04,2021,2020,MA,0.05705345422029495,0.0,0.0,32,0.1,0.01,0.031079,7,48
2021-01-04,2021,2020,PG,0.05102261155843735,0.0,0.0,32,0.1,0.01,0.031079,7,48
2021-01-04,2021,2020,JNJ,0.048315051943063736,0.0,0.0,32,0.1,0.01,0.031079,7,48
2021-01-04,2021,2020,BRK-B,0.04603391885757446,0.0,0.0,32,0.1,0.01,0.031079,7,48
2021-01-04,2021,2020,DIS,0.04603269323706627,0.0,0.0,32,0.1,0.01,0.031079,7,48
2021-01-04,2021,2020,GOOGL,0.043643780052661896,0.0,0.0,32,0.1,0.01,0.031079,7,48
2021-01-04,2021,2020,MSFT,0.04188722372055054,0.0,0.0,32,0.1,0.01,0.031079,7,48
2021-01-04,2021,2020,VZ,0.02661660872399807,0.0,0.0,32,0.1,0.01,0.031079,7,48
2021-01-04,2021,2020,BAC,0.025994030758738518,0.0,0.0,32,0.1,0.01,0.031079,7,48
2021-01-04,2021,2020,META,0.010991775430738926,0.0,0.0,32,0.1,0.01,0.031079,7,48
2021-01-04,2021,2020,JPM,0.009990030899643898,0.0,0.0,32,0.1,0.01,0.031079,7,48
2021-01-04,2021,2020,WMT,0.009990030899643898,0.0,0.0,32,0.1,0.01,0.031079,7,48
2022-01-03,2022,2021,NVDA,0.10000186413526535,0.659631,0.0,32,0.1,0.01,0.031818,7,48
2022-01-03,2022,2021,META,0.07893940061330795,0.0,0.0,32,0.1,0.01,0.031818,7,48
2022-01-03,2022,2021,AMZN,0.07319913804531097,0.0,0.0,32,0.1,0.01,0.031818,7,48
2022-01-03,2022,2021,JNJ,0.07236094772815704,0.0,0.0,32,0.1,0.01,0.031818,7,48
2022-01-03,2022,2021,PG,0.06686996668577194,0.0,0.0,32,0.1,0.01,0.031818,7,48
2022-01-03,2022,2021,V,0.06482334434986115,0.0,0.0,32,0.1,0.01,0.031818,7,48
2022-01-03,2022,2021,MSFT,0.061918482184410095,0.0,0.0,32,0.1,0.01,0.031818,7,48
2022-01-03,2022,2021,AAPL,0.058962415903806686,0.0,0.0,32,0.1,0.01,0.031818,7,48
2022-01-03,2022,2021,JPM,0.05761804059147835,0.0,0.0,32,0.1,0.01,0.031818,7,48
2022-01-03,2022,2021,BAC,0.053452473133802414,0.0,0.0,32,0.1,0.01,0.031818,7,48
2022-01-03,2022,2021,GOOGL,0.052031874656677246,0.0,0.0,32,0.1,0.01,0.031818,7,48
2022-01-03,2022,2021,UNH,0.051220666617155075,0.0,0.0,32,0.1,0.01,0.031818,7,48
2022-01-03,2022,2021,HD,0.04957954213023186,0.0,0.0,32,0.1,0.01,0.031818,7,48
2022-01-03,2022,2021,WMT,0.04532582685351372,0.0,0.0,32,0.1,0.01,0.031818,7,48
2022-01-03,2022,2021,AVGO,0.04176159203052521,0.0,0.0,32,0.1,0.01,0.031818,7,48
2022-01-03,2022,2021,MA,0.01844768039882183,0.0,0.0,32,0.1,0.01,0.031818,7,48
2022-01-03,2022,2021,TSLA,0.01786034181714058,0.0,0.0,32,0.1,0.01,0.031818,7,48
2022-01-03,2022,2021,BRK-B,0.015211415477097034,0.0,0.0,32,0.1,0.01,0.031818,7,48
2022-01-03,2022,2021,DIS,0.010207504034042358,0.0,0.0,32,0.1,0.01,0.031818,7,48
2022-01-03,2022,2021,PFE,0.010207504034042358,0.0,0.0,32,0.1,0.01,0.031818,7,48
2023-01-03,2023,2022,TSLA,0.10000839829444885,0.99828,0.0,32,0.1,0.01,0.030697,7,48
2023-01-03,2023,2022,V,0.10000839829444885,0.0,0.0,32,0.1,0.01,0.030697,7,48
2023-01-03,2023,2022,AMZN,0.10000839829444885,0.0,0.0,32,0.1,0.01,0.030697,7,48
2023-01-03,2023,2022,XOM,0.094034343957901,0.0,0.0,32,0.1,0.01,0.030697,7,48
2023-01-03,2023,2022,MA,0.0832614153623581,0.0,0.0,32,0.1,0.01,0.030697,7,48
2023-01-03,2023,2022,META,0.08095181733369827,0.0,0.0,32,0.1,0.01,0.030697,7,48
2023-01-03,2023,2022,LLY,0.07576733082532883,0.0,0.0,32,0.1,0.01,0.030697,7,48
2023-01-03,2023,2022,NVDA,0.06186002492904663,0.0,0.0,32,0.1,0.01,0.030697,7,48
2023-01-03,2023,2022,CVX,0.06104152277112007,0.0,0.0,32,0.1,0.01,0.030697,7,48
2023-01-03,2023,2022,MSFT,0.05448586866259575,0.0,0.0,32,0.1,0.01,0.030697,7,48
2023-01-03,2023,2022,GOOGL,0.03616463392972946,0.0,0.0,32,0.1,0.01,0.030697,7,48
2023-01-03,2023,2022,HD,0.03525538370013237,0.0,0.0,32,0.1,0.01,0.030697,7,48
2023-01-03,2023,2022,JNJ,0.02599034644663334,0.0,0.0,32,0.1,0.01,0.030697,7,48
2023-01-03,2023,2022,PG,0.01774241030216217,0.0,0.0,32,0.1,0.01,0.030697,7,48
2023-01-03,2023,2022,PFE,0.016592074185609818,0.0,0.0,32,0.1,0.01,0.030697,7,48
2023-01-03,2023,2022,WMT,0.014856535010039806,0.0,0.0,32,0.1,0.01,0.030697,7,48
2023-01-03,2023,2022,AAPL,0.01049280446022749,0.0,0.0,32,0.1,0.01,0.030697,7,48
2023-01-03,2023,2022,UNH,0.01049280446022749,0.0,0.0,32,0.1,0.01,0.030697,7,48
2023-01-03,2023,2022,BRK-B,0.01049280446022749,0.0,0.0,32,0.1,0.01,0.030697,7,48
2023-01-03,2023,2022,JPM,0.01049280446022749,0.0,0.0,32,0.1,0.01,0.030697,7,48
2024-01-02,2024,2023,TSLA,0.09859122335910797,0.906735,0.0,32,0.1,0.01,0.031703,7,48
2024-01-02,2024,2023,JNJ,0.09765513241291046,0.0,0.0,32,0.1,0.01,0.031703,7,48
2024-01-02,2024,2023,AMZN,0.09191633015871048,0.0,0.0,32,0.1,0.01,0.031703,7,48
2024-01-02,2024,2023,PG,0.07531028240919113,0.0,0.0,32,0.1,0.01,0.031703,7,48
2024-01-02,2024,2023,NVDA,0.07064991444349289,0.0,0.0,32,0.1,0.01,0.031703,7,48
2024-01-02,2024,2023,GOOGL,0.06968103349208832,0.0,0.0,32,0.1,0.01,0.031703,7,48
2024-01-02,2024,2023,XOM,0.0689789205789566,0.0,0.0,32,0.1,0.01,0.031703,7,48
2024-01-02,2024,2023,AVGO,0.0533437617123127,0.0,0.0,32,0.1,0.01,0.031703,7,48
2024-01-02,2024,2023,BRK-B,0.05116885155439377,0.0,0.0,32,0.1,0.01,0.031703,7,48
2024-01-02,2024,2023,AAPL,0.04959482699632645,0.0,0.0,32,0.1,0.01,0.031703,7,48
2024-01-02,2024,2023,MSFT,0.04769812151789665,0.0,0.0,32,0.1,0.01,0.031703,7,48
2024-01-02,2024,2023,JPM,0.04571474716067314,0.0,0.0,32,0.1,0.01,0.031703,7,48
2024-01-02,2024,2023,WMT,0.04548844322562218,0.0,0.0,32,0.1,0.01,0.031703,7,48
2024-01-02,2024,2023,HD,0.034841667860746384,0.0,0.0,32,0.1,0.01,0.031703,7,48
2024-01-02,2024,2023,COST,0.027805747464299202,0.0,0.0,32,0.1,0.01,0.031703,7,48
2024-01-02,2024,2023,META,0.019754046574234962,0.0,0.0,32,0.1,0.01,0.031703,7,48
2024-01-02,2024,2023,LLY,0.01634196750819683,0.0,0.0,32,0.1,0.01,0.031703,7,48
2024-01-02,2024,2023,UNH,0.015470486134290695,0.0,0.0,32,0.1,0.01,0.031703,7,48
2024-01-02,2024,2023,MA,0.009997236542403698,0.0,0.0,32,0.1,0.01,0.031703,7,48
2024-01-02,2024,2023,V,0.009997236542403698,0.0,0.0,32,0.1,0.01,0.031703,7,48
2025-01-02,2025,2024,BRK-B,0.10000403225421906,0.840152,0.0,16,0.1,0.01,0.034509,7,48
2025-01-02,2025,2024,TSLA,0.10000403225421906,0.0,0.0,16,0.1,0.01,0.034509,7,48
2025-01-02,2025,2024,LLY,0.09851085394620895,0.0,0.0,16,0.1,0.01,0.034509,7,48
2025-01-02,2025,2024,META,0.09446238726377487,0.0,0.0,16,0.1,0.01,0.034509,7,48
2025-01-02,2025,2024,ORCL,0.06180980056524277,0.0,0.0,16,0.1,0.01,0.034509,7,48
2025-01-02,2025,2024,JPM,0.05733692646026611,0.0,0.0,16,0.1,0.01,0.034509,7,48
2025-01-02,2025,2024,UNH,0.05635439231991768,0.0,0.0,16,0.1,0.01,0.034509,7,48
2025-01-02,2025,2024,WMT,0.05615970119833946,0.0,0.0,16,0.1,0.01,0.034509,7,48
2025-01-02,2025,2024,AAPL,0.049844738095998764,0.0,0.0,16,0.1,0.01,0.034509,7,48
2025-01-02,2025,2024,V,0.047474268823862076,0.0,0.0,16,0.1,0.01,0.034509,7,48
2025-01-02,2025,2024,COST,0.04265635833144188,0.0,0.0,16,0.1,0.01,0.034509,7,48
2025-01-02,2025,2024,GOOGL,0.039208464324474335,0.0,0.0,16,0.1,0.01,0.034509,7,48
2025-01-02,2025,2024,HD,0.03466402739286423,0.0,0.0,16,0.1,0.01,0.034509,7,48
2025-01-02,2025,2024,MA,0.029524631798267365,0.0,0.0,16,0.1,0.01,0.034509,7,48
2025-01-02,2025,2024,PG,0.02947736531496048,0.0,0.0,16,0.1,0.01,0.034509,7,48
2025-01-02,2025,2024,NVDA,0.029347388073801994,0.0,0.0,16,0.1,0.01,0.034509,7,48
2025-01-02,2025,2024,XOM,0.026287702843546867,0.0,0.0,16,0.1,0.01,0.034509,7,48
2025-01-02,2025,2024,AMZN,0.021739710122346878,0.0,0.0,16,0.1,0.01,0.034509,7,48
2025-01-02,2025,2024,AVGO,0.014818589203059673,0.0,0.0,16,0.1,0.01,0.034509,7,48
2025-01-02,2025,2024,MSFT,0.01031456422060728,0.0,0.0,16,0.1,0.01,0.034509,7,48
