rebalance_date,invest_year,select_year,ticker,assigned_weight,turnover,tc_drag_bps,best_learning_rate,best_max_depth,best_n_estimators,best_reg_lambda,best_subsample,best_colsample,val_R2_selected
1998-01-02,1998,1997,KO,0.05,1.0,0.0,,,,,,,
1998-01-02,1998,1997,MSFT,0.05,0.0,0.0,,,,,,,
1998-01-02,1998,1997,XOM,0.05,0.0,0.0,,,,,,,
1998-01-02,1998,1997,GE,0.05,0.0,0.0,,,,,,,
1998-01-02,1998,1997,INTC,0.05,0.0,0.0,,,,,,,
1998-01-02,1998,1997,MRK,0.05,0.0,0.0,,,,,,,
1998-01-02,1998,1997,PG,0.05,0.0,0.0,,,,,,,
1998-01-02,1998,1997,IBM,0.05,0.0,0.0,,,,,,,
1998-01-02,1998,1997,PFE,0.05,0.0,0.0,,,,,,,
1998-01-02,1998,1997,BMY,0.05,0.0,0.0,,,,,,,
1998-01-02,1998,1997,WMT,0.05,0.0,0.0,,,,,,,
1998-01-02,1998,1997,JNJ,0.05,0.0,0.0,,,,,,,
1998-01-02,1998,1997,LLY,0.05,0.0,0.0,,,,,,,
1998-01-02,1998,1997,VZ,0.05,0.0,0.0,,,,,,,
1998-01-02,1998,1997,DIS,0.05,0.0,0.0,,,,,,,
1998-01-02,1998,1997,AIG,0.05,0.0,0.0,,,,,,,
1998-01-02,1998,1997,C,0.05,0.0,0.0,,,,,,,
1998-01-02,1998,1997,CSCO,0.05,0.0,0.0,,,,,,,
1998-01-02,1998,1997,PEP,0.05,0.0,0.0,,,,,,,
1998-01-02,1998,1997,T,0.05,0.0,0.0,,,,,,,
1999-01-04,1999,1998,KO,0.03474342090094725,0.0,0.0,,,,,,,
1999-01-04,1999,1998,MSFT,0.07358973662853772,0.0,0.0,,,,,,,
1999-01-04,1999,1998,XOM,0.041973801119713744,0.0,0.0,,,,,,,
1999-01-04,1999,1998,GE,0.048355634424423324,0.0,0.0,,,,,,,
1999-01-04,1999,1998,INTC,0.05796446641772775,0.0,0.0,,,,,,,
1999-01-04,1999,1998,MRK,0.04845367285644194,0.0,0.0,,,,,,,
1999-01-04,1999,1998,PG,0.03973977069384622,0.0,0.0,,,,,,,
1999-01-04,1999,1998,IBM,0.060857908973166536,0.0,0.0,,,,,,,
1999-01-04,1999,1998,PFE,0.05792346011046845,0.0,0.0,,,,,,,
1999-01-04,1999,1998,BMY,0.049018947937941475,0.0,0.0,,,,,,,
1999-01-04,1999,1998,WMT,0.07117603581763743,0.0,0.0,,,,,,,
1999-01-04,1999,1998,JNJ,0.04422885561561719,0.0,0.0,,,,,,,
1999-01-04,1999,1998,LLY,0.044276812445039185,0.0,0.0,,,,,,,
1999-01-04,1999,1998,VZ,0.04201615198631662,0.0,0.0,,,,,,,
1999-01-04,1999,1998,DIS,0.03136849989151654,0.0,0.0,,,,,,,
1999-01-04,1999,1998,AIG,0.04581885236429102,0.0,0.0,,,,,,,
1999-01-04,1999,1998,C,0.03195547660918054,0.0,0.0,,,,,,,
1999-01-04,1999,1998,CSCO,0.08563148446474081,0.0,0.0,,,,,,,
1999-01-04,1999,1998,PEP,0.03919723459654667,0.0,0.0,,,,,,,
1999-01-04,1999,1998,T,0.051709776145899715,0.0,0.0,,,,,,,
2000-01-03,2000,1999,KO,0.023515019470726695,0.0,0.0,,,,,,,
2000-01-03,2000,1999,MSFT,0.09546677924733239,0.0,0.0,,,,,,,
2000-01-03,2000,1999,XOM,0.03641260707783512,0.0,0.0,,,,,,,
2000-01-03,2000,1999,GE,0.05722083894492647,0.0,0.0,,,,,,,
2000-01-03,2000,1999,INTC,0.06212223869669625,0.0,0.0,,,,,,,
2000-01-03,2000,1999,MRK,0.03454011367683638,0.0,0.0,,,,,,,
2000-01-03,2000,1999,PG,0.03722383173383006,0.0,0.0,,,,,,,
2000-01-03,2000,1999,IBM,0.05513401415675514,0.0,0.0,,,,,,,
2000-01-03,2000,1999,PFE,0.03503641930729584,0.0,0.0,,,,,,,
2000-01-03,2000,1999,BMY,0.0367116052724574,0.0,0.0,,,,,,,
2000-01-03,2000,1999,WMT,0.09347829138201572,0.0,0.0,,,,,,,
2000-01-03,2000,1999,JNJ,0.03833022862012178,0.0,0.0,,,,,,,
2000-01-03,2000,1999,LLY,0.02584695739723801,0.0,0.0,,,,,,,
2000-01-03,2000,1999,VZ,0.0378976520498904,0.0,0.0,,,,,,,
2000-01-03,2000,1999,DIS,0.02382048239678868,0.0,0.0,,,,,,,
2000-01-03,2000,1999,AIG,0.049482593491926,0.0,0.0,,,,,,,
2000-01-03,2000,1999,C,0.04188652650917754,0.0,0.0,,,,,,,
2000-01-03,2000,1999,CSCO,0.1523116486800265,0.0,0.0,,,,,,,
2000-01-03,2000,1999,PEP,0.026435885986166127,0.0,0.0,,,,,,,
2000-01-03,2000,1999,T,0.03712626590195733,0.0,0.0,,,,,,,
2001-01-02,2001,2000,KO,0.02696643416105247,0.0,0.0,,,,,,,
2001-01-02,2001,2000,MSFT,0.03837849394346867,0.0,0.0,,,,,,,
2001-01-02,2001,2000,XOM,0.04343438508506972,0.0,0.0,,,,,,,
2001-01-02,2001,2000,GE,0.05818613868190488,0.0,0.0,,,,,,,
2001-01-02,2001,2000,INTC,0.04916438309649516,0.0,0.0,,,,,,,
2001-01-02,2001,2000,MRK,0.05298301093413659,0.0,0.0,,,,,,,
2001-01-02,2001,2000,PG,0.029365716999060282,0.0,0.0,,,,,,,
2001-01-02,2001,2000,IBM,0.047226883790668917,0.0,0.0,,,,,,,
2001-01-02,2001,2000,PFE,0.05423472844412494,0.0,0.0,,,,,,,
2001-01-02,2001,2000,BMY,0.04651571850113755,0.0,0.0,,,,,,,
2001-01-02,2001,2000,WMT,0.07810403812177863,0.0,0.0,,,,,,,
2001-01-02,2001,2000,JNJ,0.047385073253104114,0.0,0.0,,,,,,,
2001-01-02,2001,2000,LLY,0.039683667386324464,0.0,0.0,,,,,,,
2001-01-02,2001,2000,VZ,0.03436607716543045,0.0,0.0,,,,,,,
2001-01-02,2001,2000,DIS,0.025675621307696867,0.0,0.0,,,,,,,
2001-01-02,2001,2000,AIG,0.07334608268958787,0.0,0.0,,,,,,,
2001-01-02,2001,2000,C,0.05600746778678887,0.0,0.0,,,,,,,
2001-01-02,2001,2000,CSCO,0.11769470647010138,0.0,0.0,,,,,,,
2001-01-02,2001,2000,PEP,0.04079886406735224,0.0,0.0,,,,,,,
2001-01-02,2001,2000,T,0.04048250811471606,0.0,0.0,,,,,,,
2002-01-02,2002,2001,KO,0.02355702186318157,0.0,0.0,,,,,,,
2002-01-02,2002,2001,MSFT,0.06473267574756697,0.0,0.0,,,,,,,
2002-01-02,2002,2001,XOM,0.04432095993812462,0.0,0.0,,,,,,,
2002-01-02,2002,2001,GE,0.05457862075059684,0.0,0.0,,,,,,,
2002-01-02,2002,2001,INTC,0.05694451591860052,0.0,0.0,,,,,,,
2002-01-02,2002,2001,MRK,0.037468405257056706,0.0,0.0,,,,,,,
2002-01-02,2002,2001,PG,0.03343650333901158,0.0,0.0,,,,,,,
2002-01-02,2002,2001,IBM,0.0745811336735878,0.0,0.0,,,,,,,
2002-01-02,2002,2001,PFE,0.05242047021714078,0.0,0.0,,,,,,,
2002-01-02,2002,2001,BMY,0.037930917553648684,0.0,0.0,,,,,,,
2002-01-02,2002,2001,WMT,0.09396876852469832,0.0,0.0,,,,,,,
2002-01-02,2002,2001,JNJ,0.05965447153409407,0.0,0.0,,,,,,,
2002-01-02,2002,2001,LLY,0.03750394189932462,0.0,0.0,,,,,,,
2002-01-02,2002,2001,VZ,0.03699302023893667,0.0,0.0,,,,,,,
2002-01-02,2002,2001,DIS,0.02051743481586381,0.0,0.0,,,,,,,
2002-01-02,2002,2001,AIG,0.0653742298583039,0.0,0.0,,,,,,,
2002-01-02,2002,2001,C,0.061879505450439125,0.0,0.0,,,,,,,
2002-01-02,2002,2001,CSCO,0.06153655957707248,0.0,0.0,,,,,,,
2002-01-02,2002,2001,PEP,0.04480955523735412,0.0,0.0,,,,,,,
2002-01-02,2002,2001,T,0.03779128860539686,0.0,0.0,,,,,,,
2003-01-02,2003,2002,KO,0.028562732048453467,0.0,0.0,,,,,,,
2003-01-02,2003,2002,MSFT,0.06481273028341504,0.0,0.0,,,,,,,
2003-01-02,2003,2002,XOM,0.051818791773594254,0.0,0.0,,,,,,,
2003-01-02,2003,2002,GE,0.043637912853379944,0.0,0.0,,,,,,,
2003-01-02,2003,2002,INTC,0.03629963736217533,0.0,0.0,,,,,,,
2003-01-02,2003,2002,MRK,0.04749129920774717,0.0,0.0,,,,,,,
2003-01-02,2003,2002,PG,0.04783297726993957,0.0,0.0,,,,,,,
2003-01-02,2003,2002,IBM,0.061759608532318676,0.0,0.0,,,,,,,
2003-01-02,2003,2002,PFE,0.05235423976607798,0.0,0.0,,,,,,,
2003-01-02,2003,2002,BMY,0.02316294935064422,0.0,0.0,,,,,,,
2003-01-02,2003,2002,WMT,0.10637962522446177,0.0,0.0,,,,,,,
2003-01-02,2003,2002,JNJ,0.07050697616380407,0.0,0.0,,,,,,,
2003-01-02,2003,2002,LLY,0.039662858314539605,0.0,0.0,,,,,,,
2003-01-02,2003,2002,VZ,0.04025873563625407,0.0,0.0,,,,,,,
2003-01-02,2003,2002,DIS,0.02097997000742532,0.0,0.0,,,,,,,
2003-01-02,2003,2002,AIG,0.061282622689976564,0.0,0.0,,,,,,,
2003-01-02,2003,2002,C,0.06041112607704998,0.0,0.0,,,,,,,
2003-01-02,2003,2002,CSCO,0.0571107931162061,0.0,0.0,,,,,,,
2003-01-02,2003,2002,PEP,0.050514089867973955,0.0,0.0,,,,,,,
2003-01-02,2003,2002,T,0.03516032445456291,0.0,0.0,,,,,,,
2004-01-02,2004,2003,KO,0.027846211284736286,0.0,0.0,,,,,,,
2004-01-02,2004,2003,MSFT,0.0571362833847166,0.0,0.0,,,,,,,
2004-01-02,2004,2003,XOM,0.051593867966685095,0.0,0.0,,,,,,,
2004-01-02,2004,2003,GE,0.04708334403645208,0.0,0.0,,,,,,,
2004-01-02,2004,2003,INTC,0.06189727852785807,0.0,0.0,,,,,,,
2004-01-02,2004,2003,MRK,0.034806003047328,0.0,0.0,,,,,,,
2004-01-02,2004,2003,PG,0.046771916114270326,0.0,0.0,,,,,,,
2004-01-02,2004,2003,IBM,0.06141836373491419,0.0,0.0,,,,,,,
2004-01-02,2004,2003,PFE,0.05087681843480376,0.0,0.0,,,,,,,
2004-01-02,2004,2003,BMY,0.024686368459623652,0.0,0.0,,,,,,,
2004-01-02,2004,2003,WMT,0.09282953570131965,0.0,0.0,,,,,,,
2004-01-02,2004,2003,JNJ,0.0569819460205568,0.0,0.0,,,,,,,
2004-01-02,2004,2003,LLY,0.03703597107864625,0.0,0.0,,,,,,,
2004-01-02,2004,2003,VZ,0.031338539341292,0.0,0.0,,,,,,,
2004-01-02,2004,2003,DIS,0.025002791029501002,0.0,0.0,,,,,,,
2004-01-02,2004,2003,AIG,0.058180221928827894,0.0,0.0,,,,,,,
2004-01-02,2004,2003,C,0.0705763913153006,0.0,0.0,,,,,,,
2004-01-02,2004,2003,CSCO,0.08717941618017842,0.0,0.0,,,,,,,
2004-01-02,2004,2003,PEP,0.04671015070318821,0.0,0.0,,,,,,,
2004-01-02,2004,2003,T,0.030048581709801153,0.0,0.0,,,,,,,
2005-01-03,2005,2004,KO,0.02317724125232869,0.0,0.0,,,,,,,
2005-01-03,2005,2004,MSFT,0.061874793762183924,0.0,0.0,,,,,,,
2005-01-03,2005,2004,XOM,0.06556680207227904,0.0,0.0,,,,,,,
2005-01-03,2005,2004,GE,0.05638173028293468,0.0,0.0,,,,,,,
2005-01-03,2005,2004,INTC,0.04510679085043775,0.0,0.0,,,,,,,
2005-01-03,2005,2004,MRK,0.02494893629726208,0.0,0.0,,,,,,,
2005-01-03,2005,2004,PG,0.05215951990868414,0.0,0.0,,,,,,,
2005-01-03,2005,2004,IBM,0.06532908537151079,0.0,0.0,,,,,,,
2005-01-03,2005,2004,PFE,0.0392279919920471,0.0,0.0,,,,,,,
2005-01-03,2005,2004,BMY,0.02272361167823792,0.0,0.0,,,,,,,
2005-01-03,2005,2004,WMT,0.09258643285333097,0.0,0.0,,,,,,,
2005-01-03,2005,2004,JNJ,0.0707776244974473,0.0,0.0,,,,,,,
2005-01-03,2005,2004,LLY,0.030307341462049928,0.0,0.0,,,,,,,
2005-01-03,2005,2004,VZ,0.03741191014947232,0.0,0.0,,,,,,,
2005-01-03,2005,2004,DIS,0.02982953520312169,0.0,0.0,,,,,,,
2005-01-03,2005,2004,AIG,0.057441382888423514,0.0,0.0,,,,,,,
2005-01-03,2005,2004,C,0.07197198186890436,0.0,0.0,,,,,,,
2005-01-03,2005,2004,CSCO,0.06898143690026437,0.0,0.0,,,,,,,
2005-01-03,2005,2004,PEP,0.05275444600974381,0.0,0.0,,,,,,,
2005-01-03,2005,2004,T,0.03144140469933558,0.0,0.0,,,,,,,
2006-01-03,2006,2005,KO,0.023438160981932247,0.0,0.0,,,,,,,
2006-01-03,2006,2005,MSFT,0.06239680804004108,0.0,0.0,,,,,,,
2006-01-03,2006,2005,XOM,0.07461316467644726,0.0,0.0,,,,,,,
2006-01-03,2006,2005,GE,0.05657426725831577,0.0,0.0,,,,,,,
2006-01-03,2006,2005,INTC,0.04965382028221244,0.0,0.0,,,,,,,
2006-01-03,2006,2005,MRK,0.026424244196374565,0.0,0.0,,,,,,,
2006-01-03,2006,2005,PG,0.05691443733696603,0.0,0.0,,,,,,,
2006-01-03,2006,2005,IBM,0.05597514904275127,0.0,0.0,,,,,,,
2006-01-03,2006,2005,PFE,0.03568901262512922,0.0,0.0,,,,,,,
2006-01-03,2006,2005,BMY,0.02171174911617605,0.0,0.0,,,,,,,
2006-01-03,2006,2005,WMT,0.08454633465074685,0.0,0.0,,,,,,,
2006-01-03,2006,2005,JNJ,0.06962916770769213,0.0,0.0,,,,,,,
2006-01-03,2006,2005,LLY,0.03163316268769397,0.0,0.0,,,,,,,
2006-01-03,2006,2005,VZ,0.02963116514500575,0.0,0.0,,,,,,,
2006-01-03,2006,2005,DIS,0.026460905471537483,0.0,0.0,,,,,,,
2006-01-03,2006,2005,AIG,0.061295614183691144,0.0,0.0,,,,,,,
2006-01-03,2006,2005,C,0.0766541270409045,0.0,0.0,,,,,,,
2006-01-03,2006,2005,CSCO,0.06222598236171903,0.0,0.0,,,,,,,
2006-01-03,2006,2005,PEP,0.06188730946634087,0.0,0.0,,,,,,,
2006-01-03,2006,2005,T,0.03264541772832247,0.0,0.0,,,,,,,
2007-01-03,2007,2006,KO,0.024269841563327697,0.0,0.0,,,,,,,
2007-01-03,2007,2006,MSFT,0.060797762632168184,0.0,0.0,,,,,,,
2007-01-03,2007,2006,XOM,0.08728671090527232,0.0,0.0,,,,,,,
2007-01-03,2007,2006,GE,0.05202914702219219,0.0,0.0,,,,,,,
2007-01-03,2007,2006,INTC,0.03458273745575366,0.0,0.0,,,,,,,
2007-01-03,2007,2006,MRK,0.031712192981516577,0.0,0.0,,,,,,,
2007-01-03,2007,2006,PG,0.05428012650185141,0.0,0.0,,,,,,,
2007-01-03,2007,2006,IBM,0.05639330239576232,0.0,0.0,,,,,,,
2007-01-03,2007,2006,PFE,0.034600167013164956,0.0,0.0,,,,,,,
2007-01-03,2007,2006,BMY,0.021896909323440017,0.0,0.0,,,,,,,
2007-01-03,2007,2006,WMT,0.07120979922576531,0.0,0.0,,,,,,,
2007-01-03,2007,2006,JNJ,0.06585076081401199,0.0,0.0,,,,,,,
2007-01-03,2007,2006,LLY,0.02523112294217392,0.0,0.0,,,,,,,
2007-01-03,2007,2006,VZ,0.03355203974366291,0.0,0.0,,,,,,,
2007-01-03,2007,2006,DIS,0.032109631367667264,0.0,0.0,,,,,,,
2007-01-03,2007,2006,AIG,0.0546782014813644,0.0,0.0,,,,,,,
2007-01-03,2007,2006,C,0.07709143931883998,0.0,0.0,,,,,,,
2007-01-03,2007,2006,CSCO,0.08355582443254586,0.0,0.0,,,,,,,
2007-01-03,2007,2006,PEP,0.05614968801612395,0.0,0.0,,,,,,,
2007-01-03,2007,2006,T,0.04272259486339512,0.0,0.0,,,,,,,
2008-01-02,2008,2007,KO,0.02952528944892885,0.0,0.0,,,,,,,
2008-01-02,2008,2007,MSFT,0.06851377358924728,0.0,0.0,,,,,,,
2008-01-02,2008,2007,XOM,0.10116871968442938,0.0,0.0,,,,,,,
2008-01-02,2008,2007,GE,0.049821903849862625,0.0,0.0,,,,,,,
2008-01-02,2008,2007,INTC,0.0432896845583569,0.0,0.0,,,,,,,
2008-01-02,2008,2007,MRK,0.040619670572905775,0.0,0.0,,,,,,,
2008-01-02,2008,2007,PG,0.05904282069750295,0.0,0.0,,,,,,,
2008-01-02,2008,2007,IBM,0.059339523853890776,0.0,0.0,,,,,,,
2008-01-02,2008,2007,PFE,0.029641142981553074,0.0,0.0,,,,,,,
2008-01-02,2008,2007,BMY,0.021399404339424766,0.0,0.0,,,,,,,
2008-01-02,2008,2007,WMT,0.06965406061106649,0.0,0.0,,,,,,,
2008-01-02,2008,2007,JNJ,0.06362671963880268,0.0,0.0,,,,,,,
2008-01-02,2008,2007,LLY,0.024863372830233807,0.0,0.0,,,,,,,
2008-01-02,2008,2007,VZ,0.038236998903400946,0.0,0.0,,,,,,,
2008-01-02,2008,2007,DIS,0.028899677975962504,0.0,0.0,,,,,,,
2008-01-02,2008,2007,AIG,0.04195834099087506,0.0,0.0,,,,,,,
2008-01-02,2008,2007,C,0.03972297720808938,0.0,0.0,,,,,,,
2008-01-02,2008,2007,CSCO,0.07717819145338672,0.0,0.0,,,,,,,
2008-01-02,2008,2007,PEP,0.06486653138557366,0.0,0.0,,,,,,,
2008-01-02,2008,2007,T,0.04863119542650649,0.0,0.0,,,,,,,
2009-01-02,2009,2008,KO,0.03133327955421551,0.0,0.0,,,,,,,
2009-01-02,2009,2008,MSFT,0.05327567731985281,0.0,0.0,,,,,,,
2009-01-02,2009,2008,XOM,0.12291133481448324,0.0,0.0,,,,,,,
2009-01-02,2009,2008,GE,0.0320832444243431,0.0,0.0,,,,,,,
2009-01-02,2009,2008,INTC,0.03419025104221072,0.0,0.0,,,,,,,
2009-01-02,2009,2008,MRK,0.03104773825651357,0.0,0.0,,,,,,,
2009-01-02,2009,2008,PG,0.07115229205074618,0.0,0.0,,,,,,,
2009-01-02,2009,2008,IBM,0.0657243973740467,0.0,0.0,,,,,,,
2009-01-02,2009,2008,PFE,0.03441574976351206,0.0,0.0,,,,,,,
2009-01-02,2009,2008,BMY,0.028116468536434635,0.0,0.0,,,,,,,
2009-01-02,2009,2008,WMT,0.11687158804658854,0.0,0.0,,,,,,,
2009-01-02,2009,2008,JNJ,0.08209637580570932,0.0,0.0,,,,,,,
2009-01-02,2009,2008,LLY,0.02735816248841277,0.0,0.0,,,,,,,
2009-01-02,2009,2008,VZ,0.043803258848369914,0.0,0.0,,,,,,,
2009-01-02,2009,2008,DIS,0.028828335687617498,0.0,0.0,,,,,,,
2009-01-02,2009,2008,AIG,0.0016117744080686217,0.0,0.0,,,,,,,
2009-01-02,2009,2008,C,0.013360002675317655,0.0,0.0,,,,,,,
2009-01-02,2009,2008,CSCO,0.06497671705015713,0.0,0.0,,,,,,,
2009-01-02,2009,2008,PEP,0.06715021331711528,0.0,0.0,,,,,,,
2009-01-02,2009,2008,T,0.0496931385362847,0.0,0.0,,,,,,,
2010-01-04,2010,2009,KO,0.035472699871927714,0.0,0.0,,,,,,,
2010-01-04,2010,2009,MSFT,0.07427877654424023,0.0,0.0,,,,,,,
2010-01-04,2010,2009,XOM,0.09333149820782816,0.0,0.0,,,,,,,
2010-01-04,2010,2009,GE,0.027356836354680395,0.0,0.0,,,,,,,
2010-01-04,2010,2009,INTC,0.04274856801118297,0.0,0.0,,,,,,,
2010-01-04,2010,2009,MRK,0.0341789003251473,0.0,0.0,,,,,,,
2010-01-04,2010,2009,PG,0.0625497353743118,0.0,0.0,,,,,,,
2010-01-04,2010,2009,IBM,0.09059292261138277,0.0,0.0,,,,,,,
2010-01-04,2010,2009,PFE,0.03235449062559331,0.0,0.0,,,,,,,
2010-01-04,2010,2009,BMY,0.02805101149005312,0.0,0.0,,,,,,,
2010-01-04,2010,2009,WMT,0.09892176711452608,0.0,0.0,,,,,,,
2010-01-04,2010,2009,JNJ,0.07936841805688626,0.0,0.0,,,,,,,
2010-01-04,2010,2009,LLY,0.0222867351540228,0.0,0.0,,,,,,,
2010-01-04,2010,2009,VZ,0.03949568018966067,0.0,0.0,,,,,,,
2010-01-04,2010,2009,DIS,0.036011718404766475,0.0,0.0,,,,,,,
2010-01-04,2010,2009,AIG,0.001337075116723143,0.0,0.0,,,,,,,
2010-01-04,2010,2009,C,0.0057397689152246505,0.0,0.0,,,,,,,
2010-01-04,2010,2009,CSCO,0.0829170593861157,0.0,0.0,,,,,,,
2010-01-04,2010,2009,PEP,0.0668783485447793,0.0,0.0,,,,,,,
2010-01-04,2010,2009,T,0.04612798970094729,0.0,0.0,,,,,,,
2011-01-03,2011,2010,KO,0.03959842395243256,0.0,0.0,,,,,,,
2011-01-03,2011,2010,MSFT,0.06512162096010798,0.0,0.0,,,,,,,
2011-01-03,2011,2010,XOM,0.09640356116845719,0.0,0.0,,,,,,,
2011-01-03,2011,2010,GE,0.03189088670004474,0.0,0.0,,,,,,,
2011-01-03,2011,2010,INTC,0.04260826333317134,0.0,0.0,,,,,,,
2011-01-03,2011,2010,MRK,0.03299036413508562,0.0,0.0,,,,,,,
2011-01-03,2011,2010,PG,0.06415982763544549,0.0,0.0,,,,,,,
2011-01-03,2011,2010,IBM,0.09708598948121415,0.0,0.0,,,,,,,
2011-01-03,2011,2010,PFE,0.0304413608198666,0.0,0.0,,,,,,,
2011-01-03,2011,2010,BMY,0.028607589915912435,0.0,0.0,,,,,,,
2011-01-03,2011,2010,WMT,0.09576729275573224,0.0,0.0,,,,,,,
2011-01-03,2011,2010,JNJ,0.07400389926121444,0.0,0.0,,,,,,,
2011-01-03,2011,2010,LLY,0.02166744100214568,0.0,0.0,,,,,,,
2011-01-03,2011,2010,VZ,0.045400093684697766,0.0,0.0,,,,,,,
2011-01-03,2011,2010,DIS,0.039714490660466756,0.0,0.0,,,,,,,
2011-01-03,2011,2010,AIG,0.002410242607901189,0.0,0.0,,,,,,,
2011-01-03,2011,2010,C,0.007692913196858941,0.0,0.0,,,,,,,
2011-01-03,2011,2010,CSCO,0.06571715950176382,0.0,0.0,,,,,,,
2011-01-03,2011,2010,PEP,0.06943272635048071,0.0,0.0,,,,,,,
2011-01-03,2011,2010,T,0.049285852877000366,0.0,0.0,,,,,,,
2012-01-03,2012,2011,KO,0.038887826124137624,0.0,0.0,,,,,,,
2012-01-03,2012,2011,MSFT,0.0557882848981708,0.0,0.0,,,,,,,
2012-01-03,2012,2011,XOM,0.1026386835691439,0.0,0.0,,,,,,,
2012-01-03,2012,2011,GE,0.028995150104679145,0.0,0.0,,,,,,,
2012-01-03,2012,2011,INTC,0.04564261576427436,0.0,0.0,,,,,,,
2012-01-03,2012,2011,MRK,0.03242837602544446,0.0,0.0,,,,,,,
2012-01-03,2012,2011,PG,0.06162976602070507,0.0,0.0,,,,,,,
2012-01-03,2012,2011,IBM,0.11098193878837666,0.0,0.0,,,,,,,
2012-01-03,2012,2011,PFE,0.03517322180908018,0.0,0.0,,,,,,,
2012-01-03,2012,2011,BMY,0.03578829525982344,0.0,0.0,,,,,,,
2012-01-03,2012,2011,WMT,0.0978174283968684,0.0,0.0,,,,,,,
2012-01-03,2012,2011,JNJ,0.07296192931189022,0.0,0.0,,,,,,,
2012-01-03,2012,2011,LLY,0.024334642654555497,0.0,0.0,,,,,,,
2012-01-03,2012,2011,VZ,0.04814274228739737,0.0,0.0,,,,,,,
2012-01-03,2012,2011,DIS,0.03622023640332144,0.0,0.0,,,,,,,
2012-01-03,2012,2011,AIG,0.0010496779464518322,0.0,0.0,,,,,,,
2012-01-03,2012,2011,C,0.0038424011085614203,0.0,0.0,,,,,,,
2012-01-03,2012,2011,CSCO,0.053290600244451584,0.0,0.0,,,,,,,
2012-01-03,2012,2011,PEP,0.06526089659512846,0.0,0.0,,,,,,,
2012-01-03,2012,2011,T,0.049125286687538204,0.0,0.0,,,,,,,
2013-01-02,2013,2012,KO,0.0375557014062023,0.0,0.0,,,,,,,
2013-01-02,2013,2012,MSFT,0.05350867150631218,0.0,0.0,,,,,,,
2013-01-02,2013,2012,XOM,0.09742340303501233,0.0,0.0,,,,,,,
2013-01-02,2013,2012,GE,0.03196081070542189,0.0,0.0,,,,,,,
2013-01-02,2013,2012,INTC,0.03640669619294501,0.0,0.0,,,,,,,
2013-01-02,2013,2012,MRK,0.033260445959946296,0.0,0.0,,,,,,,
2013-01-02,2013,2012,PG,0.05877886860032938,0.0,0.0,,,,,,,
2013-01-02,2013,2012,IBM,0.1065737731421856,0.0,0.0,,,,,,,
2013-01-02,2013,2012,PFE,0.03839987381044607,0.0,0.0,,,,,,,
2013-01-02,2013,2012,BMY,0.031210002564303153,0.0,0.0,,,,,,,
2013-01-02,2013,2012,WMT,0.10374354426826922,0.0,0.0,,,,,,,
2013-01-02,2013,2012,JNJ,0.07331993814223513,0.0,0.0,,,,,,,
2013-01-02,2013,2012,LLY,0.027408432390784943,0.0,0.0,,,,,,,
2013-01-02,2013,2012,VZ,0.04939531476431441,0.0,0.0,,,,,,,
2013-01-02,2013,2012,DIS,0.044267069329172175,0.0,0.0,,,,,,,
2013-01-02,2013,2012,AIG,0.0014479140241028844,0.0,0.0,,,,,,,
2013-01-02,2013,2012,C,0.005244292263570993,0.0,0.0,,,,,,,
2013-01-02,2013,2012,CSCO,0.05391832106947533,0.0,0.0,,,,,,,
2013-01-02,2013,2012,PEP,0.062947102477772,0.0,0.0,,,,,,,
2013-01-02,2013,2012,T,0.05322982434719869,0.0,0.0,,,,,,,
2014-01-02,2014,2013,KO,0.035489511118213184,0.0,0.0,,,,,,,
2014-01-02,2014,2013,MSFT,0.06223840965730587,0.0,0.0,,,,,,,
2014-01-02,2014,2013,XOM,0.09432938246893532,0.0,0.0,,,,,,,
2014-01-02,2014,2013,GE,0.035516355600686604,0.0,0.0,,,,,,,
2014-01-02,2014,2013,INTC,0.03842036763127588,0.0,0.0,,,,,,,
2014-01-02,2014,2013,MRK,0.03400266339464325,0.0,0.0,,,,,,,
2014-01-02,2014,2013,PG,0.05858367018552639,0.0,0.0,,,,,,,
2014-01-02,2014,2013,IBM,0.08575364004675398,0.0,0.0,,,,,,,
2014-01-02,2014,2013,PFE,0.0390646933690548,0.0,0.0,,,,,,,
2014-01-02,2014,2013,BMY,0.04275721043593905,0.0,0.0,,,,,,,
2014-01-02,2014,2013,WMT,0.0988141935840732,0.0,0.0,,,,,,,
2014-01-02,2014,2013,JNJ,0.07956461540959962,0.0,0.0,,,,,,,
2014-01-02,2014,2013,LLY,0.023703024993093,0.0,0.0,,,,,,,
2014-01-02,2014,2013,VZ,0.047223205590266736,0.0,0.0,,,,,,,
2014-01-02,2014,2013,DIS,0.05542873844853591,0.0,0.0,,,,,,,
2014-01-02,2014,2013,AIG,0.0016947144146111774,0.0,0.0,,,,,,,
2014-01-02,2014,2013,C,0.005573069217327515,0.0,0.0,,,,,,,
2014-01-02,2014,2013,CSCO,0.05073180087136953,0.0,0.0,,,,,,,
2014-01-02,2014,2013,PEP,0.0632463251299444,0.0,0.0,,,,,,,
2014-01-02,2014,2013,T,0.04786440843284456,0.0,0.0,,,,,,,
2015-01-02,2015,2014,KO,0.03349467594915061,0.0,0.0,,,,,,,
2015-01-02,2015,2014,MSFT,0.0711829314419842,0.0,0.0,,,,,,,
2015-01-02,2015,2014,XOM,0.07945173226698948,0.0,0.0,,,,,,,
2015-01-02,2015,2014,GE,0.02972113517660986,0.0,0.0,,,,,,,
2015-01-02,2015,2014,INTC,0.04968054622471524,0.0,0.0,,,,,,,
2015-01-02,2015,2014,MRK,0.035647826861336114,0.0,0.0,,,,,,,
2015-01-02,2015,2014,PG,0.060626101298987684,0.0,0.0,,,,,,,
2015-01-02,2015,2014,IBM,0.06736087711834919,0.0,0.0,,,,,,,
2015-01-02,2015,2014,PFE,0.03687252854086119,0.0,0.0,,,,,,,
2015-01-02,2015,2014,BMY,0.043770987378647375,0.0,0.0,,,,,,,
2015-01-02,2015,2014,WMT,0.09911144405094437,0.0,0.0,,,,,,,
2015-01-02,2015,2014,JNJ,0.0837034417205567,0.0,0.0,,,,,,,
2015-01-02,2015,2014,LLY,0.02969983058297876,0.0,0.0,,,,,,,
2015-01-02,2015,2014,VZ,0.04210735472984724,0.0,0.0,,,,,,,
2015-01-02,2015,2014,DIS,0.06204671039225962,0.0,0.0,,,,,,,
2015-01-02,2015,2014,AIG,0.0016826105588975996,0.0,0.0,,,,,,,
2015-01-02,2015,2014,C,0.005192643763918986,0.0,0.0,,,,,,,
2015-01-02,2015,2014,CSCO,0.05820974032284059,0.0,0.0,,,,,,,
2015-01-02,2015,2014,PEP,0.06649576302118171,0.0,0.0,,,,,,,
2015-01-02,2015,2014,T,0.04394111859894348,0.0,0.0,,,,,,,
2016-01-04,2016,2015,KO,0.03476231718516326,0.0,0.0,,,,,,,
2016-01-04,2016,2015,MSFT,0.0862099430527771,0.0,0.0,,,,,,,
2016-01-04,2016,2015,XOM,0.0683953267844528,0.0,0.0,,,,,,,
2016-01-04,2016,2015,GE,0.03741469256581086,0.0,0.0,,,,,,,
2016-01-04,2016,2015,INTC,0.04795443702927305,0.0,0.0,,,,,,,
2016-01-04,2016,2015,MRK,0.03382021192330193,0.0,0.0,,,,,,,
2016-01-04,2016,2015,PG,0.053878397288664934,0.0,0.0,,,,,,,
2016-01-04,2016,2015,IBM,0.05889758928218914,0.0,0.0,,,,,,,
2016-01-04,2016,2015,PFE,0.03897707483885864,0.0,0.0,,,,,,,
2016-01-04,2016,2015,BMY,0.05152665225379442,0.0,0.0,,,,,,,
2016-01-04,2016,2015,WMT,0.07177426794398838,0.0,0.0,,,,,,,
2016-01-04,2016,2015,JNJ,0.08356822638856332,0.0,0.0,,,,,,,
2016-01-04,2016,2015,LLY,0.03676131940508173,0.0,0.0,,,,,,,
2016-01-04,2016,2015,VZ,0.04306917307468292,0.0,0.0,,,,,,,
2016-01-04,2016,2015,DIS,0.06916607902315093,0.0,0.0,,,,,,,
2016-01-04,2016,2015,AIG,0.0018627156550743314,0.0,0.0,,,,,,,
2016-01-04,2016,2015,C,0.00491650055831725,0.0,0.0,,,,,,,
2016-01-04,2016,2015,CSCO,0.0578153967996495,0.0,0.0,,,,,,,
2016-01-04,2016,2015,PEP,0.07138106262000991,0.0,0.0,,,,,,,
2016-01-04,2016,2015,T,0.047848616327195455,0.0,0.0,,,,,,,
2017-01-03,2017,2016,KO,0.031132936135925725,0.0,0.0,,,,,,,
2017-01-03,2017,2016,MSFT,0.08916896301001356,0.0,0.0,,,,,,,
2017-01-03,2017,2016,XOM,0.0736963246531703,0.0,0.0,,,,,,,
2017-01-03,2017,2016,GE,0.03518109897311199,0.0,0.0,,,,,,,
2017-01-03,2017,2016,INTC,0.04687577913889222,0.0,0.0,,,,,,,
2017-01-03,2017,2016,MRK,0.034973865924390404,0.0,0.0,,,,,,,
2017-01-03,2017,2016,PG,0.052958918103219045,0.0,0.0,,,,,,,
2017-01-03,2017,2016,IBM,0.0662833439267394,0.0,0.0,,,,,,,
2017-01-03,2017,2016,PFE,0.0365829057623317,0.0,0.0,,,,,,,
2017-01-03,2017,2016,BMY,0.04006431499409048,0.0,0.0,,,,,,,
2017-01-03,2017,2016,WMT,0.07485291275405193,0.0,0.0,,,,,,,
2017-01-03,2017,2016,JNJ,0.08662544498555125,0.0,0.0,,,,,,,
2017-01-03,2017,2016,LLY,0.02961523048937429,0.0,0.0,,,,,,,
2017-01-03,2017,2016,VZ,0.0467236605858388,0.0,0.0,,,,,,,
2017-01-03,2017,2016,DIS,0.06258449164937151,0.0,0.0,,,,,,,
2017-01-03,2017,2016,AIG,0.0018042306734074888,0.0,0.0,,,,,,,
2017-01-03,2017,2016,C,0.005121731208881404,0.0,0.0,,,,,,,
2017-01-03,2017,2016,CSCO,0.059828879563284185,0.0,0.0,,,,,,,
2017-01-03,2017,2016,PEP,0.069159274577327,0.0,0.0,,,,,,,
2017-01-03,2017,2016,T,0.05676569289102722,0.0,0.0,,,,,,,
2018-01-02,2018,2017,KO,0.031050670340598576,0.0,0.0,,,,,,,
2018-01-02,2018,2017,MSFT,0.1094196034272047,0.0,0.0,,,,,,,
2018-01-02,2018,2017,XOM,0.06181339163086353,0.0,0.0,,,,,,,
2018-01-02,2018,2017,GE,0.017511166388667142,0.0,0.0,,,,,,,
2018-01-02,2018,2017,INTC,0.05349116572269849,0.0,0.0,,,,,,,
2018-01-02,2018,2017,MRK,0.030042242294083962,0.0,0.0,,,,,,,
2018-01-02,2018,2017,PG,0.05204003973666777,0.0,0.0,,,,,,,
2018-01-02,2018,2017,IBM,0.055491132973417144,0.0,0.0,,,,,,,
2018-01-02,2018,2017,PFE,0.036970993759387,0.0,0.0,,,,,,,
2018-01-02,2018,2017,BMY,0.03762722731299484,0.0,0.0,,,,,,,
2018-01-02,2018,2017,WMT,0.09565752147508981,0.0,0.0,,,,,,,
2018-01-02,2018,2017,JNJ,0.09398246634573774,0.0,0.0,,,,,,,
2018-01-02,2018,2017,LLY,0.03042845226865114,0.0,0.0,,,,,,,
2018-01-02,2018,2017,VZ,0.042360475239929175,0.0,0.0,,,,,,,
2018-01-02,2018,2017,DIS,0.05716838832149357,0.0,0.0,,,,,,,
2018-01-02,2018,2017,AIG,0.00146521320854935,0.0,0.0,,,,,,,
2018-01-02,2018,2017,C,0.005672893565139752,0.0,0.0,,,,,,,
2018-01-02,2018,2017,CSCO,0.06847995422806859,0.0,0.0,,,,,,,
2018-01-02,2018,2017,PEP,0.0710485613618564,0.0,0.0,,,,,,,
2018-01-02,2018,2017,T,0.04827844039890154,0.0,0.0,,,,,,,
2019-01-02,2019,2018,KO,0.03248459404010847,0.0,0.0,,,,,,,
2019-01-02,2019,2018,MSFT,0.12950555292570642,0.0,0.0,,,,,,,
2019-01-02,2019,2018,XOM,0.051424224496503905,0.0,0.0,,,,,,,
2019-01-02,2019,2018,GE,0.007654073421837897,0.0,0.0,,,,,,,
2019-01-02,2019,2018,INTC,0.05462649466771915,0.0,0.0,,,,,,,
2019-01-02,2019,2018,MRK,0.04119649600407312,0.0,0.0,,,,,,,
2019-01-02,2019,2018,PG,0.05280959799823436,0.0,0.0,,,,,,,
2019-01-02,2019,2018,IBM,0.04210594843755951,0.0,0.0,,,,,,,
2019-01-02,2019,2018,PFE,0.045215217829292546,0.0,0.0,,,,,,,
2019-01-02,2019,2018,BMY,0.03211329801358945,0.0,0.0,,,,,,,
2019-01-02,2019,2018,WMT,0.09050982664176951,0.0,0.0,,,,,,,
2019-01-02,2019,2018,JNJ,0.08735990643926776,0.0,0.0,,,,,,,
2019-01-02,2019,2018,LLY,0.04187544082324097,0.0,0.0,,,,,,,
2019-01-02,2019,2018,VZ,0.0461778869655463,0.0,0.0,,,,,,,
2019-01-02,2019,2018,DIS,0.058035215995607396,0.0,0.0,,,,,,,
2019-01-02,2019,2018,AIG,0.0009749074191566386,0.0,0.0,,,,,,,
2019-01-02,2019,2018,C,0.003974999351279279,0.0,0.0,,,,,,,
2019-01-02,2019,2018,CSCO,0.07821668480912095,0.0,0.0,,,,,,,
2019-01-02,2019,2018,PEP,0.06626385219682374,0.0,0.0,,,,,,,
2019-01-02,2019,2018,T,0.03747578152356269,0.0,0.0,,,,,,,
2020-01-02,2020,2019,KO,0.030714044947280153,0.0,0.0,,,,,,,
2020-01-02,2020,2019,MSFT,0.15997176534013585,0.0,0.0,,,,,,,
2020-01-02,2020,2019,XOM,0.043232445344708346,0.0,0.0,,,,,,,
2020-01-02,2020,2019,GE,0.009237380804135263,0.0,0.0,,,,,,,
2020-01-02,2020,2019,INTC,0.055980010915181684,0.0,0.0,,,,,,,
2020-01-02,2020,2019,MRK,0.03949114238457623,0.0,0.0,,,,,,,
2020-01-02,2020,2019,PG,0.05783955676928462,0.0,0.0,,,,,,,
2020-01-02,2020,2019,IBM,0.04079360569412544,0.0,0.0,,,,,,,
2020-01-02,2020,2019,PFE,0.032999831097390506,0.0,0.0,,,,,,,
2020-01-02,2020,2019,BMY,0.03216026346667796,0.0,0.0,,,,,,,
2020-01-02,2020,2019,WMT,0.09236287216528039,0.0,0.0,,,,,,,
2020-01-02,2020,2019,JNJ,0.07959894420685043,0.0,0.0,,,,,,,
2020-01-02,2020,2019,LLY,0.03812899621130721,0.0,0.0,,,,,,,
2020-01-02,2020,2019,VZ,0.04121256458336504,0.0,0.0,,,,,,,
2020-01-02,2020,2019,DIS,0.06074787390653327,0.0,0.0,,,,,,,
2020-01-02,2020,2019,AIG,0.0010209909880714303,0.0,0.0,,,,,,,
2020-01-02,2020,2019,C,0.004918294262892423,0.0,0.0,,,,,,,
2020-01-02,2020,2019,CSCO,0.06979175169282706,0.0,0.0,,,,,,,
2020-01-02,2020,2019,PEP,0.06617261337076227,0.0,0.0,,,,,,,
2020-01-02,2020,2019,T,0.043625051848614295,0.0,0.0,,,,,,,
2021-01-04,2021,2020,KO,0.028520937181409873,0.0,0.0,,,,,,,
2021-01-04,2021,2020,MSFT,0.2066311299632007,0.0,0.0,,,,,,,
2021-01-04,2021,2020,XOM,0.024991313513196722,0.0,0.0,,,,,,,
2021-01-04,2021,2020,GE,0.008142176253157028,0.0,0.0,,,,,,,
2021-01-04,2021,2020,INTC,0.043278588896391905,0.0,0.0,,,,,,,
2021-01-04,2021,2020,MRK,0.03320923857922082,0.0,0.0,,,,,,,
2021-01-04,2021,2020,PG,0.059833462390703744,0.0,0.0,,,,,,,
2021-01-04,2021,2020,IBM,0.036538196951891366,0.0,0.0,,,,,,,
2021-01-04,2021,2020,PFE,0.030823038055717216,0.0,0.0,,,,,,,
2021-01-04,2021,2020,BMY,0.029263608381964835,0.0,0.0,,,,,,,
2021-01-04,2021,2020,WMT,0.10322219333219415,0.0,0.0,,,,,,,
2021-01-04,2021,2020,JNJ,0.07994175426771805,0.0,0.0,,,,,,,
2021-01-04,2021,2020,LLY,0.04527854708386013,0.0,0.0,,,,,,,
2021-01-04,2021,2020,VZ,0.03729876527013837,0.0,0.0,,,,,,,
2021-01-04,2021,2020,DIS,0.06896306877316266,0.0,0.0,,,,,,,
2021-01-04,2021,2020,AIG,0.0007116662554836488,0.0,0.0,,,,,,,
2021-01-04,2021,2020,C,0.0035788217176992805,0.0,0.0,,,,,,,
2021-01-04,2021,2020,CSCO,0.06104162322852168,0.0,0.0,,,,,,,
2021-01-04,2021,2020,PEP,0.06696614117280644,0.0,0.0,,,,,,,
2021-01-04,2021,2020,T,0.031765728731561235,0.0,0.0,,,,,,,
2022-01-03,2022,2021,KO,0.025650901006350004,0.0,0.0,,,,,,,
2022-01-03,2022,2021,MSFT,0.25442561826023824,0.0,0.0,,,,,,,
2022-01-03,2022,2021,XOM,0.03180086004858074,0.0,0.0,,,,,,,
2022-01-03,2022,2021,GE,0.007211901938954226,0.0,0.0,,,,,,,
2022-01-03,2022,2021,INTC,0.03706424193741336,0.0,0.0,,,,,,,
2022-01-03,2022,2021,MRK,0.027288208939497332,0.0,0.0,,,,,,,
2022-01-03,2022,2021,PG,0.05823333228867196,0.0,0.0,,,,,,,
2022-01-03,2022,2021,IBM,0.03441940179625694,0.0,0.0,,,,,,,
2022-01-03,2022,2021,PFE,0.04149150851940208,0.0,0.0,,,,,,,
2022-01-03,2022,2021,BMY,0.02431190813823427,0.0,0.0,,,,,,,
2022-01-03,2022,2021,WMT,0.08499825873255036,0.0,0.0,,,,,,,
2022-01-03,2022,2021,JNJ,0.07193962613429997,0.0,0.0,,,,,,,
2022-01-03,2022,2021,LLY,0.06072476670423211,0.0,0.0,,,,,,,
2022-01-03,2022,2021,VZ,0.027846305808159673,0.0,0.0,,,,,,,
2022-01-03,2022,2021,DIS,0.04760917939387959,0.0,0.0,,,,,,,
2022-01-03,2022,2021,AIG,0.0008845709032869232,0.0,0.0,,,,,,,
2022-01-03,2022,2021,C,0.0029169284552074816,0.0,0.0,,,,,,,
2022-01-03,2022,2021,CSCO,0.0718504304596494,0.0,0.0,,,,,,,
2022-01-03,2022,2021,PEP,0.06519384664249607,0.0,0.0,,,,,,,
2022-01-03,2022,2021,T,0.024138203892639244,0.0,0.0,,,,,,,
2023-01-03,2023,2022,KO,0.030081206518124317,0.0,0.0,,,,,,,
2023-01-03,2023,2022,MSFT,0.19415291704014645,0.0,0.0,,,,,,,
2023-01-03,2023,2022,XOM,0.0631872548031906,0.0,0.0,,,,,,,
2023-01-03,2023,2022,GE,0.006811051892134088,0.0,0.0,,,,,,,
2023-01-03,2023,2022,INTC,0.020967611039058327,0.0,0.0,,,,,,,
2023-01-03,2023,2022,MRK,0.04323025695243959,0.0,0.0,,,,,,,
2023-01-03,2023,2022,PG,0.05862405521083753,0.0,0.0,,,,,,,
2023-01-03,2023,2022,IBM,0.04037417725821559,0.0,0.0,,,,,,,
2023-01-03,2023,2022,PFE,0.039412001799387114,0.0,0.0,,,,,,,
2023-01-03,2023,2022,BMY,0.030668790051726565,0.0,0.0,,,,,,,
2023-01-03,2023,2022,WMT,0.08969964492598781,0.0,0.0,,,,,,,
2023-01-03,2023,2022,JNJ,0.08082973417885028,0.0,0.0,,,,,,,
2023-01-03,2023,2022,LLY,0.08643654326023228,0.0,0.0,,,,,,,
2023-01-03,2023,2022,VZ,0.023612398729237174,0.0,0.0,,,,,,,
2023-01-03,2023,2022,DIS,0.02831307419140906,0.0,0.0,,,,,,,
2023-01-03,2023,2022,AIG,0.0010669428861425187,0.0,0.0,,,,,,,
2023-01-03,2023,2022,C,0.0024093722838569548,0.0,0.0,,,,,,,
2023-01-03,2023,2022,CSCO,0.0590663013165878,0.0,0.0,,,,,,,
2023-01-03,2023,2022,PEP,0.07380920948252963,0.0,0.0,,,,,,,
2023-01-03,2023,2022,T,0.027247456179906204,0.0,0.0,,,,,,,
2024-01-02,2024,2023,KO,0.024351635281270902,0.0,0.0,,,,,,,
2024-01-02,2024,2023,MSFT,0.26017062534730206,0.0,0.0,,,,,,,
2024-01-02,2024,2023,XOM,0.05017404880791501,0.0,0.0,,,,,,,
2024-01-02,2024,2023,GE,0.011291826837171575,0.0,0.0,,,,,,,
2024-01-02,2024,2023,INTC,0.034557293246504306,0.0,0.0,,,,,,,
2024-01-02,2024,2023,MRK,0.036989931303050595,0.0,0.0,,,,,,,
2024-01-02,2024,2023,PG,0.049234191602837304,0.0,0.0,,,,,,,
2024-01-02,2024,2023,IBM,0.0416731716854817,0.0,0.0,,,,,,,
2024-01-02,2024,2023,PFE,0.01960938453628498,0.0,0.0,,,,,,,
2024-01-02,2024,2023,BMY,0.019187088005094395,0.0,0.0,,,,,,,
2024-01-02,2024,2023,WMT,0.08577193271171576,0.0,0.0,,,,,,,
2024-01-02,2024,2023,JNJ,0.06259677217299726,0.0,0.0,,,,,,,
2024-01-02,2024,2023,LLY,0.11781747447090431,0.0,0.0,,,,,,,
2024-01-02,2024,2023,VZ,0.020544630882086853,0.0,0.0,,,,,,,
2024-01-02,2024,2023,DIS,0.02500644057452589,0.0,0.0,,,,,,,
2024-01-02,2024,2023,AIG,0.000992279373739373,0.0,0.0,,,,,,,
2024-01-02,2024,2023,C,0.002428399310699389,0.0,0.0,,,,,,,
2024-01-02,2024,2023,CSCO,0.054685931820840916,0.0,0.0,,,,,,,
2024-01-02,2024,2023,PEP,0.06046613464393076,0.0,0.0,,,,,,,
2024-01-02,2024,2023,T,0.02245080738564648,0.0,0.0,,,,,,,
2025-01-02,2025,2024,KO,0.022474278846611885,0.0,0.0,,,,,,,
2025-01-02,2025,2024,MSFT,0.24904440290963095,0.0,0.0,,,,,,,
2025-01-02,2025,2024,XOM,0.04731991311512057,0.0,0.0,,,,,,,
2025-01-02,2025,2024,GE,0.01577640373707862,0.0,0.0,,,,,,,
2025-01-02,2025,2024,INTC,0.01184446080803309,0.0,0.0,,,,,,,
2025-01-02,2025,2024,MRK,0.029391892891761653,0.0,0.0,,,,,,,
2025-01-02,2025,2024,PG,0.04893428064594517,0.0,0.0,,,,,,,
2025-01-02,2025,2024,IBM,0.049196596403290146,0.0,0.0,,,,,,,
2025-01-02,2025,2024,PFE,0.016253483185770665,0.0,0.0,,,,,,,
2025-01-02,2025,2024,BMY,0.018834671777939484,0.0,0.0,,,,,,,
2025-01-02,2025,2024,WMT,0.1265011915506969,0.0,0.0,,,,,,,
2025-01-02,2025,2024,JNJ,0.05050751716978365,0.0,0.0,,,,,,,
2025-01-02,2025,2024,LLY,0.13312597064714976,0.0,0.0,,,,,,,
2025-01-02,2025,2024,VZ,0.019703523670610158,0.0,0.0,,,,,,,
2025-01-02,2025,2024,DIS,0.026377948110652923,0.0,0.0,,,,,,,
2025-01-02,2025,2024,AIG,0.0009231326739058919,0.0,0.0,,,,,,,
2025-01-02,2025,2024,C,0.002921624793880813,0.0,0.0,,,,,,,
2025-01-02,2025,2024,CSCO,0.05608731299780815,0.0,0.0,,,,,,,
2025-01-02,2025,2024,PEP,0.04735829405729682,0.0,0.0,,,,,,,
2025-01-02,2025,2024,T,0.027423100007032738,0.0,0.0,,,,,,,
