rebalance_date,invest_year,select_year,n_stocks,RMSE,MSE,MAE,R2_rank,R2_raw_vs_zero,Spearman,Directional_Accuracy,Geometric_Score,best_learning_rate,best_max_depth,best_min_child_weight,best_gamma,best_n_estimators,best_subsample,best_colsample,val_R2_selected,turnover,tc_drag_bps
1998-01-02,1998,1997,20,0.30217335305342297,0.0913087352955486,0.25776085615158084,-0.09845095092389289,-84.8651243390094,0.10669980913999659,0.7,0.0,0.05,5,10,0.001,300,1.0,1.0,0.0674702259127622,0.999999925494194,0.0
1998-02-02,1998,1997,20,0.322456255096692,0.10397803645098291,0.2744720152020454,-0.2508635964028021,-76.27935675996602,-0.16339179656354239,0.65,0.4,0.005,5,3,0.005,100,1.0,1.0,-0.03319661347864411,0.6587368556192481,0.0
1998-03-02,1998,1997,20,0.2922239628100983,0.08539484444043773,0.25433639854192724,-0.027306399283461458,-32.80296705092531,0.1533834586466165,0.7,0.0,0.005,5,10,0.001,300,1.0,1.0,-0.005833651083832603,0.573949948746611,0.0
1998-04-01,1998,1997,20,0.29148297114989596,0.08496232247037108,0.2460510641336441,-0.022103127463110717,-41.64980214440643,0.023325815482094118,0.55,0.4264014327112209,0.05,1,10,0.001,100,1.0,1.0,0.0347680668447401,0.6014774009241813,0.0
1998-05-01,1998,1997,20,0.2990070516672089,0.08940521694671694,0.2541818380355835,-0.07555148206576745,-102.64980167897748,-0.2928801212842395,0.4,0.0,0.01,1,1,0.001,100,1.0,1.0,-0.002693163580798519,0.41412822040435404,0.0
1998-06-01,1998,1997,20,0.2792465825765996,0.07797865388070967,0.23245673865079883,0.061910930758379834,-17.708540420400382,0.3151560959993037,0.75,0.5887840577551898,0.01,2,3,0.001,100,1.0,1.0,-0.022241346557827946,0.6232956314874867,0.0
1998-07-01,1998,1997,20,0.3004018879123363,0.09024129426129587,0.26795254439115523,-0.08560955502310796,-66.15483193956088,-0.09323308270676692,0.35,0.3178208630818641,0.01,2,5,0.001,300,1.0,1.0,0.24578571415778117,0.5170881458855473,0.0
1998-08-03,1998,1997,20,0.32288656149504863,0.10425573159409582,0.2706450393795968,-0.2542042898537842,-18.82752271935477,0.07218045112781954,0.35,0.0,0.05,5,1,0.005,100,1.0,1.0,0.06022837886974031,0.5191468854156047,0.0
1998-09-01,1998,1997,20,0.3150665815297857,0.09926695079686512,0.26889434903860093,-0.19418888176679827,-32.73969926823381,-0.18359674121390207,0.5,0.30151134457776363,0.01,5,5,0.001,100,1.0,1.0,0.05428736801424916,0.5393296891857375,0.0
1998-10-01,1998,1997,20,0.30272920600655534,0.0916449721693594,0.2643390962481499,-0.1024959057968049,-6.901091541216197,-0.20233171795659358,0.85,,0.05,1,1,0.001,300,1.0,1.0,0.07978379701167149,0.4173732866387119,0.0
1998-11-02,1998,1997,20,0.3057043474202587,0.09345514803164623,0.26273107826709746,-0.12427245752356342,-27.161566487820085,-0.06624190033132644,0.75,0.0,0.005,1,1,0.001,200,1.0,1.0,-0.014915956402773656,0.3352175293725883,0.0
1998-12-01,1998,1997,20,0.2861225700931968,0.08186612511673631,0.2473698323965073,0.015144359497908821,-52.21283713123702,0.18134287302314311,0.8,0.5773502691896257,0.05,2,1,0.001,100,1.0,1.0,-0.11067821635002906,0.3682735626662235,0.0
1999-01-04,1999,1998,20,0.3024603799054773,0.09148228141256566,0.2566833925247193,-0.10053872376018824,-28.753856974175875,-0.530537737464562,0.8,0.0,0.005,1,10,0.001,100,1.0,1.0,-0.05526138003768488,0.6702296336660369,0.0
1999-02-01,1999,1998,20,0.3048704350630259,0.0929459821755187,0.2599266833066941,-0.11814715399120246,-83.5417652147327,0.23069739598748434,0.45,0.0,0.005,1,1,0.001,100,1.0,1.0,-0.17822411036325203,0.3670882511421718,0.0
1999-03-01,1999,1998,20,0.3185761237956129,0.10149074665263766,0.27253008633852,-0.220941313114438,-47.720488148558466,-0.1799022599509448,0.75,0.46770717334674267,0.005,10,5,0.001,100,1.0,1.0,0.03273790424601375,0.6494504716460712,0.0
1999-04-01,1999,1998,20,0.28973567053988786,0.08394675878319845,0.24877689599990843,-0.009885819948251884,-30.52072671669965,0.30647625117536215,0.55,0.0,0.005,10,1,0.005,100,1.0,1.0,-0.12598435920177398,0.6286944404329777,0.0
1999-05-03,1999,1998,20,0.3675428431358364,0.13508774154037403,0.32048686772584917,-0.625115687703748,-67.98261931575028,-0.452902438464911,0.45,0.3960590171906697,0.01,1,1,0.001,300,1.0,1.0,0.13582439166688498,0.6997056510777621,0.0
1999-06-01,1999,1998,20,0.2751588684545887,0.07571240288920963,0.23346472203731533,0.08917410058093667,-18.83194037516763,0.5473068429301267,0.8,0.0,0.005,10,1,0.001,300,1.0,1.0,-0.04996159628608665,0.4913849867812077,0.0
1999-07-01,1999,1998,20,0.3047229053338224,0.0928560490350857,0.2607157504558563,-0.1170652515499031,-89.23545436186392,-0.2004400111528008,0.3,0.0,0.005,1,1,0.001,100,1.0,1.0,-0.1400838659723893,0.7828082056210984,0.0
1999-08-02,1999,1998,20,0.28579822895185386,0.08168062767201628,0.24418542087078093,0.01737590770506725,-41.37451359278675,0.25527137382911,0.7,0.5345224838248488,0.005,10,1,0.01,100,1.0,1.0,-0.054781804800627665,0.8775820709665377,0.0
1999-09-01,1999,1998,20,0.3449922456939278,0.11901964958893943,0.3015741738677025,-0.43181533340077505,-59.655127625011765,-0.5859346033018082,0.2,0.2,0.005,5,3,0.01,100,1.0,1.0,-0.021121263608048668,0.5947287650402138,0.0
1999-10-01,1999,1998,20,0.30810732589972384,0.09493012427307865,0.27038417607545856,-0.1420165326084648,-11.04241669113143,-0.1807912810485162,0.6,0.6262242910851494,0.05,1,10,0.001,200,1.0,1.0,0.1809135848250053,0.5925534651105085,0.0
1999-11-01,1999,1998,20,0.2940555037440902,0.08646863928219065,0.25199050098657605,-0.04022423196620317,-52.05375070691504,0.019593117138249058,0.45,0.28867513459481287,0.01,1,10,0.001,300,1.0,1.0,0.05941599675352194,0.4484564300391878,0.0
1999-12-01,1999,1998,20,0.2835512887621223,0.08040133335866047,0.23923519045114516,0.03276591448228017,-17.879501079847028,0.14898424082111725,0.55,0.4264014327112209,0.005,2,10,0.001,200,1.0,1.0,0.039509479713706885,0.5851315060338779,0.0
2000-01-03,2000,1999,20,0.3051347425064448,0.09310721108447438,0.25415504693984986,-0.1200867498884135,-27.59426640151853,-0.2536389299120253,0.5,0.0,0.01,1,1,0.001,100,1.0,1.0,-0.09095216722203303,1.0743551763408186,0.0
2000-02-01,2000,1999,20,0.24407299511621636,0.05957162694500058,0.2134086352586746,0.283348848781948,-15.533041968657578,0.4992475541259585,0.6,0.649519052838329,0.05,1,1,0.001,100,1.0,1.0,0.18066182825751376,0.7423490996141655,0.0
2000-03-01,2000,1999,20,0.2911978908477885,0.08479621163420056,0.2524257433414459,-0.020104801614442946,-10.374000518850398,0.29671138515103207,0.85,0.0,0.005,2,10,0.001,100,1.0,1.0,-0.0969722415938159,0.5786780457174632,0.0
2000-04-03,2000,1999,20,0.32059360708875434,0.1027802609061786,0.26499989032745364,-0.23645426654049428,-31.8550513784567,-0.2690466380364658,0.3,0.32659863237109044,0.01,1,10,0.001,200,1.0,1.0,0.24430085972402682,0.45492232328244897,0.0
2000-05-01,2000,1999,20,0.302931028676749,0.09176720813515331,0.25730254769325256,-0.1039664136559797,-24.06837501827949,-0.07008766440504624,0.45,0.0,0.005,1,1,0.001,100,1.0,1.0,-0.11100741020014215,0.4626232918345497,0.0
2000-06-01,2000,1999,20,0.30121460072418843,0.09073023568943227,0.25585628509521485,-0.09149155716610258,-43.986170017384794,0.20974272640116867,0.75,0.0,0.05,2,5,0.001,300,1.0,1.0,-0.16283677605171754,0.3685631908302488,0.0
2000-07-03,2000,1999,20,0.2994281420331333,0.08965721224141422,0.2556942027807236,-0.07858300440799071,-64.0096910165279,-0.029281035666767954,0.45,0.0,0.005,1,1,0.001,100,1.0,1.0,-0.09319709260211839,0.08900277863787977,0.0
2000-08-01,2000,1999,20,0.3093600227420176,0.09570362367094168,0.2645626273751259,-0.1513217885226068,-24.953740552904158,-0.04210526315789473,0.45,0.42640143271122083,0.05,5,3,0.001,200,1.0,1.0,0.17159701377592407,0.5714856237904457,0.0
2000-09-01,2000,1999,20,0.30677285159761186,0.0941095824773304,0.2664043408632279,-0.1321453531107415,-18.352379066061694,-0.019675019181970656,0.6,0.0,0.005,10,3,0.001,100,1.0,1.0,-0.06552921757625585,0.7644585331482925,0.0
2000-10-02,2000,1999,20,0.30314561136308976,0.09189726168870145,0.2581948614120483,-0.10553096768362646,-26.191091466922614,0.2649064714130087,0.45,0.0,0.005,1,1,0.001,200,1.0,1.0,-0.025963731715187954,0.5434035683566641,0.0
2000-11-01,2000,1999,20,0.279072187143466,0.0778812856370377,0.2325370970368385,0.06308227805067412,-27.320265684394567,0.2736570574513975,0.65,0.6030226891555273,0.005,2,3,0.001,100,1.0,1.0,-0.0310843022884979,0.656714899877937,0.0
2000-12-01,2000,1999,20,0.32589381152151553,0.10620677638802108,0.2762022769451141,-0.27767550541980235,-34.26556749552615,-0.15789473684210525,0.45,0.28284271247461906,0.05,5,1,0.001,200,1.0,1.0,0.12460413181130547,0.6934036490798394,0.0
2001-01-02,2001,2000,20,0.3005842989940521,0.0903509208017457,0.2562031215429306,-0.0869283705473165,-15.196334969002166,0.570672505863777,0.5,0.0,0.05,1,10,0.001,300,1.0,1.0,0.17772868507219097,0.664248786345688,0.0
2001-02-01,2001,2000,20,0.3091299980361332,0.09556135568581972,0.2659790274500847,-0.14961029396474856,-20.183186826135383,-0.24595714413310815,0.25,0.3429971702850177,0.01,2,5,0.001,100,1.0,1.0,0.0909580568470798,0.3767734539212321,0.0
2001-03-01,2001,2000,20,0.3350094510402984,0.1122313322863221,0.28131723016500476,-0.35015136585049134,-28.624642131951727,-0.09853329015730022,0.4,0.5423261445466404,0.05,5,1,0.001,300,1.0,1.0,0.17925834323498535,0.5608906757475282,0.0
2001-04-02,2001,2000,20,0.2973452650688973,0.0884142066588928,0.25911395817995075,-0.0636295537911915,-16.614742723990517,-0.3142456429070692,0.75,0.0,0.05,1,1,0.001,100,1.0,1.0,-0.04547772045891518,0.5651684299019777,0.0
2001-05-01,2001,2000,20,0.28753520497288076,0.08267649409879656,0.24845824927091598,0.005395559713725739,-187.4787882591667,0.22004577709110484,0.45,0.38188130791298663,0.005,5,3,0.01,100,1.0,1.0,-0.018360235336768227,0.548977067622606,0.0
2001-06-01,2001,2000,20,0.30031173476477396,0.09018713803742795,0.2546025508642197,-0.08495805157808078,-69.32274951778348,-0.1902379462422684,0.45,0.0,0.005,1,10,0.001,300,1.0,1.0,-0.0432194088581499,0.4788543664561909,0.0
2001-07-02,2001,2000,20,0.28741065954706163,0.08260488722127698,0.25609596848487853,0.006256995834261869,-53.37182803579372,0.33082706766917286,0.5,0.4923659639173309,0.05,10,5,0.001,100,1.0,1.0,0.3567866004091256,0.5108261961514153,0.0
2001-08-01,2001,2000,20,0.29163794499812973,0.08505269096273214,0.25013696968555454,-0.023190267220837724,-33.50340769026551,0.24468207474220094,0.15,0.0,0.005,1,10,0.001,100,1.0,1.0,-0.07277507103748815,0.523997869769019,0.0
2001-09-04,2001,2000,20,0.28924095559900487,0.0836603303958255,0.2456059142947197,-0.006440064912186516,-34.11579512311915,0.08460756551163312,0.55,0.5,0.005,1,5,0.001,200,1.0,1.0,0.022735283571567844,0.3425357815767546,0.0
2001-10-01,2001,2000,20,0.29408583185946807,0.08648647650047532,0.2373478144407272,-0.04043881504331215,-15.991305221359326,0.0,0.6,0.0,0.05,2,5,0.005,300,1.0,1.0,0.15448760776418924,0.599601678709657,0.0
2001-11-01,2001,2000,20,0.30503977879009125,0.09304926664430782,0.26037183463573454,-0.11938967391648503,-35.960648979670225,-0.07596841454875819,0.65,0.0,0.01,10,3,0.005,200,1.0,1.0,0.22216171684917818,0.5500064276980832,0.0
2001-12-03,2001,2000,20,0.2970757622599905,0.08825400852235439,0.25448278546333314,-0.061702358163661986,-90.2232444704046,0.06242948918363297,0.6,0.0,0.005,10,1,0.01,100,1.0,1.0,-0.10187091522218905,0.7186492286130824,0.0
2002-01-02,2002,2001,20,0.3029267169633787,0.09176459585021093,0.24945114403963084,-0.10393498767171039,-95.05745853924545,-0.05563909774436089,0.4,0.3779644730092272,0.01,2,1,0.001,300,1.0,1.0,0.16804279833129998,0.7652861945441725,0.0
2002-02-01,2002,2001,20,0.2818624539486597,0.07944644294596032,0.25162064760923386,0.04425331794333465,-47.129662897757804,0.41353383458646614,0.65,0.6629935441317959,0.005,2,5,0.001,300,1.0,1.0,0.0525213502769768,0.5305378573330384,0.0
2002-03-01,2002,2001,20,0.2763060742786739,0.07634504668329203,0.22539277583360673,0.08156334817092303,-74.43253736469819,0.33684210526315783,0.7,0.6963106238227913,0.005,5,1,0.01,200,1.0,1.0,0.14655783219941154,0.7867066681871017,0.0
2002-04-01,2002,2001,20,0.3673503432096063,0.13494627465621556,0.31281129688024517,-0.6234138304507133,-31.73408670198313,-0.6709289680939832,0.2,0.0,0.01,2,5,0.001,100,1.0,1.0,0.0642682186549769,0.7339348324138095,0.0
2002-05-01,2002,2001,20,0.30521047042389005,0.09315343125637227,0.25838259667158125,-0.1206427820315461,-114.5289140482319,0.21215735954771497,0.5,0.5455447255899809,0.005,10,1,0.01,200,1.0,1.0,0.13594839840387563,0.4980966296939242,0.0
2002-06-03,2002,2001,20,0.2774810391827104,0.07699572710591686,0.22648015320301057,0.07373561376340643,-31.50557921314219,0.3458938756329353,0.65,0.6614378277661477,0.05,1,5,0.001,100,1.0,1.0,0.16605075325457153,0.897072204583824,0.0
2002-07-01,2002,2001,20,0.29621659447759974,0.08774427084390676,0.24412297457456583,-0.055570175565795576,-50.1505240497732,0.10827067669172932,0.5,0.5345224838248488,0.005,5,3,0.01,100,1.0,1.0,0.002321224597842453,0.5124040691055303,0.0
2002-08-01,2002,2001,20,0.3141084676283957,0.09866412943585894,0.26853631287813184,-0.18693689546897962,-40.390699865443715,-0.0706766917293233,0.65,0.6324555320336759,0.005,10,5,0.01,300,1.0,1.0,0.2979169320909345,0.5359815043804144,0.0
2002-09-03,2002,2001,20,0.2771656536028445,0.07682079953709199,0.2337245953083038,0.0758400055688182,-44.734525795449606,0.48579593094632056,0.15,0.0,0.005,1,1,0.001,100,1.0,1.0,-0.08233234311409543,0.5121382683701848,0.0
2002-10-01,2002,2001,20,0.3082217825960249,0.09500066726667125,0.2718133312463761,-0.14286517012536848,-11.403315741748534,-0.33786110966181865,0.75,0.0,0.005,1,10,0.001,200,1.0,1.0,-0.019633945556808197,0.5999725968790077,0.0
2002-11-01,2002,2001,20,0.286391775273267,0.08202024894417345,0.2446443855762482,0.01329023826558251,-33.55180111334209,0.02345867671696502,0.5,0.0,0.01,1,10,0.001,200,1.0,1.0,0.04445092471264889,0.5797238748318563,0.0
2002-12-02,2002,2001,20,0.30466174749801606,0.09281878038854488,0.25956890344619754,-0.11661690692986326,-54.645809896152244,0.7180928039298063,0.15,0.0,0.005,1,1,0.001,100,1.0,1.0,-0.18909985055717438,0.5752692164632522,0.0
2003-01-02,2003,2002,20,0.3270017310645954,0.10693013211924199,0.276879808306694,-0.2863775292540389,-100.75934562329569,-0.5233082706766917,0.15,,0.005,5,10,0.01,200,1.0,1.0,0.13586153578098004,0.922081777766923,0.0
2003-02-03,2003,2002,20,0.37447545304184204,0.14023186493089285,0.2919529138505459,-0.6869998788678835,-118.09456902654442,-0.2526315789473684,0.45,0.46770717334674267,0.05,10,1,0.005,300,1.0,1.0,0.2156366642686246,0.4321514046650674,0.0
2003-03-03,2003,2002,20,0.2952851145710939,0.08719329888726407,0.251926953792572,-0.04894194150092113,-129.1033349391908,0.33366408126786634,0.8,0.0,0.05,2,3,0.005,300,1.0,1.0,0.03425140753987421,0.9111818576427332,0.0
2003-04-01,2003,2002,20,0.24726675455108654,0.06114084790622728,0.19661088079214098,0.2644710026318523,-37.61215317538123,0.5909774436090225,0.7,0.6123724356957945,0.005,5,10,0.001,300,1.0,1.0,0.05407738255744321,0.7947127630697768,0.0
2003-05-01,2003,2002,20,0.2832432081561241,0.08022671496657344,0.23720780134201053,0.03486658686828947,-68.50699117142742,0.1609022556390977,0.6,0.5929994533288809,0.005,10,1,0.01,300,1.0,1.0,0.20036952960136978,0.5823419216259247,0.0
2003-06-02,2003,2002,20,0.2809183642545399,0.07891512737544638,0.2242679515480995,0.05064508420515634,-70.86921120677398,0.31127819548872177,0.6,0.5929994533288809,0.01,2,10,0.001,300,1.0,1.0,0.3020917564739921,0.5997987017172871,0.0
2003-07-01,2003,2002,20,0.2960022873217186,0.08761735409968927,0.2673918721079826,-0.05404335759024681,-56.42509609223869,-0.05864661654135337,0.35,0.3227486121839514,0.01,1,5,0.001,200,1.0,1.0,0.10787040485237787,0.6098119877645127,0.0
2003-08-01,2003,2002,20,0.281439238629457,0.07920804504032847,0.22352906167507172,0.04712126267274008,-115.6964708735718,0.2358709870873829,0.65,0.6356417261637283,0.01,1,1,0.001,300,1.0,1.0,0.3034945437640484,0.600933515873386,0.0
2003-09-02,2003,2002,20,0.2994390062509242,0.08966371846454099,0.2578168600797653,-0.0786612747613955,-196.25155303488788,-0.027108464477427614,0.35,0.33149677206589795,0.005,10,3,0.001,100,1.0,1.0,-0.05292771976352051,0.6072949083613841,0.0
2003-10-01,2003,2002,20,0.2591887188731814,0.06717879199112106,0.21989471942186353,0.19183408130982182,-86.56896741915506,0.4781954887218045,0.7,0.6900655593423543,0.005,5,5,0.01,300,1.0,1.0,0.1255099293994354,0.6629793716750478,0.0
2003-11-03,2003,2002,20,0.30516712643355964,0.09312697505571618,0.26017051696777344,-0.12032451194846527,-291.8499622060745,-0.22732419458236544,0.4,0.0,0.005,10,5,0.01,100,1.0,1.0,-0.07681640088498276,0.48376592835108445,0.0
2003-12-01,2003,2002,20,0.2639867322931512,0.0696889948268159,0.21310531497001645,0.16163615245935758,-56.39468923866179,0.4240601503759398,0.65,0.48507125007266594,0.005,10,1,0.01,200,1.0,1.0,0.33049207229466093,0.6049604532983934,0.0
2004-01-02,2004,2003,20,0.30419933516669023,0.09253723551585635,0.25954898357391354,-0.11322990094263297,-227.65305827415648,0.026233209120365582,0.8,0.0,0.005,5,5,0.001,100,1.0,1.0,-0.0670900261973888,0.8931948668839343,0.0
2004-02-02,2004,2003,20,0.3229259626924501,0.10428117738084566,0.2740721833705902,-0.2545104045816018,-201.3658218151525,-0.3507224983714072,0.65,0.0,0.005,1,10,0.001,200,1.0,1.0,-0.027981201831257296,0.5915915061584449,0.0
2004-03-01,2004,2003,20,0.3098105249291267,0.09598256135686105,0.2608488118648529,-0.15467742985697508,-213.6201933314182,-0.282913739025827,0.25,0.0,0.01,5,1,0.01,100,1.0,1.0,0.00502622405321862,0.5798787817442531,0.0
2004-04-01,2004,2003,20,0.30517477976577756,0.09313164620509085,0.2600252723693847,-0.12038070622665664,-190.65304211131266,-0.49782069660457146,0.45,0.0,0.005,1,10,0.001,100,1.0,1.0,-0.12835258505340197,0.4732144097777578,0.0
2004-05-03,2004,2003,20,0.28967530761518423,0.08391178384195161,0.26152028501033786,-0.009465068775357688,-220.85837272274088,0.14736842105263157,0.5,0.408248290463863,0.05,2,10,0.001,300,1.0,1.0,0.08246040199160054,0.5171300126756138,0.0
2004-06-01,2004,2003,20,0.2927971430813003,0.08573016699657142,0.2562220078706742,-0.031340354845972085,-227.84727136890277,-0.07494496421933577,0.5,0.0,0.01,1,1,0.001,100,1.0,1.0,-0.04538876266612424,0.6030336275473699,0.0
2004-07-01,2004,2003,20,0.2823066208861593,0.07969702819616167,0.2430847597122192,0.04123875854241599,-107.72816813100904,0.13920244723185196,0.6,0.628970902033151,0.05,1,3,0.001,300,1.0,1.0,0.1121494975192503,0.5114794830531169,0.0
2004-08-02,2004,2003,20,0.27079625363039567,0.07333061098025759,0.2377995148301125,0.11782723632772829,-109.58795682746583,0.5184350602310596,0.75,0.5345224838248488,0.005,1,1,0.001,300,1.0,1.0,0.05509099998720157,0.3123260831572088,0.0
2004-09-01,2004,2003,20,0.29353116803742035,0.0861605466094123,0.24822678089141847,-0.036517853947817036,-67.30367315569377,0.11856440163131389,0.45,0.0,0.005,1,1,0.001,100,1.0,1.0,-0.06812080012780886,0.495203673196755,0.0
2004-10-01,2004,2003,20,0.30382837250412625,0.0923116799385061,0.25249262005090717,-0.11051645038804314,-175.5041797624209,0.10075187969924812,0.45,0.42640143271122083,0.05,2,5,0.001,300,1.0,1.0,0.35488527872050757,0.6448694929914283,0.0
2004-11-01,2004,2003,20,0.27797011914236164,0.07726738713601872,0.238415305018425,0.07046752317571459,-209.24858312206382,0.5549725112224598,0.7,0.0,0.005,1,1,0.001,100,1.0,1.0,-0.07292818805055101,0.4011203398701217,0.0
2004-12-01,2004,2003,20,0.3186607225905648,0.10154465612194093,0.28204953163862234,-0.22158984808349969,-167.67410007404834,-0.4100828850884288,0.6,0.38297084310253526,0.01,2,10,0.001,100,1.0,1.0,-0.0015174980712970854,0.25269205208100787,0.0
2005-01-03,2005,2004,20,0.3018266116768117,0.09109930351630487,0.25510753750801085,-0.09593147087284049,-151.77048004586212,0.12301974382471893,0.25,0.0,0.01,10,1,0.005,200,1.0,1.0,0.08333937965894112,0.38721252407458095,0.0
2005-02-01,2005,2004,20,0.30256505855056487,0.09154561465570675,0.25872225224971773,-0.10130062743707358,-85.64490807370389,-0.057497607435580855,0.5,0.0,0.005,2,10,0.001,100,1.0,1.0,-0.14812796748255552,0.5791825772865605,0.0
2005-03-01,2005,2004,20,0.2870274297497136,0.08238474542872679,0.2547661617398262,0.008905318150655317,-119.77613563786008,0.0680281631062851,0.2,0.24253562503633297,0.005,1,5,0.001,300,1.0,1.0,0.03523621484057671,0.6078267967359487,0.0
2005-04-01,2005,2004,20,0.2801631505241722,0.07849139091162996,0.2431190919876099,0.055742665724752394,-114.70681251777374,0.42663668962410844,0.7,0.5,0.005,5,1,0.001,100,1.0,1.0,0.02067058310194614,0.5169494112746362,0.0
2005-05-02,2005,2004,20,0.28818062356258745,0.08304807179692174,0.2542735010385514,0.0009254520671070354,-103.51230981364107,0.03611739171421024,0.75,0.6373774391990981,0.01,1,10,0.001,200,1.0,1.0,0.010529871779113575,0.4841985342682736,0.0
2005-06-01,2005,2004,20,0.29735007435398925,0.08841706671832292,0.2429171964526177,-0.06366396052117773,-276.52532296960584,0.28872180451127816,0.45,0.43204937989385733,0.05,10,1,0.001,300,1.0,1.0,0.23038238443134207,0.766333116962571,0.0
2005-07-01,2005,2004,20,0.293784628143159,0.0863094077332142,0.25369616508483883,-0.0383086644597197,-160.19989780446886,0.08457135891740768,0.75,0.0,0.01,2,5,0.001,300,1.0,1.0,0.07044244098481445,0.6602297206323668,0.0
2005-08-01,2005,2004,20,0.3049823453175496,0.09301423095539305,0.2648786783218384,-0.1189681919445782,-204.04609519638186,-0.11409280022615137,0.2,0.0,0.005,2,10,0.001,300,1.0,1.0,0.008514561057665793,0.5473296589350323,0.0
2005-09-01,2005,2004,20,0.3160339974802416,0.09987748756334135,0.26876077175140384,-0.20153368497252733,-297.5862812197258,-0.2955998704719006,0.6,0.5196152422706632,0.01,2,1,0.005,300,1.0,1.0,0.19376183730819663,0.6469884232678489,0.0
2005-10-03,2005,2004,20,0.2969635353952953,0.08818734135447279,0.25181244254112245,-0.06090034712147707,-96.36824534704182,0.13549124180405886,0.6,0.0,0.005,5,3,0.001,100,1.0,1.0,-0.13137446418338472,0.5388328877893196,0.0
2005-11-01,2005,2004,20,0.3250977825628857,0.1056885682273053,0.2765568003058433,-0.2714414222833721,-66.19614869167953,-0.4677742684043098,0.75,0.0,0.05,1,1,0.001,300,1.0,1.0,0.12532799384953752,0.5734737229274366,0.0
2005-12-01,2005,2004,20,0.30340666152262824,0.0920556022563067,0.26941303133964545,-0.10743581661722357,-178.82650083634547,-0.1595666582383537,0.25,0.0,0.005,1,1,0.001,100,1.0,1.0,-0.0814260076466129,0.5382803641073112,0.0
2006-01-03,2006,2005,20,0.2853383554094805,0.081417977067787,0.24184568226337433,0.020535614222111254,-85.85052832058949,0.1050160174984734,0.35,0.0,0.01,1,1,0.001,100,1.0,1.0,-0.011441508707739523,0.5155544669259932,0.0
2006-02-01,2006,2005,20,0.31499288718863494,0.0992205189794321,0.2683845469355583,-0.19363030351196509,-299.3030485155542,-0.0940203150355918,0.6,0.45643546458763845,0.01,5,1,0.01,200,1.0,1.0,0.06068151547293943,0.49404914290806756,0.0
2006-03-01,2006,2005,20,0.282239367617299,0.07965906063301285,0.24824131786823272,0.04169551118180015,-354.1503706930381,0.27365342146506333,0.5,0.0,0.005,2,1,0.001,100,1.0,1.0,-0.008931926750902708,0.5007006640315217,0.0
2006-04-03,2006,2005,20,0.30224388415092046,0.09135136550663503,0.2571517443656921,-0.09896379556854162,-135.83327245517327,0.15402380569914842,0.55,0.0,0.005,1,1,0.001,100,1.0,1.0,-0.12919139291451698,0.8991962409860595,0.0
2006-05-01,2006,2005,20,0.2919386415323237,0.0852281704197386,0.25422338068485256,-0.025301298282569773,-162.55910606944514,0.05358528718745427,0.55,0.6324555320336759,0.05,1,10,0.001,200,1.0,1.0,0.08227056970268398,0.4768392142061243,0.0
2006-06-01,2006,2005,20,0.2972862130267745,0.08837909245580075,0.25092810809612276,-0.06320712728782851,-284.328824333094,-0.011385711699531493,0.35,0.4,0.05,1,10,0.001,300,1.0,1.0,0.064738517103344,0.5082434416651309,0.0
2006-07-03,2006,2005,20,0.3178735462975761,0.10104359143579725,0.28220318019390106,-0.21556200223515498,-95.94589399205141,-0.5414805934077483,0.45,0.0,0.005,1,10,0.001,300,1.0,1.0,0.05844810080667806,0.5097214063684674,0.0
2006-08-01,2006,2005,20,0.28568831386827476,0.08161781268089786,0.24468028962612148,0.018131576771153735,-52.164035456286705,0.2569712670824204,0.75,0.0,0.005,10,3,0.001,200,1.0,1.0,-0.008145717526023999,0.4391770386575611,0.0
2006-09-01,2006,2005,20,0.3263289601717324,0.10649059024676413,0.28372848451137545,-0.28108980747986934,-281.83928746829963,-0.22556390977443608,0.8,0.0,0.005,5,1,0.01,100,1.0,1.0,-0.023332050620404443,0.5941289572864137,0.0
2006-10-02,2006,2005,20,0.30624927162461435,0.09378861637060683,0.25953669011592867,-0.1282841067140672,-143.2395470086073,-0.15779675496609405,0.85,0.0,0.005,5,10,0.001,100,1.0,1.0,-0.05254877899813426,0.46874035646166123,0.0
2006-11-01,2006,2005,20,0.30047008077812926,0.09028226944281552,0.25605245292186735,-0.08610248953763033,-163.69581245452775,0.03314506819222797,0.6,0.0,0.005,5,5,0.001,200,1.0,1.0,-0.05524756529185648,0.46934709984403156,0.0
2006-12-01,2006,2005,20,0.28368520502106304,0.08047729554784255,0.23936745226383205,0.031852083634976824,-142.04978295683605,0.1330328522967353,0.6,0.38297084310253526,0.01,1,1,0.001,200,1.0,1.0,0.1270177425094875,0.49539344385858736,0.0
2007-01-03,2007,2006,20,0.30163777452433355,0.0909853470199927,0.26022305250167843,-0.09456056565404758,-251.55896347305463,0.04162023288493793,0.6,0.0,0.005,5,10,0.001,300,1.0,1.0,0.028919016153519772,0.8685168790599821,0.0
2007-02-01,2007,2006,20,0.27689298623288483,0.07666972582496455,0.24560953289270399,0.07765743368463707,-184.61426834280275,0.33258098203501935,0.25,0.45883146774112354,0.005,10,1,0.001,300,1.0,1.0,0.06646650246226371,0.5748134777550401,0.0
2007-03-01,2007,2006,20,0.3000228699285824,0.09001372248018306,0.25683704525232315,-0.08287184938566106,-281.4670489022442,0.0007521625202847345,0.6,0.4494665749754947,0.005,10,3,0.001,100,1.0,1.0,0.05303404024937364,0.45341908069714354,0.0
2007-04-02,2007,2006,20,0.29420341248110365,0.08655564791552642,0.2534489524364471,-0.041270952367235214,-88.75210349092193,0.047989254805847294,0.95,0.0,0.005,1,1,0.001,100,1.0,1.0,-0.0710088532892359,0.6747199757577904,0.0
2007-05-01,2007,2006,20,0.30248039960965994,0.09149439214801958,0.2624289047718048,-0.10068441681828055,-174.33520889690743,-0.4085009975697487,0.85,0.0,0.005,1,1,0.001,100,1.0,1.0,-0.08766496199113427,0.5295302568387457,0.0
2007-06-01,2007,2006,20,0.31601470554264355,0.09986529411920372,0.2634522196650505,-0.2013869969227513,-189.6492130257671,-0.060150375939849614,0.5,0.5345224838248488,0.05,2,10,0.001,100,1.0,1.0,0.19498088407989456,0.5747442350045562,0.0
2007-07-02,2007,2006,20,0.3386885356688167,0.11470992419348731,0.28688974618911744,-0.37996901285398255,-134.93972346456962,-0.29774436090225564,0.35,0.36313651960128146,0.005,5,1,0.001,300,1.0,1.0,0.28595439583114945,0.7662541434162364,0.0
2007-08-01,2007,2006,20,0.293059800330468,0.08588404656973378,0.24899449050426484,-0.03319153768100769,-164.50964638728425,-0.12514696734999758,0.7,0.0,0.01,1,1,0.001,100,1.0,1.0,-0.0028834427852764133,0.7383247470610349,0.0
2007-09-04,2007,2006,20,0.3052249358025828,0.09316226143569081,0.2601119375228882,-0.12074900975267155,-185.5728922261788,-0.37485725492591593,0.7,0.0,0.005,2,10,0.001,100,1.0,1.0,-0.1759278363169563,0.8273255567601235,0.0
2007-10-01,2007,2006,20,0.305147609387993,0.09311506351520715,0.2536335697770119,-0.12018121522053704,-47.29920283161075,0.1518796992481203,0.65,0.6356417261637282,0.01,10,1,0.001,300,1.0,1.0,0.2060327371675077,0.665506803560801,0.0
2007-11-01,2007,2006,20,0.3023235803264228,0.09139954722138703,0.2553522086143493,-0.09954342521969384,-99.7936685191229,-0.11508086560356438,0.45,0.0,0.005,10,5,0.001,100,1.0,1.0,-0.08059883419359282,0.5128269511219103,0.0
2007-12-03,2007,2006,20,0.4063848738492595,0.16514866569347852,0.3403076273202896,-0.9867508654854558,-169.74827346141686,-0.57325902032467,0.3,0.0,0.005,5,1,0.01,300,1.0,1.0,0.23664835336663115,0.5419595017097523,0.0
2008-01-02,2008,2007,20,0.30088414493757165,0.09053126867481363,0.25299006402492524,-0.08909796902031442,-35.83306006589066,-0.014377898632978559,0.25,0.0,0.005,2,5,0.001,100,1.0,1.0,-0.07243386100770377,0.6687008971406037,0.0
2008-02-01,2008,2007,20,0.297083057860534,0.08825834326776541,0.2533920639753342,-0.061754505476876886,-48.17962744769167,-0.04454549542105047,0.3,0.3535533905932738,0.005,1,10,0.001,200,1.0,1.0,-0.010724467089584078,0.6761589967955719,0.0
2008-03-03,2008,2007,20,0.3045475295350672,0.09274919774591263,0.2594941383600235,-0.11577982250721952,-78.82543563415294,0.46627352205862,0.6,0.0,0.005,5,10,0.001,100,1.0,1.0,-0.2480934814422926,0.5989894268936015,0.0
2008-04-01,2008,2007,20,0.33335555717363063,0.11112592749854171,0.27619249582290645,-0.33685326314035136,-37.393824394700125,-0.14021910851928865,0.4,0.3535533905932738,0.05,1,1,0.001,300,1.0,1.0,0.05508236353215901,0.5789087981544798,0.0
2008-05-01,2008,2007,20,0.27821172906837205,0.07740176619121326,0.2412053188681603,0.06885093303803602,-52.664862302213905,0.2857142857142857,0.35,0.4,0.05,10,5,0.005,100,1.0,1.0,0.15557174208283364,0.3274425147072827,0.0
2008-06-02,2008,2007,20,0.27283263026871324,0.0744376441393444,0.23807331025600434,0.10450954418833813,-24.462363244359757,0.3595131062054476,0.25,0.45883146774112354,0.01,1,1,0.001,200,1.0,1.0,-0.007527061450102623,0.4707145468106613,0.0
2008-07-01,2008,2007,20,0.2749108772827343,0.07557599044836259,0.24134004116058344,0.09081515250090111,-20.920023668885225,0.41669803623774293,0.55,0.3178208630818641,0.01,5,10,0.001,100,1.0,1.0,0.10991906719776545,0.5276541454777859,0.0
2008-08-01,2008,2007,20,0.2929457439752403,0.08581720891320704,0.25170013189315793,-0.03238747564760369,-66.96663742802224,0.08721804511278194,0.55,0.5135525910130955,0.01,2,5,0.001,200,1.0,1.0,0.026456015843118963,0.6331394092604407,0.0
2008-09-02,2008,2007,20,0.3050538789392257,0.09305786905586778,0.25984600543975833,-0.11949316157434908,-10.141351203034798,-0.10026572310543348,0.3,0.0,0.01,2,1,0.001,300,1.0,1.0,-0.20124910852996125,0.5739866102586182,0.0
2008-10-01,2008,2007,20,0.24207943305827848,0.058602451909817534,0.21548325926065445,0.29500809732550337,-12.20837780231314,0.5695038274936877,0.25,,0.05,2,10,0.001,100,1.0,1.0,0.07902613837415895,0.1934494817363071,0.0
2008-11-03,2008,2007,20,0.2900101928790939,0.08410591197376924,0.24692040398716922,-0.011800444797223753,-16.61611554289858,0.018045112781954885,0.5,0.5773502691896257,0.05,2,3,0.001,200,1.0,1.0,0.2137185247455331,0.48628257751310755,0.0
2008-12-01,2008,2007,20,0.30162277110152164,0.09097629604696092,0.2498888382315636,-0.09445168176795082,-21.629321729648634,-0.03157894736842105,0.65,0.5773502691896257,0.05,1,5,0.001,300,1.0,1.0,0.30075194409136974,0.2891437019149491,0.0
2009-01-02,2009,2008,19,0.34321123178455715,0.11779394962307302,0.2916985412548783,-0.4174538604643121,-17.20293457297852,-0.3701754385964912,0.3684210526315789,0.42008402520840293,0.05,1,10,0.001,200,1.0,1.0,0.3872501423163335,0.7445216531243194,0.0
2009-02-02,2009,2008,19,0.26897127878824534,0.07234554881298401,0.2289212539668228,0.12944189595042588,-19.975223591063468,0.4263157894736842,0.5789473684210527,0.7276068751089989,0.05,2,1,0.005,200,1.0,1.0,0.26088493466608365,0.4141601600638434,0.0
2009-03-02,2009,2008,19,0.30157984439538765,0.09095040254554622,0.2588780000599467,-0.09443651063140623,-6.888752776763225,0.03892494720807615,1.0,,0.005,1,1,0.001,300,1.0,1.0,-0.0827389956802318,0.6968288769227698,0.0
2009-04-01,2009,2008,20,0.29536620823260545,0.08724119696570684,0.25098970204591753,-0.049518158985947025,-18.224558625687855,0.12561114088755065,0.55,0.5318160234783105,0.01,10,5,0.001,300,1.0,1.0,0.3383440215801895,0.531864741788608,0.0
2009-05-01,2009,2008,20,0.3058548977555221,0.09354721848104088,0.2604581958055496,-0.12538007195237144,-32.4396048009644,-0.2903631811066201,0.8,0.0,0.005,1,10,0.001,100,1.0,1.0,-0.13428796990083014,0.7239712348345889,0.0
2009-06-01,2009,2008,20,0.27909013864043597,0.07789130548633778,0.24140807151794436,0.06296173851022224,-120.4615819715081,0.4237287384552383,0.55,0.4264014327112209,0.005,2,3,0.001,100,1.0,1.0,-0.09067961668168611,0.2832189597958234,0.0
2009-07-01,2009,2008,20,0.33134180776620664,0.10978739357377784,0.27130150467157366,-0.3207505993837936,-35.305629457994876,-0.2300751879699248,0.6,0.0,0.05,2,1,0.01,300,1.0,1.0,0.20666792669668677,0.33125238574698057,0.0
2009-08-03,2009,2008,20,0.2992271674038726,0.0895368977125452,0.2625447875261307,-0.077135611579491,-250.7860355817469,0.042200559990074896,0.5,0.0,0.005,5,3,0.001,100,1.0,1.0,-0.06001243371735976,0.5030929678046745,0.0
2009-09-01,2009,2008,20,0.26485445872266355,0.0701478843052751,0.21407784193754198,0.1561156775305249,-35.11180814767669,0.3203007518796992,0.6,0.5590169943749475,0.005,10,5,0.001,300,1.0,1.0,0.19578766515735868,0.5595770873686962,0.0
2009-10-01,2009,2008,20,0.3034975517871721,0.0921107639408072,0.2589280223846436,-0.10809941582925964,-117.5850158366428,0.13674770199251227,0.75,0.0,0.005,5,1,0.001,300,1.0,1.0,0.03747917289957181,0.5561463101612709,0.0
2009-11-02,2009,2008,20,0.36261114427666613,0.1314868419536332,0.29501578032970427,-0.5817965949309254,-77.0960120400117,-0.4330827067669173,0.55,0.0,0.05,2,1,0.005,200,1.0,1.0,0.5953822811128371,0.5104681785250738,0.0
2009-12-01,2009,2008,20,0.3197846656108457,0.1022622323598404,0.2716252401471138,-0.23022234417853116,-182.51600649815884,-0.11127819548872178,0.45,0.42640143271122083,0.01,5,3,0.001,100,1.0,1.0,0.07326629558265885,0.521881392193543,0.0
2010-01-04,2010,2009,20,0.3041028448369455,0.09247854023792335,0.26007112026214596,-0.11252379233592014,-80.22285771574356,0.03724210306960353,0.15,0.0,0.05,5,10,0.001,300,1.0,1.0,0.024142326498944655,0.7945811956255111,0.0
2010-02-01,2010,2009,20,0.3174251748257728,0.10075874161317244,0.288490609228611,-0.21213523745169827,-157.64742865419728,0.12781954887218044,0.55,0.5318160234783105,0.05,2,3,0.001,200,1.0,1.0,0.0783319636947929,0.6431908004440086,0.0
2010-03-01,2010,2009,20,0.3063003769640155,0.09381992092829802,0.25991672337055205,-0.1286607028968183,-91.98295009173695,-0.031277121660197874,0.85,0.0,0.005,10,1,0.01,300,1.0,1.0,0.01574390469505038,0.6847329247872553,0.0
2010-04-01,2010,2009,20,0.2915115698910303,0.08497899538033304,0.24169515669345856,-0.0223037038235554,-130.29354939218538,0.050432851115955246,0.45,0.4242640687119285,0.01,1,10,0.001,300,1.0,1.0,0.06604117791810249,0.7629630760972567,0.0
2010-05-03,2010,2009,20,0.2761869403024527,0.07627922599363059,0.2408089575171471,0.08235517601647424,-48.22815470329912,0.3533834586466165,0.05,,0.01,5,1,0.01,200,1.0,1.0,0.04025751531332766,0.5654380003216463,0.0
2010-06-01,2010,2009,20,0.30796028363627026,0.09483953629733202,0.27100748240947725,-0.14092675244910713,-124.26763675089428,-0.279262503940588,0.15,0.0,0.05,2,10,0.01,300,1.0,1.0,-0.0139318771015835,0.43273548051584165,0.0
2010-07-01,2010,2009,20,0.2999702111588274,0.08998212758267149,0.2536421936750412,-0.08249176039304018,-43.80426077302274,0.14981963322126401,0.95,0.0,0.005,5,1,0.001,100,1.0,1.0,-0.14013160457414653,0.5740088815988825,0.0
2010-08-02,2010,2009,20,0.2785486234410242,0.07758933562088952,0.2420065850019455,0.06659445869606595,-44.32112919326511,0.18051544875386766,0.25,0.3429971702850177,0.01,1,1,0.001,300,1.0,1.0,-0.004690528798125149,0.902708110752562,0.0
2010-09-01,2010,2009,20,0.3025045965983499,0.0915090309631304,0.24782681643962862,-0.10086052286472658,-46.16873436143977,0.17149305462491948,0.65,0.0,0.05,2,1,0.005,300,1.0,1.0,0.2231721168718317,0.6953886317913291,0.0
2010-10-01,2010,2009,20,0.28404161688185114,0.0806796401208563,0.24393999129533767,0.029417863207743977,-59.47392846452909,0.27778733546097606,0.75,0.0,0.01,1,1,0.001,200,1.0,1.0,0.08553501213605086,0.5885412972373727,0.0
2010-11-01,2010,2009,20,0.3375067750328829,0.11391082319309702,0.2836366367340088,-0.37035576773650525,-106.45072748100037,-0.15789473684210525,0.35,0.3450327796711771,0.05,10,5,0.001,100,1.0,1.0,0.12253193671576113,0.6536479373625868,0.0
2010-12-01,2010,2009,20,0.30894666380958147,0.09544804107907054,0.2641816401481628,-0.14824711072566088,-46.710758118235326,-0.5078955323476309,0.85,0.0,0.005,1,1,0.001,100,1.0,1.0,-0.0716964062581753,0.5710320627504022,0.0
2011-01-03,2011,2010,20,0.30243748366138706,0.09146843152343176,0.2571929043531418,-0.10037210855256262,-174.36171966482348,0.066192157265649,0.6,0.0,0.05,2,3,0.01,200,1.0,1.0,-0.19609689513552375,0.5594446458488228,0.0
2011-02-01,2011,2010,20,0.30481375722126164,0.09291142659134222,0.2598535037040711,-0.11773144771539501,-323.5890007402251,0.13246637525672833,0.65,0.0,0.005,2,3,0.001,100,1.0,1.0,-0.12730340685670893,0.24579000227047712,0.0
2011-03-01,2011,2010,20,0.31073366529735846,0.09655541074913078,0.27768205374479293,-0.16156885111736274,-206.47649881112886,-0.25056440501733357,0.4,0.3481553119113957,0.05,1,10,0.001,200,1.0,1.0,0.14512079792598365,0.3131305543421276,0.0
2011-04-01,2011,2010,20,0.27298628803663627,0.07452151345602136,0.23514766931533812,0.10350059000275047,-62.88444657841069,0.27669172932330827,0.8,0.8,0.05,2,3,0.001,200,1.0,1.0,0.1437054562593365,0.3519588778327531,0.0
2011-05-02,2011,2010,20,0.3053556787086914,0.09324209051964556,0.26032921731472014,-0.12170935963483376,-352.2224313505453,-0.6107639326725458,0.3,0.0,0.005,1,1,0.001,100,1.0,1.0,-0.16236196437283068,0.5819029570326779,0.0
2011-06-01,2011,2010,20,0.3111825170134737,0.09683455889484087,0.2668861326575279,-0.16492702429883765,-405.0035248930941,-0.20505159955508875,0.45,0.28426762180748055,0.01,2,5,0.001,100,1.0,1.0,0.053894310895763464,0.3400350280361004,0.0
2011-07-01,2011,2010,20,0.281491009914137,0.07923718866248078,0.24167062282562254,0.046770662706998256,-65.27568946844517,0.2646616541353383,0.55,0.6614378277661477,0.01,2,3,0.001,300,1.0,1.0,0.21701205540921298,0.6432729463236554,0.0
2011-08-01,2011,2010,20,0.3039360654969099,0.0923771319097419,0.25912914633750916,-0.11130384252321068,-73.53472840942061,0.6371930928643098,0.25,0.0,0.005,1,1,0.001,100,1.0,1.0,-0.15108109038181272,0.610197201469159,0.0
2011-09-01,2011,2010,20,0.2839553472942837,0.08063063925701726,0.2421580931544304,0.030007347284003005,-60.64730711073442,0.11350972604983073,0.4,0.46188021535170065,0.005,2,3,0.001,100,1.0,1.0,0.004858704693368465,0.30854075791113167,0.0
2011-10-03,2011,2010,20,0.42436033977085846,0.18008169797043844,0.37385810732841496,-1.1663963665616652,-7.8785465461864295,-0.8516494717787276,0.65,,0.01,1,5,0.001,300,1.0,1.0,0.5556160487586872,0.2807251159701384,0.0
2011-11-01,2011,2010,20,0.2805401553774365,0.07870277877919621,0.23223342120647433,0.05319965378410563,-109.19650297177722,0.28506959518791436,0.7,0.6629935441317959,0.01,10,3,0.005,200,1.0,1.0,0.34586575359853977,0.23604707418531826,0.0
2011-12-01,2011,2010,20,0.30477474013049155,0.09288764222160864,0.2597905969619751,-0.11744531995920182,-74.26802554075775,0.20814079896736398,0.75,0.0,0.005,2,1,0.001,100,1.0,1.0,-0.42892260805595095,0.1924622421389966,0.0
2012-01-03,2012,2011,20,0.3069680705993316,0.09422939636747624,0.26650196403265,-0.133586723217759,-83.3206944229534,-0.22753154816161858,0.4,0.0,0.01,1,10,0.001,200,1.0,1.0,-0.05816976259036655,0.4519300685955118,0.0
2012-02-01,2012,2011,20,0.2990765818326303,0.08944680180069002,0.2622230273485184,-0.07605175098574457,-69.93306025291558,-0.06766917293233082,0.55,0.0,0.01,5,10,0.001,100,1.0,1.0,0.06586621467261944,0.46763308606652887,0.0
2012-03-01,2012,2011,20,0.3058507231752881,0.09354466486684673,0.25909417241811755,-0.12534935178161488,-91.81512441178853,-0.04661654135338346,0.7,0.41633319989322654,0.01,5,10,0.001,300,1.0,1.0,0.07348492324572553,0.492229649285677,0.0
2012-04-02,2012,2011,20,0.28170719125726573,0.0793589416060577,0.24030971050262448,0.045305965641411095,-241.47009229654967,0.22556390977443608,0.45,0.4879500364742666,0.05,10,3,0.001,300,1.0,1.0,0.17090551983923652,0.4206845052212799,0.0
2012-05-01,2012,2011,20,0.2955275794876008,0.08733655023780021,0.25151090443134305,-0.05066526601864907,-60.08409481307156,0.11905690262681519,0.15,0.0,0.005,1,1,0.001,100,1.0,1.0,-0.07378957475037184,0.6322130412206873,0.0
2012-06-01,2012,2011,20,0.3036025576585548,0.09217451301681609,0.2617579466104507,-0.10886632200681023,-43.31558401666618,0.05095793364911664,0.95,0.0,0.01,2,1,0.01,300,1.0,1.0,-0.009694620561397693,0.7492028640632407,0.0
2012-07-02,2012,2011,20,0.293994129661695,0.08643254827553755,0.2536271274089813,-0.0397900544425569,-184.67743901472002,0.06878403158524382,0.85,0.0,0.01,1,10,0.001,100,1.0,1.0,-0.024225164823733047,0.568917485552157,0.0
2012-08-01,2012,2011,20,0.31838101120959195,0.1013664682988423,0.2595764243602752,-0.21944623517404271,-166.49127827444036,0.004511278195488721,0.65,0.6324555320336759,0.05,10,5,0.01,300,1.0,1.0,-0.014900034760963132,0.43580863687064436,0.0
2012-09-04,2012,2011,20,0.29175950330191264,0.08512360776697878,0.25582115113735193,-0.024043401708015333,-108.54666709734829,0.05175635817029091,0.9,0.7071067811865476,0.005,2,3,0.001,100,1.0,1.0,-0.02022373800233712,0.44701594346604134,0.0
2012-10-01,2012,2011,20,0.3137653312541971,0.09844868309705604,0.27157183885574343,-0.1843450598142078,-152.81455007419177,-0.193984962406015,0.3,0.375,0.005,10,3,0.001,100,1.0,1.0,-0.04486866951593549,0.554826343161764,0.0
2012-11-01,2012,2011,20,0.29771936443839314,0.08863681996160076,0.25993733674287794,-0.06630760856061069,-187.94257572401955,-0.004511278195488721,0.5,0.5241424183609592,0.05,1,5,0.001,100,1.0,1.0,0.03130160859143927,0.5447307197823015,0.0
2012-12-03,2012,2011,20,0.2758124053972195,0.07607248297100018,0.23434436798095706,0.08484231012330623,-190.84046253443196,0.35063967789212436,0.6,0.5222329678670935,0.05,2,10,0.001,200,1.0,1.0,0.1798983065624481,0.5827610713300555,0.0
2013-01-02,2013,2012,20,0.3102340474129886,0.09624516417424447,0.2681292122602463,-0.1578365614946704,-112.07461876922343,-0.4975814657539488,0.75,0.0,0.005,1,5,0.001,100,1.0,1.0,-0.09383089761511254,0.7252583556913177,0.0
2013-02-01,2013,2012,20,0.30440275199304045,0.09266103542093651,0.26882612079381946,-0.11471922310901062,-349.7057977235781,-0.0603320995440388,0.65,0.5976143046671968,0.01,1,1,0.001,300,1.0,1.0,-0.007514194968075261,0.36558183183213233,0.0
2013-03-01,2013,2012,20,0.32853708649297536,0.10793661720129277,0.27416265070438384,-0.2984856204666797,-193.2552710553351,-0.009036154825809203,0.6,0.0,0.005,10,1,0.01,200,1.0,1.0,0.1556684570761211,0.5791369227769109,0.0
2013-04-01,2013,2012,20,0.298911442526439,0.08934805047323663,0.2535550251603126,-0.07486376509156845,-122.53738805790279,0.015807311543806865,0.7,0.0,0.005,10,1,0.001,100,1.0,1.0,0.12237037327413347,0.503533730897945,0.0
2013-05-01,2013,2012,20,0.29892310947054035,0.08935502537553666,0.25868938624858856,-0.07494767369066668,-80.84724565682562,0.18301044496560076,0.65,0.0,0.005,1,10,0.001,100,1.0,1.0,-0.12455613673730426,0.770938020521003,0.0
2013-06-03,2013,2012,20,0.33729529730624364,0.11376811758490728,0.2697075119614601,-0.368639008540238,-169.14524216011984,-0.3021861527860721,0.25,0.2672612419124244,0.005,10,1,0.005,100,1.0,1.0,0.10684624384324304,0.9052887149627327,0.0
2013-07-01,2013,2012,20,0.3024963670626999,0.09150405208613167,0.2627930825948715,-0.10080062660008027,-95.83407885571158,0.11187692124861792,0.8,0.0,0.01,2,1,0.001,200,1.0,1.0,-0.028881393643800823,0.5010052611636275,0.0
2013-08-01,2013,2012,20,0.3143582899372755,0.09882113445228816,0.2639657750725746,-0.18882567762151203,-92.3716995214305,-0.193984962406015,0.45,0.4714045207910317,0.01,5,10,0.001,200,1.0,1.0,0.15420857159207013,0.537164667530191,0.0
2013-09-03,2013,2012,20,0.3463490139599671,0.11995763947104146,0.29540666833519935,-0.44309942220801757,-476.12202034684947,-0.0631578947368421,0.45,0.43204937989385733,0.05,5,3,0.01,300,1.0,1.0,0.42514017635994683,0.44264941871643554,0.0
2013-10-01,2013,2012,20,0.2980293598072994,0.08882149930714871,0.2560997170209885,-0.06852931497321757,-69.67999297805298,-0.21995527594848055,0.85,0.0,0.01,1,1,0.001,300,1.0,1.0,-0.023768702631273175,0.4507320980992669,0.0
2013-11-01,2013,2012,20,0.2905441754360202,0.08441591787979688,0.245151404440403,-0.015529839155451253,-88.86233829377932,0.1857841425103294,0.65,0.48507125007266594,0.05,1,1,0.001,300,1.0,1.0,0.12404057504207966,0.5846152799879294,0.0
2013-12-02,2013,2012,20,0.34081679112864693,0.11615608511522776,0.2908168607950211,-0.3973664374764243,-165.34268999043016,-0.06917293233082707,0.55,0.5135525910130955,0.01,10,5,0.01,300,1.0,1.0,0.1125974238797528,0.5496631656143247,0.0
2014-01-02,2014,2013,20,0.31962717150885533,0.10216152876675122,0.25742442682385447,-0.2290108723819695,-89.52921312175329,-0.015037593984962403,0.5,0.57282196186948,0.05,1,1,0.001,300,1.0,1.0,0.14954260171113043,0.7971731835736825,0.0
2014-02-03,2014,2013,20,0.3128343304139169,0.09786531828552374,0.2741333192586899,-0.17732713726945826,-93.0494172771818,-0.21210983072029513,1.0,,0.005,5,10,0.01,300,1.0,1.0,0.09277035653904064,0.6609961171013352,0.0
2014-03-03,2014,2013,20,0.3448318887016947,0.11890903146557796,0.2876033067703247,-0.4304845890595843,-97.87173125684538,-0.3924812030075188,0.5,0.0,0.05,2,10,0.001,200,1.0,1.0,0.13670603624370592,0.5811685368883645,0.0
2014-04-01,2014,2013,20,0.3509791651096681,0.12318637434107967,0.3146959912776947,-0.4819413454565973,-104.07117766582488,-0.7145543942704978,0.25,0.0,0.05,2,1,0.01,300,1.0,1.0,0.2583439804424805,0.47782745626428047,0.0
2014-05-01,2014,2013,20,0.27439483261894587,0.07529252416797931,0.2355185237526894,0.09422527316716633,-270.5949277499496,0.35833605745163105,0.55,0.3178208630818641,0.05,1,3,0.001,300,1.0,1.0,0.04264421019066533,0.6192678989748251,0.0
2014-06-02,2014,2013,20,0.3005378675141721,0.09032300980996608,0.2538953459262848,-0.08659259921763707,-386.85287083395417,0.3653844390230985,0.55,0.0,0.005,5,10,0.001,100,1.0,1.0,-0.17338184024989856,0.48332151332530154,0.0
2014-07-01,2014,2013,20,0.30519369799580676,0.09314319329635569,0.2600728398561478,-0.12051961860277527,-353.0763249759065,-0.35625190712951493,0.3,0.0,0.005,2,1,0.001,200,1.0,1.0,-0.08482689319081049,0.8420198464889224,0.0
2014-08-01,2014,2013,20,0.3042351847834142,0.09255904766019821,0.2649039453268051,-0.11349230267907595,-103.62675887212039,-0.22683776383358192,0.95,0.0,0.005,1,10,0.001,100,1.0,1.0,-0.09549614574696608,0.6710291369199941,0.0
2014-09-02,2014,2013,20,0.29218522782074086,0.08537220735665822,0.24935473978519437,-0.027034073463557462,-319.15073288604736,0.17483089138745314,0.55,0.0,0.005,5,3,0.001,100,1.0,1.0,-0.10129785138238434,0.7284573228424959,0.0
2014-10-01,2014,2013,20,0.3519370645910398,0.1238596974329577,0.3008372980356217,-0.49004147287768673,-161.96167675603414,-0.25864661654135335,0.55,0.0,0.01,10,1,0.01,200,1.0,1.0,0.21434358278364218,0.6556462750355619,0.0
2014-11-03,2014,2013,20,0.2939153213877488,0.08638621614646366,0.25085057139396666,-0.039232675446179366,-96.26258519930943,0.28474626765141303,0.7,0.0,0.005,10,1,0.001,200,1.0,1.0,0.004388497747428555,0.44850762451779824,0.0
2014-12-01,2014,2013,20,0.3043381092538755,0.09262168474422387,0.2596500968933106,-0.1142458315094601,-294.479083345672,0.09180957169790928,0.5,0.0,0.005,5,1,0.01,100,1.0,1.0,-0.08499704763553328,0.6145034116267029,0.0
2015-01-02,2015,2014,20,0.33524631323845583,0.11239009053997684,0.2954236432909965,-0.35206123957866864,-62.755261957715376,-0.30225563909774433,0.35,0.408248290463863,0.01,5,3,0.005,300,1.0,1.0,0.23235865034243486,1.0010031438497682,0.0
2015-02-02,2015,2014,20,0.3208207809782799,0.10292597350751342,0.2660463234782219,-0.2382072000903872,-74.92737514634794,-0.26476120714022655,0.7,0.0,0.005,10,3,0.01,100,1.0,1.0,0.07325765742249779,0.7030306754519069,0.0
2015-03-02,2015,2014,20,0.30527619053150873,0.09319355250543002,0.2596432667970658,-0.12112544367434586,-279.7904108053919,0.04216872252044295,0.15,0.23570226039551584,0.005,5,3,0.001,100,1.0,1.0,0.08342438721926437,0.43294412953994943,0.0
2015-04-01,2015,2014,20,0.30755891792635776,0.09459248799603207,0.2679805037379265,-0.13795474280940812,-97.1001007540252,-0.29212136449334775,0.6,0.3476767476825577,0.005,1,1,0.001,300,1.0,1.0,-0.06168944802989418,0.6415506957802722,0.0
2015-05-01,2015,2014,20,0.29812414677510807,0.08887800689038619,0.2584978103637695,-0.06920910544825487,-508.0460644479819,-0.08524016858095769,0.5,0.0,0.005,1,10,0.001,200,1.0,1.0,0.009539104083353789,0.7558240534105378,0.0
2015-06-01,2015,2014,20,0.2982421344331532,0.08894837075124304,0.25481714546680456,-0.07005558798487832,-152.55693867048075,-0.046880238526050944,0.35,0.2672612419124244,0.01,1,1,0.001,100,1.0,1.0,0.009888617369473773,0.724668768399912,0.0
2015-07-01,2015,2014,20,0.30515817195184064,0.09312150990898914,0.26006694197654723,-0.1202587658224259,-90.63448776759384,-0.3716959708375141,0.7,0.0,0.005,1,1,0.001,100,1.0,1.0,-0.15365979131706053,0.617543007590143,0.0
2015-08-03,2015,2014,20,0.2682279892694147,0.07194625422751326,0.22670745402574544,0.1344811521502166,-77.21097008826466,0.20609253055801727,0.3,,0.05,2,5,0.001,100,1.0,1.0,0.11223490519481127,0.7523680874226666,0.0
2015-09-01,2015,2014,20,0.30113156154659065,0.09068021735948811,0.25460048437118526,-0.09088983289609764,-316.8667849793351,-0.11418065810961807,0.7,0.0,0.005,1,1,0.001,300,1.0,1.0,0.012536751483783082,0.5455011013550094,0.0
2015-10-01,2015,2014,20,0.3067304741201957,0.09408358375400007,0.26624841809272765,-0.13183258651428642,-24.107494274680583,-0.1083929934432471,0.95,0.0,0.005,10,5,0.001,100,1.0,1.0,-0.06819413348827608,0.38053703052270377,0.0
2015-11-02,2015,2014,20,0.3021955043173988,0.09132212282964698,0.25951031506061556,-0.09861200396567771,-633.5227853225517,-0.1902778950407681,0.5,0.0,0.05,2,5,0.001,100,1.0,1.0,-0.10303382191059018,0.4903424713977177,0.0
2015-12-01,2015,2014,20,0.31821996540072095,0.10126394637963605,0.25663889884948726,-0.21821288877757672,-172.88137926428433,-0.30699782957078703,0.35,0.3779644730092272,0.05,2,10,0.01,300,1.0,1.0,0.07599855374242126,0.4254988148292579,0.0
2016-01-04,2016,2015,20,0.3321927693439048,0.11035203600437274,0.26322779774665833,-0.3275432902781681,-83.9919591250174,-0.07969924812030074,0.45,0.42640143271122083,0.01,5,1,0.01,200,1.0,1.0,0.16306923756207437,0.7164924831354177,0.0
2016-02-01,2016,2015,20,0.30483113781401416,0.0929220225809865,0.25937972724437713,-0.11785891826750672,-214.21355504634224,-0.08235837897119536,0.35,0.0,0.005,10,5,0.001,100,1.0,1.0,-0.14022342001721722,0.5135652561097419,0.0
2016-03-01,2016,2015,20,0.2949939625658006,0.08702143795027299,0.25870321810245517,-0.046874441507043674,-146.17330633106252,0.06233750034347942,0.9,0.0,0.005,1,1,0.001,100,1.0,1.0,-0.09405201149429754,0.4979988163334323,0.0
2016-04-01,2016,2015,20,0.2814264586928949,0.07920085165242367,0.24110233962535857,0.04720779967009103,-69.80012700267606,0.20692255669599618,0.5,0.40201512610368484,0.01,2,10,0.001,200,1.0,1.0,-0.012556785802158243,0.3225620906564303,0.0
2016-05-02,2016,2015,20,0.30398950665017,0.09240962015341375,0.27807347148656847,-0.11169467853730852,-200.57274885864155,-0.22850782702304695,0.55,0.3450327796711771,0.01,1,1,0.001,300,1.0,1.0,0.010513259697005561,0.6004613197827554,0.0
2016-06-01,2016,2015,20,0.3047224430516427,0.09285576729936164,0.2596377974748611,-0.11706186224795956,-134.64462951803281,0.510638697808194,0.5,0.0,0.005,1,1,0.001,100,1.0,1.0,-0.0638776247649846,0.5222135002281048,0.0
2016-07-01,2016,2015,20,0.29821919264754304,0.0889346868633524,0.26022586345672605,-0.06989096978469034,-89.8513148182135,-0.12711546592812012,0.65,0.3779644730092272,0.01,2,5,0.01,300,1.0,1.0,0.14412139779971633,0.6323010597306561,0.0
2016-08-01,2016,2015,20,0.2861971947455268,0.081908834280209,0.2489027625322342,0.014630565050117283,-167.9124327999597,0.38563883131852517,0.65,0.0,0.01,1,1,0.001,100,1.0,1.0,-0.10398629110202062,0.4955268850039163,0.0
2016-09-01,2016,2015,20,0.32970994782237073,0.10870864969303043,0.28652800053358074,-0.30777322938983964,-200.73664912425068,-0.07368421052631578,0.45,0.42640143271122083,0.01,10,3,0.001,300,1.0,1.0,0.4582105303713002,0.663371560545993,0.0
2016-10-03,2016,2015,20,0.29391179506481835,0.08638414327822377,0.252954064309597,-0.03920773868539884,-255.3217727906695,0.04670441427086669,0.4,0.0,0.01,2,3,0.001,100,1.0,1.0,0.033386313688483105,0.7610647661307743,0.0
2016-11-01,2016,2015,20,0.3138913810986773,0.09852779912803508,0.26234838575124736,-0.1852968316154595,-29.1344165335223,-0.10526315789473684,0.55,0.5,0.01,5,1,0.001,300,1.0,1.0,0.08209075470639138,0.6835081849705255,0.0
2016-12-01,2016,2015,20,0.2925563024913331,0.08558919012740038,0.24450218975543975,-0.029644392510079776,-188.22509716826204,0.10225563909774435,0.65,0.0,0.01,2,3,0.001,200,1.0,1.0,0.061231488282619484,0.5854315639201764,0.0
2017-01-03,2017,2016,20,0.27624663976895664,0.0763122059836397,0.24780664652585985,0.08195842425696598,-126.85192054247693,0.35488721804511275,0.45,0.37605071654517747,0.05,2,3,0.001,300,1.0,1.0,0.234006814417971,0.543508973984215,0.0
2017-02-01,2017,2016,20,0.29873035179023577,0.08923982308071801,0.26181866973638535,-0.0735617814221714,-116.88195181670812,-0.1070489968265537,0.8,0.0,0.01,1,1,0.001,200,1.0,1.0,-0.04708582399628192,0.31291224945098695,0.0
2017-03-01,2017,2016,20,0.2893762209515456,0.08373859725219773,0.2567722868919372,-0.007381621079070477,-220.3468294582171,0.08571428571428572,0.55,0.5590169943749475,0.05,1,1,0.001,300,1.0,1.0,0.2659909365892986,0.4657342885438205,0.0
2017-04-03,2017,2016,20,0.30809158060130265,0.09492042203740897,0.26362924039363855,-0.1418998139838672,-347.2837883643586,-0.4204984370439606,0.35,0.0,0.005,10,1,0.005,100,1.0,1.0,-0.12096922315983671,0.6254505299520148,0.0
2017-05-01,2017,2016,20,0.3051654701991471,0.09312596420186653,0.2601024276018143,-0.12031235130064988,-274.6871951588319,-0.24968687171092915,0.55,0.0,0.005,2,3,0.001,200,1.0,1.0,-0.0670437261338197,0.7428462917526191,0.0
2017-06-01,2017,2016,20,0.34553739731646704,0.119396092944238,0.3007762783765793,-0.436343975269029,-187.53952477694563,-0.13082706766917293,0.4,0.39528470752104744,0.005,10,1,0.01,300,1.0,1.0,0.1446688943548038,0.812709770362513,0.0
2017-07-03,2017,2016,20,0.3100332209469333,0.09612059809072995,0.26846545636653896,-0.15633802214411974,-98.7893143247455,-0.3906503445476512,0.45,0.0,0.005,1,1,0.001,300,1.0,1.0,0.03318214549061327,0.6092451244480526,0.0
2017-08-01,2017,2016,20,0.307171996125686,0.09435463520383845,0.26125774800777435,-0.13509335583565063,-340.2107750071466,-0.3248297661221118,0.45,0.0,0.05,5,10,0.001,200,1.0,1.0,0.14526416520599805,0.456175062769827,0.0
2017-09-01,2017,2016,20,0.27398179896246105,0.07506602616270641,0.2301891720294953,0.09695006120052452,-143.31209334069158,0.40992857355518025,0.75,0.5345224838248488,0.05,5,10,0.001,300,1.0,1.0,0.15987558901372967,0.4616873392967148,0.0
2017-10-02,2017,2016,20,0.30493052322977615,0.09298262399718506,0.25972834885120394,-0.11858795786087262,-52.74176087470439,0.13072174640400053,0.75,0.0,0.005,1,1,0.001,100,1.0,1.0,-0.14054586760676235,0.6875973927836097,0.0
2017-11-01,2017,2016,20,0.2660685749828714,0.07079248659341586,0.21230006076395508,0.1483610635378544,-156.6052339224368,0.431578947368421,0.45,0.3960590171906697,0.05,5,1,0.001,200,1.0,1.0,0.2929950535449968,0.6743600465866868,0.0
2017-12-01,2017,2016,20,0.2946234238321112,0.08680296187055582,0.2494322276115418,-0.04424615784127295,-327.0784379721243,0.11879699248120301,0.8,0.0,0.005,10,3,0.005,100,1.0,1.0,-0.09537151302513025,0.5052890043916862,0.0
2018-01-02,2018,2017,20,0.3122195473358646,0.09748104573861219,0.25436978489160544,-0.17270430963743966,-36.17977188333664,0.09022556390977443,0.5,0.5,0.05,2,5,0.001,100,1.0,1.0,0.19168811215297477,0.5685096414423102,0.0
2018-02-01,2018,2017,20,0.28917037856996186,0.08361950784229505,0.2534106791019439,-0.00594896652385013,-58.82193140487943,-0.014427430296506753,0.15,0.0,0.01,1,1,0.001,100,1.0,1.0,-0.000667740309226339,0.5678587875476662,0.0
2018-03-01,2018,2017,20,0.2735013242585613,0.07480297437118669,0.22196354657411574,0.10011459403083678,-192.75656731918255,0.2428583445129613,0.5,0.5773502691896257,0.005,1,1,0.001,300,1.0,1.0,0.06757577845898344,0.5757788778154298,0.0
2018-04-02,2018,2017,20,0.3020275835589928,0.09122066123048438,0.2612232369184494,-0.09739141329906009,-63.78569895912048,0.10827067669172932,0.65,0.48507125007266594,0.01,5,3,0.005,300,1.0,1.0,0.27551604332224355,0.42615327834417205,0.0
2018-05-01,2018,2017,20,0.3051243976730143,0.09310089805531976,0.260008848309517,-0.12001080367301964,-163.3980297440109,-0.022806402564687595,0.7,0.0,0.005,5,1,0.01,200,1.0,1.0,-0.13555685848801668,0.4515319063754937,0.0
2018-06-01,2018,2017,20,0.31271542132081664,0.09779093473185588,0.2249890838563442,-0.1764322975260857,-208.4410454915658,0.16541353383458643,0.6,0.4688072309384954,0.01,10,1,0.01,200,1.0,1.0,0.29137545595734027,0.5160119118944508,0.0
2018-07-02,2018,2017,20,0.32399326637109,0.10497163665380807,0.2814484056830406,-0.2628166815495707,-68.83850768373375,-0.40183353423346124,0.65,0.0,0.01,1,5,0.001,200,1.0,1.0,0.13141348761224836,0.4602812869683602,0.0
2018-08-01,2018,2017,20,0.30767962696900225,0.09466675285178439,0.2621183943748474,-0.13884815460793232,-96.78739146402329,0.006019565285701706,0.7,0.41633319989322654,0.005,10,1,0.01,100,1.0,1.0,0.0681950142416119,0.5859790243596087,0.0
2018-09-04,2018,2017,20,0.29130701999272124,0.0848597798970397,0.2553704988956451,-0.020869532595966467,-264.52282171591764,0.14512674796007488,0.5,0.0,0.005,5,5,0.001,100,1.0,1.0,-0.06503855347561238,0.6840939750873286,0.0
2018-10-01,2018,2017,20,0.30294454495625156,0.09177539731875031,0.25883848130702974,-0.10406493015037976,-66.00510034212145,0.10232748471170304,0.3,0.0,0.05,2,3,0.001,200,1.0,1.0,-0.14857044839264777,0.8006447922822421,0.0
2018-11-01,2018,2017,20,0.2954705121077763,0.08730282352523158,0.2576878255605698,-0.05025953113060533,-77.16071891269864,-0.050875675256102766,0.8,0.0,0.005,1,5,0.001,300,1.0,1.0,-0.025807125817183252,0.6312674347482145,0.0
2018-12-03,2018,2017,20,0.2951457086379808,0.08711098932741583,0.260234597325325,-0.04795175130725804,-37.178335319578544,0.048120300751879695,0.35,,0.05,2,10,0.001,300,1.0,1.0,0.3012841309584602,0.7022976540537854,0.0
2019-01-02,2019,2018,20,0.2964669531618657,0.08789265431707989,0.2543665325641632,-0.05735523990472058,-50.34418375112495,0.5316017687096021,0.9,0.0,0.005,1,1,0.001,100,1.0,1.0,-0.13886688811376158,0.8059456955242885,0.0
2019-02-01,2019,2018,20,0.3471707628719652,0.12052753859310228,0.28261851817369466,-0.4499553514959671,-131.88792907604838,-0.29473684210526313,0.55,0.39528470752104744,0.01,5,1,0.01,100,1.0,1.0,0.12688960921019665,0.5752312172038839,0.0
2019-03-01,2019,2018,20,0.30507136426763476,0.09306853729611589,0.2597563123703003,-0.11962150130665772,-243.10896513932147,-0.24598458059779382,0.75,0.0,0.005,1,1,0.001,100,1.0,1.0,-0.17609444531575824,0.46997619206032937,0.0
2019-04-01,2019,2018,20,0.28099145432679506,0.07895619740468736,0.24440604537725447,0.05015100866541533,-63.53973246246906,0.2000014240095124,0.55,0.5400617248673217,0.05,1,5,0.001,100,1.0,1.0,0.10804598448685876,0.526987230509469,0.0
2019-05-01,2019,2018,20,0.3305052531767822,0.10923372237744888,0.28524731069803233,-0.3140898932625431,-76.4205095447394,-0.3443609022556391,0.25,0.25,0.01,5,3,0.001,100,1.0,1.0,0.16617421058749104,0.4868177408158081,0.0
2019-06-03,2019,2018,20,0.31060504720701465,0.09647549535047178,0.26371365845203404,-0.16060746286281846,-37.45997219014387,-0.13343431294577468,1.0,,0.01,10,1,0.001,200,1.0,1.0,0.11817984782137458,0.6252441501055934,0.0
2019-07-01,2019,2018,20,0.29358475351151797,0.08619200749441876,0.24720403969287874,-0.0368963307599246,-146.44608532343977,0.32808531469834107,0.6,0.0,0.005,1,10,0.001,100,1.0,1.0,-0.08369897607870636,0.5732815498515932,0.0
2019-08-01,2019,2018,20,0.32211823660974226,0.10376015835656989,0.27551190763711936,-0.24824250654520164,-194.2902112602318,-0.2767958074647823,0.35,0.31782086308186414,0.05,1,10,0.001,300,1.0,1.0,0.33650428910194863,0.47635106762593743,0.0
2019-09-03,2019,2018,20,0.3036827694762344,0.09222322447675571,0.2749382510781288,-0.1094523245323995,-99.56601744598996,-0.19548872180451127,0.4,0.0,0.01,2,1,0.001,200,1.0,1.0,0.17926686603196829,0.6859826649160784,0.0
2019-10-01,2019,2018,20,0.30406284988678556,0.09245421668127388,0.25961875379085536,-0.1122311781205878,-68.578131582948,-0.09586261402960038,0.85,0.0,0.05,1,10,0.001,100,1.0,1.0,-0.06603107571282951,0.79661719453892,0.0
2019-11-01,2019,2018,20,0.301500374100508,0.09090247558274629,0.2575701183080673,-0.09356361603303798,-206.34139035770062,-0.11031606263669584,0.8,0.0,0.01,1,10,0.001,100,1.0,1.0,-0.09175729963333445,0.60184172371677,0.0
2019-12-02,2019,2018,20,0.29454107139264074,0.08675444273712468,0.25335636079311363,-0.04366246901804116,-134.84222468506505,0.08506416143759321,1.0,,0.01,1,5,0.001,200,1.0,1.0,0.006804784321850388,0.9212931329448536,0.0
2020-01-02,2020,2019,20,0.30493645295921673,0.0929862403433486,0.2597815281152725,-0.1186314627771261,-132.21068656381684,0.08289512701075014,0.55,0.0,0.005,5,1,0.005,100,1.0,1.0,-0.06314511057059224,1.1310450718383016,0.0
2020-02-03,2020,2019,20,0.30241530451482335,0.09145501640479332,0.2567511415481567,-0.10021072366668649,-49.198490238776415,0.015068841568402262,0.0,,0.005,2,1,0.001,300,1.0,1.0,-0.058464124036680776,0.40957045515383045,0.0
2020-03-02,2020,2019,20,0.2974265560986153,0.08846255627268275,0.25635212481021874,-0.06421120328039387,-17.815835724156297,-0.13444246810957508,0.0,,0.01,1,10,0.001,100,1.0,1.0,-0.044084924636445866,0.5844457805688158,0.0
2020-04-01,2020,2019,20,0.29686000349220654,0.08812586167339287,0.2528926607966423,-0.06016074193555343,-3.2854842978934915,-0.07218045112781954,0.9,,0.01,5,10,0.001,100,1.0,1.0,0.09621086222728858,0.7190295896282992,0.0
2020-05-01,2020,2019,20,0.2171966072582701,0.047174366204503236,0.18564815968275067,0.4324888276149986,-35.776047914442366,0.6976666060789016,0.75,0.8583950752789521,0.01,1,1,0.001,300,1.0,1.0,0.0640778753654827,0.6464370771697305,0.0
2020-06-01,2020,2019,20,0.301005227021302,0.09060414669414554,0.2591040587425232,-0.08997469707242756,-124.47131778001012,0.03909774436090225,0.25,0.0,0.005,5,1,0.01,100,1.0,1.0,-0.03582262356819754,0.4272896400445174,0.0
2020-07-01,2020,2019,20,0.2940373550489621,0.08645796616418941,0.2510749340057373,-0.040095833554158355,-39.079710357037555,0.024060150375939848,0.6,0.6262242910851494,0.01,2,10,0.001,200,1.0,1.0,0.22985538423857654,0.5341309978516646,0.0
2020-08-03,2020,2019,20,0.29192383929407273,0.0852195279481916,0.25335882127285003,-0.025197328700049315,-26.441770705596177,0.14461566104975368,0.9,0.0,0.01,1,1,0.001,100,1.0,1.0,-0.06656531816377642,0.6977352065511924,0.0
2020-09-01,2020,2019,20,0.30695953965051176,0.0942241589824541,0.26118844509124756,-0.13352371708215482,-94.0779212050356,0.13253205346754476,0.25,0.0,0.005,5,10,0.005,200,1.0,1.0,-0.05198286173755062,0.4486018653965212,0.0
2020-10-01,2020,2019,20,0.29498030460760727,0.08701338010639677,0.25298735916614534,-0.04677750503935929,-86.97371663811414,0.11789124989715587,0.1,0.0,0.005,1,1,0.001,100,1.0,1.0,-0.06784973067939926,0.8049906732595967,0.0
2020-11-02,2020,2019,20,0.3050345030251189,0.09304604803578129,0.2599465823173523,-0.11935095381391037,-21.039531786004588,-0.07568756326085964,1.0,,0.005,1,1,0.001,100,1.0,1.0,-0.22315678775219427,0.8117677797226739,0.0
2020-12-01,2020,2019,20,0.31575545552017176,0.09970150769075117,0.2731052553653717,-0.19941663387369823,-71.48683944893585,-0.38188951150495576,0.6,0.0,0.005,2,10,0.001,100,1.0,1.0,0.038593738743852524,0.7765691828251299,0.0
2021-01-04,2021,2020,20,0.3008625900781722,0.09051829810854627,0.2677296984195709,-0.08894193213288748,-119.61905226087069,-0.07518796992481201,0.45,0.28426762180748055,0.005,10,1,0.01,100,1.0,1.0,-0.011987222479739934,0.8953528158644422,0.0
2021-02-01,2021,2020,20,0.2889024781704575,0.08346464189303167,0.24264124095439912,-0.004085917510155301,-38.385032555559576,0.15118466657723162,0.6,0.5656854249492381,0.01,2,10,0.001,200,1.0,1.0,0.013335618025397622,0.5459259669931003,0.0
2021-03-01,2021,2020,20,0.3255267549762357,0.10596766820535816,0.2542811584472656,-0.2747990160043088,-62.20613021516782,-0.13233082706766916,0.55,0.4898979485566356,0.005,5,10,0.01,300,1.0,1.0,0.14144206481658894,0.6958783946383579,0.0
2021-04-01,2021,2020,20,0.27401613351004905,0.07508484142379704,0.22588182389736172,0.09672371219492282,-66.40634885660398,0.2839929706470442,0.7,0.6859943405700354,0.01,2,10,0.001,200,1.0,1.0,0.13968235863966483,0.6750759667781225,0.0
2021-05-03,2021,2020,20,0.3228868613232347,0.10425592521516977,0.2753274446725846,-0.254206619129862,-172.4092777952325,-0.34577973765711334,0.5,0.0,0.01,1,1,0.001,100,1.0,1.0,0.048030109096798834,0.49663177787457596,0.0
2021-06-01,2021,2020,20,0.2887137117613329,0.08335560735900602,0.24288117945194246,-0.00277422386774151,-60.331102095759746,0.2760436449444975,0.6,0.0,0.005,5,1,0.01,100,1.0,1.0,0.003863909640679619,0.44496475624133697,0.0
2021-07-01,2021,2020,20,0.3110909320772261,0.09677756802067729,0.2652478006482124,-0.1642414197976214,-178.67639289926953,-0.19097744360902258,0.5,0.0,0.005,5,1,0.01,100,1.0,1.0,0.027511963573372267,0.4848808661627953,0.0
2021-08-02,2021,2020,20,0.29858108416957896,0.08915066382388119,0.25015530854463575,-0.07248918885872113,-74.15022548389663,0.0557650257011704,0.5,0.375,0.05,1,1,0.001,100,1.0,1.0,0.07600752238117692,0.536194033244833,0.0
2021-09-01,2021,2020,20,0.2774865825751658,0.07699880350924429,0.23679528295993807,0.0736986044000687,-107.12437160104436,0.3416917344879164,0.4,0.4841229182759271,0.005,2,10,0.001,100,1.0,1.0,-0.04604361559633974,0.677103502742725,0.0
2021-10-01,2021,2020,20,0.3198479534758956,0.10230271334271868,0.2636270654201508,-0.23070933344623956,-15.546651365864708,-0.20150375939849624,0.6,0.0,0.005,5,1,0.001,100,1.0,1.0,0.11521709368582767,0.7940300262296067,0.0
2021-11-01,2021,2020,20,0.3675645621589624,0.1351037073551097,0.30261293962597846,-0.6253077576554551,-36.91006873282238,-0.13383458646616542,0.55,0.5773502691896257,0.05,2,5,0.001,300,1.0,1.0,0.29016452772190826,0.6354074837872584,0.0
2021-12-01,2021,2020,20,0.30481126715472795,0.09290990858447094,0.2597649312019348,-0.11771318597859803,-47.91850058851293,0.2948173896382008,0.85,0.0,0.005,1,1,0.001,100,1.0,1.0,-0.2126407540838149,0.7367607228526212,0.0
2022-01-03,2022,2021,20,0.2963125589341261,0.08780113258208995,0.2527456504106521,-0.05625422655145784,-48.22579183365386,-0.030606668389141993,0.2,0.0,0.005,1,1,0.001,200,1.0,1.0,0.0014552503162470476,0.9244982311633553,0.0
2022-02-01,2022,2021,20,0.3052371229476111,0.09316970122533505,0.2608805549144745,-0.12083851098147425,-46.71708816189939,-0.17151699106845272,0.2,0.0,0.005,10,5,0.005,100,1.0,1.0,-0.06356793003778227,0.6179644517906675,0.0
2022-03-01,2022,2021,20,0.2826374691054901,0.07988393894235687,0.25173037469387055,0.03899020821224808,-25.925460131756097,0.2835652701473449,0.8,0.7211102550927979,0.005,2,10,0.001,300,1.0,1.0,0.0009077126012994041,0.5409270066143878,0.0
2022-04-01,2022,2021,20,0.3072604420796712,0.09440897926699497,0.25888867884874345,-0.1357471190014432,-25.52584111091423,0.14586466165413534,0.45,0.5940885257860046,0.01,5,1,0.005,200,1.0,1.0,0.299379670241396,0.6184725083615833,0.0
2022-05-02,2022,2021,20,0.2935833696060662,0.08619119490925206,0.2601254466176033,-0.03688655529927298,-84.98348723287585,0.17826251730748208,0.5,0.5345224838248488,0.005,10,1,0.01,200,1.0,1.0,0.15879327504724927,0.6951778780211868,0.0
2022-06-01,2022,2021,20,0.2596115323707124,0.06739814773986944,0.23145188987255097,0.1891952151594657,-35.70923206104925,0.49397646381090315,0.65,0.7817359599705717,0.05,1,1,0.001,300,1.0,1.0,0.2998479856200216,0.6298595364141225,0.0
2022-07-01,2022,2021,20,0.30549162539014346,0.09332513318351175,0.26030374526977534,-0.12270836912495353,-17.12378018205622,-0.43520348874994286,0.8,0.0,0.005,1,1,0.001,100,1.0,1.0,-0.07691239828916663,0.5944978597332077,0.0
2022-08-01,2022,2021,20,0.3330751293887542,0.11093904181733535,0.28350965559482577,-0.3346050143438841,-76.95072441589843,-0.22255880803365055,0.45,0.3960590171906697,0.01,1,10,0.001,300,1.0,1.0,0.24532495553222777,0.7168026704455727,0.0
2022-09-01,2022,2021,20,0.28927075831427906,0.08367757161571805,0.2522324126958847,-0.006647478083826153,-43.8857273255377,0.34562352471835645,0.0,,0.05,1,10,0.001,300,1.0,1.0,-0.022255430379255703,0.5024097594389051,0.0
2022-10-03,2022,2021,20,0.29242633947488994,0.08551316401868359,0.25310863673686984,-0.028729792705967983,-21.654072081611663,0.11783307991755256,0.75,0.0,0.005,1,1,0.001,100,1.0,1.0,-0.07026446528486252,0.5813278070758869,0.0
2022-11-01,2022,2021,20,0.289412011967478,0.08375931267106365,0.24611608505249025,-0.007630829125577998,-18.662755092236623,0.16547233940084205,0.8,0.0,0.005,1,10,0.001,300,1.0,1.0,-0.03876457984405235,0.6826380155927683,0.0
2022-12-01,2022,2021,20,0.33227661410725,0.11040774828257834,0.2778801661729812,-0.3282135131738748,-31.528924863436643,-0.5364300273905235,0.2,0.0,0.01,1,1,0.001,200,1.0,1.0,-0.0012542950145191245,0.7086619267192634,0.0
2023-01-03,2023,2022,20,0.2873186249015459,0.08255199221531526,0.25222781896591184,0.006893326733049765,-6.041577869171345,0.12961971461711705,0.65,0.4,0.01,1,10,0.001,200,1.0,1.0,0.1232165923423284,0.6553776473640325,0.0
2023-02-01,2023,2022,20,0.3075971227842548,0.09461598994515191,0.2620839869976043,-0.13823747302438383,-71.7831534524613,-0.1390798001284051,0.25,0.0,0.005,10,1,0.005,300,1.0,1.0,0.08424330024747884,0.6430978605234263,0.0
2023-03-01,2023,2022,20,0.30538306529320947,0.09325881656787663,0.2602615064382553,-0.12191057525265103,-29.009713325134104,-0.37539981581993437,0.85,0.0,0.005,5,10,0.001,100,1.0,1.0,-0.33303437051481044,0.4838053576538613,0.0
2023-04-03,2023,2022,20,0.30870778494160284,0.09530049648355092,0.2573840194940567,-0.1464721381479812,-83.81152066037936,-0.18345864661654135,0.75,0.0,0.005,10,1,0.001,200,1.0,1.0,0.01977939148410235,0.5339529814340293,0.0
2023-05-01,2023,2022,20,0.30549109793349344,0.0933248109166113,0.2552127122879028,-0.12270449222991031,-24.067031123527354,0.02558315246423225,0.35,0.0,0.005,10,1,0.005,100,1.0,1.0,-0.029980021662482592,0.64576496583699,0.0
2023-06-01,2023,2022,20,0.2900475221826428,0.08412756512429068,0.24471339255571362,-0.01206093382605311,-44.67032804849926,0.18523084799409276,0.7,0.0,0.05,2,1,0.001,300,1.0,1.0,0.09379802468865273,0.544145096293004,0.0
2023-07-03,2023,2022,20,0.2806978720923205,0.07879129539715671,0.23425750613212584,0.052134792214656,-84.71767917571695,0.24726810534584234,0.55,0.46291004988627577,0.05,1,5,0.001,100,1.0,1.0,0.19389068316913594,0.40467773324601247,0.0
2023-08-01,2023,2022,20,0.2877976948674232,0.08282751317100243,0.25316045582294466,0.003578788920271636,-70.19271127456145,0.32342988372243586,0.5,0.502518907629606,0.05,2,1,0.01,100,1.0,1.0,0.02413288316476947,0.5211108500322665,0.0
2023-09-01,2023,2022,20,0.2914042200240431,0.08491641944782091,0.25001635730266575,-0.021550910650476984,-109.02853505720925,-0.05925198742343955,0.15,0.0,0.01,1,1,0.001,200,1.0,1.0,0.06413328743773283,0.709437419875354,0.0
2023-10-02,2023,2022,20,0.31305042516025805,0.09800056869301833,0.26957638025283814,-0.1789542098408221,-80.00551536359549,-0.055660026501070346,0.4,0.36313651960128146,0.005,10,1,0.001,100,1.0,1.0,0.04934276839236218,0.6359341500264201,0.0
2023-11-01,2023,2022,20,0.28847783366501023,0.0832194605160573,0.25385651350021365,-0.0011363671104638318,-37.708378989773685,0.24962406015037594,0.5,0.5,0.05,2,10,0.001,300,1.0,1.0,0.18559403378956596,0.5450702918742095,0.0
2023-12-01,2023,2022,20,0.2784322178286073,0.077524499924957,0.23506052017211912,0.06737443699299861,-144.5147877549214,0.31364536414900335,0.55,0.33149677206589795,0.005,1,5,0.001,300,1.0,1.0,-0.006377441690064822,0.3526175744048258,0.0
2024-01-02,2024,2023,20,0.3187528629853394,0.10160338766135055,0.2726017951965332,-0.22229639291850267,-26.095356215689495,-0.26767916268851677,0.45,0.0,0.01,1,1,0.001,200,1.0,1.0,0.1271346183459534,0.7968010148392963,0.0
2024-02-01,2024,2023,20,0.3159124606542643,0.09980068279663211,0.25856631249189377,-0.20060971785422077,-24.166572386069515,-0.44369193557323355,0.55,0.0,0.01,1,10,0.001,200,1.0,1.0,0.04125544576124163,0.6968931532511013,0.0
2024-03-01,2024,2023,20,0.2934517786576001,0.0861139463973091,0.25868614435195925,-0.035957249892440535,-93.44378092088397,-0.069991096373585,0.55,0.4330127018922193,0.005,1,5,0.001,300,1.0,1.0,0.03409735682940673,0.5542666309304485,0.0
2024-04-01,2024,2023,20,0.34577190683867054,0.11955821155885027,0.282536968588829,-0.4382942743921836,-119.04811518798297,-0.3639097744360902,0.3,0.29649972666444047,0.05,2,1,0.001,300,1.0,1.0,0.3338183483024886,0.38751105952527604,0.0
2024-05-01,2024,2023,20,0.259413994122504,0.06729562034659052,0.21582675486803055,0.19042862740943733,-25.75153449789417,0.37768695359227744,0.65,0.48507125007266594,0.05,1,1,0.001,300,1.0,1.0,0.10298849864861426,0.3032273020445324,0.0
2024-06-03,2024,2023,20,0.2846313501066215,0.08101500546351816,0.24042895913124088,0.025383392920082515,-53.395068949050845,0.43901833086778413,0.8,0.0,0.005,1,10,0.001,100,1.0,1.0,-0.1028116497389322,0.5227982036208152,0.0
2024-07-01,2024,2023,20,0.35382101967583146,0.1251893139644451,0.3028479278087616,-0.5060368597226479,-55.40275919993148,-0.6520317725297674,0.3,0.28426762180748055,0.05,1,1,0.001,300,1.0,1.0,0.2583783307656693,0.45686357412106426,0.0
2024-08-01,2024,2023,20,0.31270040723378023,0.09778154468417198,0.26203536152839657,-0.17631933454643023,-56.58415663456209,-0.13454458925465276,0.8,0.0,0.05,2,1,0.001,300,1.0,1.0,0.2259554160909235,0.4039458620108654,0.0
2024-09-03,2024,2023,20,0.3048247728168584,0.09291814212284934,0.2596999621391296,-0.11781223606435276,-47.585087526327335,0.4444539377736018,0.65,0.0,0.005,1,1,0.001,100,1.0,1.0,-0.15693041324204593,0.718309051204575,0.0
2024-10-01,2024,2023,20,0.2940087929806101,0.08644117034991525,0.25317757844924926,-0.03989377864559707,-188.93144022578247,0.17542815181846294,0.4,0.0,0.005,5,1,0.001,100,1.0,1.0,-0.042618776696503824,0.6830434404635128,0.0
2024-11-01,2024,2023,20,0.35048725520465873,0.12284131606089559,0.28557500630617144,-0.47779026840175165,-18.582149772454255,-0.37293233082706767,0.5,0.375,0.05,1,5,0.001,200,1.0,1.0,0.35911173180564115,0.5177735901955542,0.0
2024-12-02,2024,2023,20,0.31850356252184275,0.1014445193391054,0.27777320295572283,-0.2203851950569069,-23.79242425178664,0.11578947368421053,0.6,0.6531972647421809,0.01,10,3,0.01,300,1.0,1.0,0.2736071625708112,0.42450394966760663,0.0
2025-01-02,2025,2024,20,0.2989167810977817,0.08935124202185915,0.2609134060144424,-0.07490215966146341,-53.685378471210846,-0.04431378487139107,0.75,0.0,0.005,1,1,0.001,100,1.0,1.0,-0.09947868423323314,0.5067315725823551,0.0
2025-02-03,2025,2024,20,0.3047808681842984,0.09289137761117468,0.2562677961587906,-0.11749025697653748,-45.707147333846,-0.07521625202847344,0.45,0.0,0.005,10,5,0.001,100,1.0,1.0,-0.04663477491885626,0.5577814063018949,0.0
2025-03-03,2025,2024,20,0.2999505905412127,0.08997035676602225,0.2665783330798149,-0.08235015658372591,-50.400609622164225,-0.005281056461815437,0.4,0.5423261445466404,0.01,1,10,0.001,200,1.0,1.0,-0.02931328192879401,0.7345467145985474,0.0
2025-04-01,2025,2024,20,0.3048452011099291,0.09293059663975312,0.25979431629180905,-0.11796206483913507,-67.39927483855398,0.17690583054141193,0.5,0.0,0.005,5,10,0.001,100,1.0,1.0,-0.061018878399430765,0.5957139982881415,0.0
2025-05-01,2025,2024,20,0.29000295827668776,0.0841017158092303,0.24808615267276765,-0.011749964622319364,-19.59198953453322,0.1918014426726073,0.75,0.0,0.005,10,5,0.01,300,1.0,1.0,0.18873269668945436,0.44548340288084187,0.0
2025-06-02,2025,2024,20,0.3106572450957249,0.0965079239304653,0.2725547689199448,-0.16099758111837947,-31.017326272249257,-0.22799103519595212,0.6,0.3476767476825577,0.05,2,1,0.005,300,1.0,1.0,0.09986138001223566,0.7271129861498506,0.0
2025-07-01,2025,2024,20,0.30533167195522887,0.09322742989897548,0.26023435950279233,-0.12153299126587025,-47.24457669783395,-0.7309142145097679,0.55,0.0,0.005,1,5,0.001,100,1.0,1.0,-0.11865851920245851,0.36070027327929344,0.0
2025-08-01,2025,2024,20,0.2949875927279839,0.08701767986345092,0.2526898330450058,-0.046829231440011165,-35.24685769691152,0.3110498872611544,0.7,0.0,0.005,2,10,0.001,100,1.0,1.0,-0.09997133532075098,0.3852384349804128,0.0
2025-09-02,2025,2024,20,0.31655566710199573,0.10020749037438954,0.27117634028196336,-0.2055036436016786,-21.706435481051876,-0.2859293510708311,0.55,0.0,0.005,10,3,0.01,100,1.0,1.0,-0.05530750379493621,0.5997470690715239,0.0
2025-10-01,2025,2024,20,0.2794117104924148,0.07807090396029702,0.2470967561006545,0.06080115536484798,-68.28530852720992,0.2866817967315438,0.55,0.5590169943749475,0.05,1,10,0.001,100,1.0,1.0,0.022548798223851807,0.7630534561440218,0.0
2025-11-03,2025,2024,20,0.32421693981496974,0.10511662406298372,0.2697539222240448,-0.26456089098326285,-33.91574593927965,-0.12034600324555751,0.45,0.4494665749754947,0.05,1,1,0.001,100,1.0,1.0,0.4524817541684022,0.4639766322606316,0.0
2025-12-01,2025,2024,20,0.40493058335263993,0.16396877733430928,0.34331849306821827,-0.9725567198112393,-153.41347578430992,-0.6360902255639098,0.2,0.20100756305184242,0.05,10,1,0.005,100,1.0,1.0,0.12548405014093267,0.7367107407970407,0.0
