rebalance_date,RMSE,MSE,MAE,R_squared,MAPE,Directional_Accuracy,Geometric_Score
1998-01-02,0.07088604991014,0.0050248320718628,0.0594374589219895,-0.1510807318646692,1.0676344908010735,0.7,0.3933978962347216
1998-02-02,0.0661590672672329,0.0043770221816702,0.0582210756383233,-0.5581509251812127,1.4026209856598613,0.8,0.0
1998-03-02,0.095881254285518,0.0091932149233641,0.0710627064397753,-0.320705126795483,1.3502347104282306,0.75,0.4320493798938573
1998-04-01,0.0825174767169793,0.0068091339637372,0.0653329543997633,-0.3011422301144006,1.429317689914173,0.65,0.0
1998-05-01,0.0875470958155463,0.0076644939857364,0.0723640334546642,-1.0965455758065703,4.259493867009077,0.4,0.0
1998-06-01,0.0798833543112925,0.0063813502960235,0.0624122951871567,0.0386298265711148,2.494937926693222,0.8,0.0
1998-07-01,0.0754595934660982,0.0056941502460688,0.0617647020233069,-0.209600130002314,1.8869027219875936,0.5,0.0
1998-08-03,0.1876075486940588,0.0351965923269936,0.1646347957628545,-4.368506585958719,1.3544857274650115,0.05,
1998-09-01,0.133786016068397,0.0178986980954534,0.1032871380384393,-0.3910921943942136,1.4477242831113175,0.55,0.3162277660168379
1998-10-01,0.0885748281440299,0.0078455001807444,0.0712501961689369,-0.7089649071151818,1.1349703844970824,0.8,0.0
1998-11-02,0.1153067615981837,0.0132956492702603,0.0973662957416746,-2.58141321331833,0.8486826917238183,0.9,
1998-12-01,0.0673186938261411,0.0045318065384577,0.0567336295917229,0.0014777438526258,1.1926135363002222,0.65,0.3535533905932738
1999-01-04,0.0808631868172892,0.0065388549822478,0.0556927353658766,0.03606176571951,1.6751707678885144,0.7,0.3779644730092272
1999-02-01,0.0751933474602267,0.0056540395022743,0.0562455750706049,-0.1721686428132367,1.7130371296649247,0.55,0.3162277660168379
1999-03-01,0.0811092280454575,0.00657870687413,0.063189678413413,0.0236769514166185,1.161832125000715,0.75,0.408248290463863
1999-04-01,0.1141322124615907,0.0130261619213776,0.0929858010321055,-0.1480134256986141,3.1794468137253604,0.55,0.0
1999-05-03,0.1121549686237483,0.0125787369869939,0.0970520156414347,-2.2251613864990207,1.5822484100754537,0.25,0.25
1999-06-01,0.0980136995342222,0.0096066852963848,0.0845518340193141,-0.5108735291884758,0.786870153495401,0.85,0.0
1999-07-01,0.0582440635236125,0.0033923709357426,0.0507886913555985,0.1322729669880218,3.1789707634282705,0.65,0.3535533905932738
1999-08-02,0.0943668761630919,0.0089051073167803,0.0759296727694693,-0.2964804853670031,1.8384130934693523,0.4,0.0
1999-09-01,0.1089984364154534,0.0118806591410136,0.089542708369004,-1.463916717036636,2.861484219405781,0.3,0.2439750182371333
1999-10-01,0.1143872671881178,0.0130844468947658,0.094514376387008,-0.2387294068329946,1.480664141045994,0.8,0.0
1999-11-01,0.0999317922894995,0.0099863631101916,0.0770215192411697,-0.5468027043481414,2.09528273704353,0.75,0.4677071733467426
1999-12-01,0.1418632924662568,0.0201251937493667,0.120454085219091,-0.1263430269945586,1.3006921231755664,0.3,0.0
2000-01-03,0.2085871851978702,0.0435086138287706,0.1412307363520036,-2.679854675828441,1.3735325332111183,0.4,0.0
2000-02-01,0.1528092947650419,0.0233506805665894,0.143741361404641,0.0813712605683585,1.3864921448323293,0.3,0.375
2000-03-01,0.1692513495098901,0.0286460193109189,0.1371941181401275,-0.4090380820270538,1.0980117047897724,0.75,0.5239368319955838
2000-04-03,0.178147996933713,0.0317367088114942,0.1309612097787431,-1.062594572367582,1.970839581736588,0.35,0.2567762955065477
2000-05-01,0.1688174783281378,0.0284993409890713,0.1050654509881705,-1.7567415460561229,3.3991625672716737,0.35,0.0
2000-06-01,0.1178702801134137,0.0138934029340146,0.0811997162624398,-0.4357572664978404,3.002249888633551,0.55,0.0
2000-07-03,0.0852655375157848,0.0072702118878557,0.0675903716940625,-1.0463730590039453,1.9783692974063949,0.6,0.5685352436149611
2000-08-01,0.1152973749443739,0.0132934846690635,0.0959334203287905,-0.2477637933669079,2.4974636691702683,0.45,0.0
2000-09-01,0.1535121386159732,0.0235659767024497,0.1036883697188387,-0.2024451367480384,0.9998363013968466,0.6,0.5196152422706632
2000-10-02,0.1630626632262439,0.0265894321384354,0.1299182537183286,-0.3245137188635199,3.858118286673817,0.45,0.3741657386773941
2000-11-01,0.1320147679415435,0.0174278989546595,0.0978902421848657,-0.7665147255538172,3.857562237304317,0.5,0.0
2000-12-01,0.1843853582504372,0.033997960337142,0.1254018939868518,-0.4061817769384019,1.002067412478887,0.45,0.0
2001-01-02,0.1591684298642785,0.0253345890654597,0.1343008189129684,-0.2003469429155604,1.6491970055224248,0.3,0.2282177322938192
2001-02-01,0.1565920717871065,0.0245210769465783,0.1015473343093846,-0.6361197831487422,2.659495290879476,0.45,0.4879500364742666
2001-03-01,0.1946108768800475,0.037873393400021,0.1470374037880391,-2.6586486372442573,2.122002799531969,0.1,
2001-04-02,0.1331328221414267,0.0177243483313407,0.1056026717475689,-2.1336554286146723,1.9010791118547616,0.6,0.464420364012824
2001-05-01,0.1005638392633765,0.0101130857673902,0.0538135741644343,-1.044044254171177,2.9205611773045046,0.6,0.5929994533288809
2001-06-01,0.1020851573180522,0.0104213793446514,0.0727833872217361,-0.7693728801606332,1.1969511445016583,0.35,0.3779644730092272
2001-07-02,0.0678677371363727,0.0046060297440117,0.0577126769542235,0.1536688630139364,2.1500729732378794,0.65,0.5741692517632145
2001-08-01,0.1098939998223998,0.0120766911969656,0.0853190983520049,-0.4434185074595718,3.116536497440665,0.5,0.6123724356957945
2001-09-04,0.1296040614785823,0.0167972127517441,0.0855687135606898,-0.7218275299202457,1.5197777338457528,0.5,0.5
2001-10-01,0.1019596212746605,0.0103957643704722,0.0765024554292328,0.1628225080029173,1.113940578821042,0.7,0.0
2001-11-01,0.1358033326187425,0.0184425451503568,0.0980684689949216,-0.7243125279449447,1.9747798051779104,0.3,0.2439750182371333
2001-12-03,0.0641118795858071,0.004110333104025,0.0511522606640052,-0.1533071589304673,1.4810619967363663,0.5,0.4898979485566356
2002-01-02,0.0784231723741648,0.0061501939652279,0.068086889702096,-0.9223439120629648,1.7922101039524343,0.3,0.3265986323710904
2002-02-01,0.0796745291012044,0.0063480305874986,0.0658205210113648,0.168309211691891,1.203128044191817,0.65,0.6030226891555273
2002-03-01,0.0648133488849447,0.0042007701936815,0.0513771295450366,-0.0690348806900591,1.0087992506167964,0.55,0.4330127018922193
2002-04-01,0.1379397460158176,0.0190273735309082,0.1102279905245188,-2.146387229290942,1.2509425313085747,0.3,0.4200840252084029
2002-05-01,0.0656809707205315,0.0043139899147913,0.0537706417031229,-0.3258047289104013,2.1690314008567557,0.55,0.3162277660168379
2002-06-03,0.1142202877010313,0.0130462741225063,0.0770558456535443,-0.6338186011319944,0.9054584259715076,0.65,0.6793662204867574
2002-07-01,0.1144244625507525,0.0130929576300285,0.0959435908939654,-2.683033813634757,2.0989804240472463,0.3,0.4200840252084029
2002-08-01,0.0601811097513559,0.0036217659709047,0.0510058918438355,-0.3865235035551284,1.210397512030472,0.65,0.4330127018922193
2002-09-03,0.1388039506876824,0.0192665367265085,0.1159449221499472,-2.3214574905897334,0.973822303539684,0.55,0.7254762501100116
2002-10-01,0.1227806041455636,0.0150750767543495,0.0967086220276181,-0.2292255643505452,2.332412429440061,0.45,0.3818813079129867
2002-11-01,0.1415428208352991,0.0200343701300135,0.0941162533581086,-0.7181841199788477,3.199224932499854,0.5,0.5455447255899809
2002-12-02,0.0984066289037876,0.0096838646122077,0.0784008154173095,-1.9496509886566689,2.9369578600116726,0.5,0.6882472016116853
2003-01-02,0.0740842398059362,0.0054884745876234,0.0539236559996997,-4.148354557970262,3.585324737439026,0.4,0.4330127018922193
2003-02-03,0.0487499898057856,0.0023765615060642,0.0365825427835997,-0.598780098578616,2.0376125279448223,0.75,0.4677071733467426
2003-03-03,0.0710704694090292,0.0050510116220197,0.0529123600111326,-2.175926588578125,3.7170274084557966,0.45,0.5940885257860046
2003-04-01,0.0722316417720756,0.0052174100730894,0.0631241237821165,-0.9945880647230424,1.3251845741187347,0.45,0.5163977794943222
2003-05-01,0.0733840447343476,0.0053852180215727,0.0585218190492359,-0.6678026756423896,1.382671381029494,0.45,0.4879500364742666
2003-06-02,0.066386017082846,0.0044071032641239,0.0544813168958676,-0.6563368012292299,1.1414609836642715,0.45,0.4898979485566356
2003-07-01,0.0812571852471823,0.0066027301542949,0.060889899744353,-0.0404845539799518,1.0234101832029396,0.6,0.5773502691896257
2003-08-01,0.0744908863667743,0.0055488921517076,0.0489148662172955,-0.9371464039468024,2.315869348543001,0.45,0.4447495899966607
2003-09-02,0.0481395803353883,0.0023174191948673,0.0380012101711041,-0.0880987450031005,1.0785524345778328,0.6,0.60380736442456
2003-10-01,0.0720557289761948,0.0051920280782908,0.0598492809071695,-0.024891722930453,1.0804140481417146,0.6,0.6
2003-11-03,0.0454853470623999,0.0020689167973869,0.0395811689182423,-0.057959422553375,5.251915881110495,0.35,0.3178208630818641
2003-12-01,0.0837400826461882,0.0070124014415904,0.072502157067461,-1.3501659129302408,1.0904409899848797,0.4,0.4850712500726659
2004-01-02,0.0500067266717589,0.002500672712424,0.0409262152427164,-0.7230085921566254,1.8894016151126736,0.45,0.4320493798938573
2004-02-02,0.0548452435318846,0.0030080007380717,0.0394737310109439,-0.0848504609085802,1.0579021198339624,0.6,0.4879500364742666
2004-03-01,0.0600679814354707,0.003608162393732,0.0483274941509538,-1.74457242367876,19.35451241127996,0.3,0.2581988897471611
2004-04-01,0.0667256284451567,0.0044523094914011,0.0482215041479948,-0.7550050977130511,2.391125412185203,0.6,0.3333333333333333
2004-05-03,0.0380669107685439,0.0014490896954602,0.0310512007867344,-0.1697463336018847,1.992340419883672,0.5,0.3015113445777636
2004-06-01,0.0378248045005521,0.0014307158355049,0.0294700581172009,-0.1010091653666598,2.2684712283370883,0.5,0.458257569495584
2004-07-01,0.0631207081743779,0.0039842238004349,0.0503920099325923,-0.4827000181943148,1.608108422380154,0.4,0.2700308624336608
2004-08-02,0.0621874359551242,0.0038672771906726,0.0430794810140648,-0.8205789613399441,1.72943300706757,0.55,0.0
2004-09-01,0.1057667130207074,0.0111865975832046,0.0745353399793092,-0.8031001070046735,1.4915841454120442,0.5,0.4923659639173309
2004-10-01,0.0982645469171228,0.0096559211808274,0.0507089081172398,-0.369681090203368,0.8794555806647433,0.65,0.3779644730092272
2004-11-01,0.046702296709431,0.0021811045179357,0.0370478953837448,-0.2837107576958313,0.846024256401767,0.8,0.4841229182759271
2004-12-01,0.0453598783643963,0.0020575185652328,0.03355017475478,0.0123682604292003,1.4656939025249178,0.55,0.5135525910130955
2005-01-03,0.0645327864559503,0.0041644805277692,0.0473248664805217,-1.0959693470182028,1.9363417819532809,0.3,0.2581988897471611
2005-02-01,0.0760672406815731,0.0057862251049083,0.0489924610352636,-0.3326570308740935,2.2046140388737294,0.45,0.2842676218074805
2005-03-01,0.0514304491109964,0.0026450910957587,0.0372620763837084,-0.2922362275421764,1.5006307082228254,0.5,0.529150262212918
2005-04-01,0.0700160924605406,0.0049022532034429,0.0529052204818963,-0.2933915023737647,1.1387937722080046,0.45,0.2886751345948128
2005-05-02,0.0489016402278821,0.0023913704169772,0.0349563703076379,-0.1689394318592267,1.330771009638395,0.75,0.5239368319955838
2005-06-01,0.0425069222169926,0.0018068384363614,0.0368656505433818,-1.0017785154813597,1.0916447221202583,0.3,0.3265986323710904
2005-07-01,0.0626972513456752,0.0039309453263027,0.0478513710222072,-0.3490353349053205,1.2957314429255755,0.4,0.3631365196012814
2005-08-01,0.0464319810383089,0.0021559288631418,0.0385084239896479,-0.4145865326473863,2.829846753972047,0.5,0.57282196186948
2005-09-01,0.0457051805872041,0.0020889635325089,0.034972152794869,-0.1915449448394519,1.2414361444574449,0.55,0.529150262212918
2005-10-03,0.0659666978470687,0.0043516052248464,0.0513748523656342,-0.0022656120315784,1.2450318064351096,0.45,0.4264014327112208
2005-11-01,0.0695045329051889,0.0048308800943684,0.0562689850989365,-2.458520171723466,0.8016996098606437,0.65,
2005-12-01,0.0477901706279054,0.0022839004086443,0.0395580134799889,-0.6919384145195671,1.1711796155519325,0.35,0.4
2006-01-03,0.0667456664727506,0.0044549839928916,0.0542200594325997,-0.0985084307058141,1.0495990839122622,0.45,0.3818813079129866
2006-02-01,0.0339298414940257,0.0011512341438097,0.0281145621684322,-0.0413844612228515,2.9164193639610296,0.4,0.3481553119113956
2006-03-01,0.0354920674703482,0.0012596868533197,0.0289921668122631,0.014840785153668,2.017260676765732,0.35,0.2461829819586654
2006-04-03,0.0536579025222482,0.002879170503087,0.0425068544624634,-0.0780936402668492,1.52595444618574,0.5,0.3
2006-05-01,0.0562550742195876,0.0031646333754513,0.0440065515670364,-0.1272232524012901,2.9478928561938136,0.5,0.3
2006-06-01,0.0270763100607546,0.0007331265665061,0.0184280760771888,0.057828667371308,1.5693039245561176,0.65,0.628970902033151
2006-07-03,0.0711815973010544,0.0050668197943294,0.0609697278200131,-0.4132431339175346,0.9451130238614092,0.6,0.5163977794943222
2006-08-01,0.0700910465594274,0.0049127548077958,0.0515224137046766,-0.40928495200075,2.7388920020696648,0.7,0.5048781642974013
2006-09-01,0.0422874396211659,0.0017882275497137,0.0349664903407474,-0.5267238103889793,0.9215133899327788,0.6,0.0
2006-10-02,0.0438332301417672,0.0019213520646611,0.0337204422234366,-0.3276329048376203,0.9786454335143542,0.6,0.5590169943749475
2006-11-01,0.0560494993931883,0.003141546382227,0.0405327342016743,-0.307605146259466,1.0661924140093473,0.4,0.2700308624336608
2006-12-01,0.0489135939811698,0.0023925396761547,0.041506363696207,-0.4189855437674454,3.002481193321428,0.5,0.375
2007-01-03,0.0330208528698053,0.0010903767242493,0.0269720361889582,-0.1074107278030693,0.9898078289564975,0.6842105263157895,0.5838742081211422
2007-02-01,0.0414923380335256,0.0017216141154883,0.0349087827715236,-2.451419297366788,1.773369328628588,0.3157894736842105,0.4850712500726659
2007-03-01,0.042880332926392,0.0018387229518782,0.0362469812900995,-0.7067310714603445,3.29836263718214,0.3684210526315789,0.4140393356054125
2007-04-02,0.0582443540048401,0.0033924047734411,0.0495768178143397,-2.2961956029461428,0.8540242668481559,0.7368421052631579,
2007-05-01,0.0432267915331402,0.0018685555062495,0.0331932276356441,-0.380260133405452,1.046471983775609,0.631578947368421,0.0
2007-06-01,0.0491333729527396,0.002414088337713,0.0436896063872141,-0.2982768276887317,1.1870393247438684,0.2105263157894736,0.0
2007-07-02,0.0590860876953845,0.0034911657591466,0.0466845769808993,-0.4439291065811395,1.0951570736274423,0.3684210526315789,0.3779644730092272
2007-08-01,0.0442511501374351,0.0019581642884858,0.032998572585273,-0.2598606749678374,1.386777479251558,0.8421052631578947,0.0
2007-09-04,0.0510582696586794,0.0026069469005384,0.0422759857182843,-1.837410607238332,1.2173505271257,0.7368421052631579,0.6183469424008423
2007-10-01,0.0724472063842888,0.0052485977128877,0.047278010627769,-0.0936462802084161,3.341533606856138,0.3684210526315789,0.3370999312316211
2007-11-01,0.0777985003475238,0.0060526066563236,0.0655532696537909,-0.5875599707001746,1.3931674185599936,0.2105263157894736,0.2236067977499789
2007-12-03,0.0533807865796364,0.0028495083758606,0.0457724208218179,-0.2168408000447723,1.6469032339977954,0.4736842105263157,0.4472135954999579
2008-01-02,0.1347090861592218,0.0181465378938526,0.1087031513531171,-0.9758196638063524,1.2481598087576824,0.2631578947368421,0.2581988897471611
2008-02-01,0.0790306458727977,0.0062458429870715,0.0603943290397009,-0.4852714316237594,1.535361636851361,0.3684210526315789,0.3922322702763681
2008-03-03,0.1152169633396857,0.0132749486412184,0.068939779304202,-1.068660774080835,0.916869332069702,0.6,0.6
2008-04-01,0.1118251334365459,0.0125048604681013,0.0894873029168819,-0.4343715179744014,1.160825020537439,0.25,0.2309401076758503
2008-05-01,0.1012482533437363,0.0102512088051574,0.0718094296584334,-0.4907316010351805,1.6133279587112213,0.3,0.2247332874877473
2008-06-02,0.1629649382582537,0.0265575711015164,0.1249175678115887,-3.487454391675524,1.2142778420638949,0.2,
2008-07-01,0.1012066192983115,0.0102427797897933,0.0829309850090791,0.0183838376088962,1.132800705280347,0.6,0.5222329678670935
2008-08-01,0.0757486655423364,0.0057378603314447,0.0638381838491371,-1.087110789970804,1.5678630245740426,0.45,0.3535533905932738
2008-09-02,0.2647705910842212,0.0701034659030878,0.1530151106452974,-0.6494725920639906,2.536348538561065,0.35,0.4
2008-10-01,0.2339268069124793,0.0547217509922684,0.1971525383218721,-5.105613349923181,1.1213444793569594,0.2,
2008-11-03,0.2134576508799401,0.0455641687191823,0.1271988726801118,-1.2995983314640434,1.006306585348644,0.55,0.4330127018922193
2008-12-01,0.1259303655703918,0.0158584569726925,0.0927831695732919,-2.8814127991209086,4.126128863725304,0.55,0.0
2009-01-02,0.1151615734574649,0.013262188001199,0.1003537982239892,-0.2494632360660533,1.548254212828441,0.4736842105263157,0.4850712500726659
2009-02-02,0.1931319909759353,0.0372999659383287,0.1693789086936217,-2.6104129406765546,1.6427268087140678,0.1052631578947368,0.0
2009-03-02,0.1258654986498202,0.0158421237503678,0.096347424133246,-2.3556610458046694,1.340244083753546,0.4210526315789473,0.0
2009-04-01,0.1918804771273904,0.036818117502635,0.1232318103474113,-2.865001109626064,2.1764412493255554,0.4210526315789473,0.4225771273642583
2009-05-01,0.0990424936886608,0.0098094155560684,0.0729286142049015,-1.0079309069712896,0.9863007762149966,0.6842105263157895,0.7905694150420949
2009-06-01,0.0925994728277169,0.008574662367971,0.0701256326230951,-1.6094720296517449,2.666760702832616,0.3684210526315789,0.4472135954999579
2009-07-01,0.0899670036162112,0.0080940617396793,0.0685617617922689,-2.2873669292247376,1.1705619191571794,0.631578947368421,
2009-08-03,0.108685100892905,0.0118124511561009,0.0728618837421597,-2.938060966471644,2.485268444718186,0.2631578947368421,0.0
2009-09-01,0.0659014331511702,0.0043429988913781,0.0498772615945714,-0.50218734793761,3.148233675754176,0.631578947368421,0.3755338080994054
2009-10-01,0.0556333863079014,0.0030950736720841,0.0389262467073086,-0.1262720934759609,2.8603717752832165,0.5789473684210527,0.5163977794943222
2009-11-02,0.0475483109162403,0.0022608418709874,0.0392967622539109,-1.4773752369565971,1.2065116465952417,0.6842105263157895,0.0
2009-12-01,0.0463831237916945,0.0021513941726756,0.0358081851772738,-0.0617791091795594,1.4214846223531767,0.5263157894736842,0.5163977794943222
2010-01-04,0.0893796125114637,0.0079887151326994,0.0753306713826856,-2.149331273120217,1.306209453019876,0.35,0.4
2010-02-01,0.0415227042358328,0.0017241349670564,0.0319592097868147,-0.0602830799862981,1.262670385758207,0.5,0.3015113445777636
2010-03-01,0.0625923046398704,0.0039177966001303,0.0474481722434689,-0.7582790214174562,1.1023396151046088,0.8,0.0
2010-04-01,0.051121664206866,0.0026134245512795,0.0386234678601817,-0.1471744818279481,1.233506635619066,0.5,0.0
2010-05-03,0.105029374041152,0.0110311694114762,0.0941909976761745,-5.840495165951932,1.289668485953693,0.15,
2010-06-01,0.0789602942891624,0.0062347280742311,0.0670094773264092,-1.544405278598271,1.4467702809623555,0.35,0.4428074427700476
2010-07-01,0.0510486949874399,0.0026059692599206,0.0427811826558396,-0.3092868698581217,1.0111127454715088,0.55,0.0
2010-08-02,0.0788615795639046,0.006219148731314,0.061360860549837,-0.4401465766346186,1.0859286378288364,0.65,0.7302967433402214
2010-09-01,0.0724378337419962,0.005247239757233,0.0569458947017718,-1.339186629227228,0.8579133258199843,0.8,
2010-10-01,0.0666063085548175,0.0044364003392995,0.05087947455387,-0.4088500304152018,1.0559130149906102,0.5,0.5601120336112039
2010-11-01,0.0656248946877647,0.0043066268027802,0.0484050785171366,-0.4148694277338762,1.048353732859908,0.55,0.5547001962252291
2010-12-01,0.0865670840461785,0.0074938600402581,0.0667820165966638,-1.181108848444615,0.9864689806304104,0.55,0.5270462766947299
2011-01-03,0.0591613640332174,0.0035000669942708,0.0470352542228558,-0.900979875542107,1.3938856097765409,0.4,0.3779644730092272
2011-02-01,0.0517246842048044,0.0026754429560867,0.0403947543138932,-0.2896455530601096,2.2194631140838803,0.35,0.3227486121839514
2011-03-01,0.0456721916893503,0.0020859490937087,0.0386781415251607,-0.1755131288451212,1.45242909664735,0.3,0.2842676218074805
2011-04-01,0.0654634118695502,0.0042854582936023,0.0538709868809091,-0.2993406329469064,1.7022435881522664,0.75,0.408248290463863
2011-05-02,0.0464188157791272,0.0021547064583365,0.039409129608873,-0.7374513059509546,1.3743120463148968,0.4,0.3779644730092272
2011-06-01,0.0293946108240756,0.0008640431454988,0.0240240919781473,-0.3914480189334817,1.478969780488952,0.45,0.5163977794943222
2011-07-01,0.0788178171045355,0.006212248293124,0.05496597848352,-0.0194473906978323,1.01882689731382,0.6,0.3333333333333333
2011-08-01,0.0907774777279604,0.0082405504626503,0.0727283066484122,-1.4640091295915227,1.2310284433905327,0.3,0.3535533905932738
2011-09-01,0.1093033250093459,0.0119472168580987,0.0690282620134087,-1.052951181594929,1.3523959258830254,0.45,0.5303300858899106
2011-10-03,0.0870462685131261,0.0075770528620592,0.0727187564669645,-1.799345196638118,0.8203716565829714,0.65,
2011-11-01,0.0904388073956096,0.0081791778831401,0.0561503836153382,-0.6100257542586838,13.63130256178419,0.5,0.0
2011-12-01,0.0985047022789767,0.0097031763710698,0.086925223514409,-0.9983637371234242,1.2347652607630992,0.5,0.6882472016116853
2012-01-03,0.0721797383229129,0.0052099146243641,0.0578004967558271,-0.2219185423761154,1.7847703916434,0.5,0.502518907629606
2012-02-01,0.0679612350558685,0.004618729470319,0.050367616520146,-0.7681807063798243,1.0718065284179572,0.55,0.4428074427700476
2012-03-01,0.0695603589783004,0.00483864354119,0.0495742806151284,-1.035418359464297,1.0081966175249888,0.55,0.5940885257860046
2012-04-02,0.0344611939879271,0.0011875738910735,0.0274438682386248,0.2580644798256729,1.5522443500175902,0.6,0.6030226891555273
2012-05-01,0.0855251001747883,0.0073145427599075,0.0668248844758485,-0.5553573357785755,1.054517929004364,0.3,0.4200840252084029
2012-06-01,0.0575451681151958,0.0033114463734061,0.0484266547496069,-1.754723590677433,1.262441989049754,0.6,0.0
2012-07-02,0.0557609889575178,0.0031092878895204,0.0498765890308041,-1.3061186048502875,0.9616768071469938,0.85,0.5601120336112039
2012-08-01,0.0460303634011181,0.0021187943548389,0.0303808114900909,-0.0803437016343715,1.0766464871758772,0.55,0.4242640687119285
2012-09-04,0.0499473305661969,0.0024947358306889,0.0395021210455584,-0.4750030605659867,0.849024196598514,0.85,0.0
2012-10-01,0.0515966071853623,0.0026622098730405,0.0390130973010327,-0.7689179585679347,1.6712620386968826,0.35,0.3779644730092272
2012-11-01,0.0453159465312975,0.0020535350100274,0.0347267219070632,-1.3458526313969688,1.90171164749453,0.45,0.3818813079129866
2012-12-03,0.0385414197260428,0.001485441034499,0.0336622722965482,-0.0118588157750298,2.1983633017332824,0.5,0.4020151261036848
2013-01-02,0.069646654185102,0.0048506564391791,0.0620020914103469,-1.0932494650134237,1.147456458409297,0.8,0.0
2013-02-01,0.0408587020750633,0.0016694335352587,0.0331481910536159,-0.6697728228597317,1.339354461980839,0.75,0.4320493798938573
2013-03-01,0.05450223132345,0.0029704932192348,0.0474292885733134,-1.0329585837184037,10.858982226557346,0.7,0.0
2013-04-01,0.0541224821674504,0.0029292430759659,0.0376405726380856,-0.3852154821582889,0.9433471140297992,0.8,0.0
2013-05-01,0.0683166097039017,0.0046671591614352,0.0602055965616098,-0.0660389861122217,1.1040184804640156,0.45,0.0
2013-06-03,0.0574979335322465,0.0033060123604786,0.0444650161973754,-1.626660925068884,1.482341129121805,0.25,0.3061862178478972
2013-07-01,0.0537096518252665,0.0028847266991913,0.0446723235784678,-0.2540165296726662,2.1218366209138786,0.75,0.0
2013-08-01,0.0645166616411823,0.0041623996293228,0.0612298555008491,-1.1802568961017652,1.175499037665574,0.15,0.2357022603955158
2013-09-03,0.0189323584046496,0.0003584341947621,0.0155106844139497,0.2889323997792348,1.7018495403741525,0.8,0.5773502691896257
2013-10-01,0.0599798235168983,0.0035975792291182,0.0457555274297431,-0.4417851788007898,1.764816171038736,0.6,0.3829708431025352
2013-11-01,0.0514736179608782,0.0026495333459824,0.0419636158687349,-0.9337310328498716,0.9981756654605776,0.65,0.0
2013-12-02,0.0383537675499703,0.0014710114852771,0.0316589379604982,-0.1435481799022273,1.025655417970215,0.55,0.5
2014-01-02,0.0706771221644579,0.0049952555974497,0.0631411311768524,-0.9949179550614776,1.2789302909192404,0.15,0.1980295085953348
2014-02-03,0.0378977822844455,0.0014362419020792,0.0288448723937536,-0.2806087562157089,1.4098083828514647,0.8,0.0
2014-03-03,0.0515181600955246,0.0026541208196281,0.0424917591942187,-0.2454999022964115,0.8121989538210759,0.85,0.5601120336112039
2014-04-01,0.0617611225366234,0.0038144362569838,0.0498548860135266,-0.2943761026000859,1.0842298506141284,0.55,0.0
2014-05-01,0.0373375042483195,0.0013940892234932,0.0300000130940263,0.1149246399277797,4.471327122370692,0.65,0.3779644730092272
2014-06-02,0.0318635212397689,0.0010152839857972,0.0279993804194398,-0.3328129616425843,1.5769834680604509,0.55,0.3178208630818641
2014-07-01,0.0415494486391471,0.0017263566822171,0.0367484933421185,-0.4723142134624052,1.4605667628339725,0.3,0.0
2014-08-01,0.0306760953885717,0.0009410228282887,0.0253587799735662,0.0138236602267484,1.466730675401309,0.65,0.0
2014-09-02,0.0352963320028517,0.0012458310528555,0.0257673767504828,0.045286447324063,0.8793595902719848,0.65,0.5741692517632145
2014-10-01,0.0447108991028659,0.0019990644985866,0.0257873966714091,-0.2703687861119379,1.0531707484217867,0.7,0.3933978962347216
2014-11-03,0.0658609154953071,0.0043376601898799,0.0520065305849186,-0.4127586532269103,1.9439944449848523,0.7,0.0
2014-12-01,0.046111304453881,0.0021262523984385,0.0371061343912745,-0.3896021566794163,2.664683616530056,0.45,0.2886751345948128
2015-01-02,0.0956788679820233,0.0091544457783214,0.0817906216031886,-2.349789584814498,3.351373824694532,0.1578947368421052,0.2425356250363329
2015-02-02,0.0544343112571652,0.0029630942420419,0.0411358431707781,-0.3896718938020465,8.698548352315747,0.7894736842105263,0.0
2015-03-02,0.0487870377252471,0.0023801750500046,0.0397611390171878,-2.722165881578605,1.6037155092407027,0.1578947368421052,0.2425356250363329
2015-04-01,0.0421262671097496,0.0017746223806019,0.0354117752551203,0.2605170828248426,1.1278226662398496,0.5263157894736842,0.0
2015-05-01,0.0457664634454597,0.0020945691763046,0.0354334629453832,-0.8162751341625947,1.964955395343832,0.4736842105263157,0.2981423969999719
2015-06-01,0.0658193063293789,0.0043321810856806,0.0558038313415889,-2.22782851060671,1.368476476489724,0.3157894736842105,0.2672612419124244
2015-07-01,0.0665200616428069,0.0044249186009628,0.0491723492925933,-0.260997792840941,4.346145221167595,0.5789473684210527,0.0
2015-08-03,0.0954952356718389,0.00911934003602,0.0876950452456688,-5.544786803322348,1.4128430969465815,0.0,
2015-09-01,0.060486664717697,0.003658636608671,0.0541662965812312,-1.5783181248904286,9.626689582506543,0.2105263157894736,0.0
2015-10-01,0.114600004850775,0.0131331611117976,0.0994483579865579,-1.861892462190919,0.8412027587831971,0.7368421052631579,0.0
2015-11-02,0.0222554418538113,0.0004953046921083,0.0145869149749938,0.0706348836642696,2.026566928134404,0.6842105263157895,0.511766315719159
2015-12-01,0.0572949300733771,0.0032827090121131,0.0437357329309214,-1.306094922390225,2.707387534632956,0.25,0.2182178902359923
2016-01-04,0.0975924848206871,0.009524293093476,0.0781980602900112,-1.1388179738063422,1.4488267414039606,0.2,0.0
2016-02-01,0.0412498123955878,0.0017015470226711,0.0350736175139535,0.1054032122274665,2.630031178942488,0.6,0.5669467095138409
2016-03-01,0.0497780746057528,0.0024778567114558,0.041036051766326,-0.6596439473021605,3.880930099235099,0.75,0.0
2016-04-01,0.0545679037651634,0.0029776561213241,0.0472863840699457,0.1780460474071911,0.9607001754399396,0.7,0.5863019699779287
2016-05-02,0.0462716050373241,0.0021410614327301,0.0322266479004445,0.2195806652380413,1.468021331505533,0.6,0.0
2016-06-01,0.0580440570501698,0.0033691125588433,0.045702700120868,-0.1986921416409357,1.1399509065065088,0.7,0.5773502691896257
2016-07-01,0.0745727539522186,0.0055610956320181,0.0587972160690177,-0.7377837263693072,0.98670051985685,0.9,0.9459053029269172
2016-08-01,0.0463916298175939,0.0021521833171326,0.0378543844805741,-0.3022983953339,2.599735952118344,0.55,0.5
2016-09-01,0.0460087880718147,0.0021168085798371,0.037475968674316,-0.4649856581508103,2.223241118999556,0.35,0.0
2016-10-03,0.042214976114287,0.0017821042083298,0.032111323602197,-0.4690094079263356,1.9368873429773992,0.5,0.4677071733467426
2016-11-01,0.0902692511680992,0.0081485377064493,0.0723863105352158,-0.0458674912784846,2.90649353679006,0.4,0.0
2016-12-01,0.0445328999308848,0.0019831791762542,0.0344805437245745,-0.4176961193786981,1.0797627626473072,0.7,0.0
2017-01-03,0.0475530137251083,0.0022612891143403,0.0371392913707264,0.000143399022786,1.6740198643302602,0.5,0.3061862178478972
2017-02-01,0.0528201121334477,0.0027899642457899,0.0423784252391741,-0.4379892300627541,12.621031925286298,0.5,0.0
2017-03-01,0.0253607778890944,0.0006431690551399,0.0206161864537894,0.115326833630705,47.996083139631565,0.55,0.4923659639173309
2017-04-03,0.0358904721946797,0.001288125994357,0.0303620540852096,0.0122169210936772,2.591866540604993,0.55,0.5
2017-05-01,0.0525402413176377,0.0027604769577156,0.044702060666737,-0.1102060042764785,1.800621099411806,0.45,0.0
2017-06-01,0.0406627405763465,0.0016534584711792,0.0358151527391354,0.1090351353491883,1.9247255786913389,0.6,0.628970902033151
2017-07-03,0.0421060619381091,0.0017729204519358,0.0297049735122814,-0.6336461464564562,1.1426148240552692,0.6,0.4879500364742666
2017-08-01,0.0430433672565377,0.0018527314647811,0.0320305700139301,-0.2978417184871018,1.4846875273831333,0.55,0.3227486121839514
2017-09-01,0.0416954259164887,0.0017385085423574,0.0338701922316289,-0.2621743629082127,2.494940738506961,0.8,0.4841229182759271
2017-10-02,0.0840174729290663,0.0070589357573864,0.0676945737354346,-0.3583024651461723,0.9525544329097028,0.8,0.7211102550927979
2017-11-01,0.0375791262789055,0.0014121907318859,0.0268535670958255,-0.739301318756858,1.3186220337275116,0.85,0.9128709291752768
2017-12-01,0.0634624913258432,0.0040274878052827,0.0483780228571101,-0.5629231375678012,0.8766586036107317,0.7,0.0
2018-01-02,0.0752888069959685,0.0056684044588762,0.0611667071328798,-0.6813373780368439,1.0082038935559825,0.8,0.4841229182759271
2018-02-01,0.0931690796638594,0.0086804774054105,0.0789130351466405,-1.1456554057253738,1.4468963931800232,0.25,0.3429971702850177
2018-03-01,0.0830598963563761,0.0068989463827319,0.0758531405605706,-3.1524947809568395,1.620187402344445,0.1,0.2294157338705617
2018-04-02,0.0534789922142561,0.0028600026082524,0.042859533176394,-0.27296116337496,1.2236753958540718,0.65,0.0
2018-05-01,0.0559174865878172,0.0031267653062987,0.0439223126849078,-0.1984366135434547,1.0286577006597164,0.55,0.0
2018-06-01,0.0473267375798599,0.0022398200899529,0.0381234295018466,-0.4894470043481655,1.0930572584689695,0.65,0.4
2018-07-02,0.0682125451849324,0.0046529513206064,0.0573450372296894,-0.6390222135317907,1.2879439494459146,0.6,0.0
2018-08-01,0.064117038467795,0.0041109946218807,0.0464720730753503,-0.450602790090516,1.347836590562996,0.75,0.7659416862050705
2018-09-04,0.0553272949395003,0.0030611095653224,0.0397481263906467,-0.9268449833845958,2.680383391696031,0.45,0.0
2018-10-01,0.0878678736969723,0.007720763228027,0.0717172846652463,-0.573642653094995,1.7376323596313106,0.3,0.2439750182371333
2018-11-01,0.070185652633673,0.0049260258356146,0.0597690676144779,-0.4988525415619163,1.0795263572297509,0.7,0.0
2018-12-03,0.10448154420471,0.0109163930794007,0.095506884739505,-5.454681322796088,1.3298411299159472,0.15,
2019-01-02,0.0669514813268722,0.0044825008518625,0.0500568207062972,-0.2017127139610222,0.8782441250067701,0.9,0.0
2019-02-01,0.0670003076150959,0.0044890412205174,0.0552982415706675,-0.3437864970406967,2.600728763230606,0.8,0.7409585736349483
2019-03-01,0.0555931072118547,0.0030905935694687,0.0473750456202143,-0.6002371065401135,1.4467463387124009,0.5,0.3144854510165755
2019-04-01,0.0751548308438383,0.0056482485991659,0.0624349153670187,-0.2670307699568388,1.171646725301303,0.7,0.6021937915964948
2019-05-01,0.0974584484484931,0.0094981491739876,0.0787322900091774,-1.9951472456691637,1.117232335690181,0.3,0.3535533905932738
2019-06-03,0.0497715952434075,0.0024772116930735,0.0420271498868145,-1.2521389807526335,0.8824914938885188,0.8,0.0
2019-07-01,0.0588490893197539,0.0034632153137643,0.0480404280188006,-0.1240697666264505,1.1942102007298376,0.45,0.2964997266644404
2019-08-01,0.0724485293113298,0.0052487893993746,0.0603794592499787,-1.708774472265988,2.2582821815261034,0.3,0.3535533905932738
2019-09-03,0.0453786117343044,0.0020592184029327,0.0370212999463811,-0.0670133470517602,1.1765683727592753,0.7,0.0
2019-10-01,0.0580806456899999,0.0033733614037673,0.041525834096517,-0.2010027057466883,1.1449700945547556,0.75,0.5239368319955838
2019-11-01,0.0459380966259108,0.0021103087216115,0.0343953472607224,-0.7659974260719806,2.336534564500975,0.8,0.5423261445466404
2019-12-02,0.0430250853154208,0.0018511579663992,0.0330051252575201,-2.441187333192425,1.0493042313345289,0.7,0.8271701918685112
2020-01-02,0.0590137636248685,0.0034826242971718,0.0521268722578921,-0.0692362533039006,1.2497270234624895,0.45,0.0
2020-02-03,0.1235993374987424,0.015276796230128,0.1149273194351374,-6.475482115637404,1.1390636167709856,0.2,0.3973597071195131
2020-03-02,0.1917955781716577,0.0367855438062004,0.1696328921294586,-3.819042037023976,1.757286496491096,0.15,0.3244428422615251
2020-04-01,0.1259696924947483,0.0158683634272214,0.104932583343449,-1.7828106258452625,0.6297081476203154,1.0,
2020-05-01,0.072320067860672,0.0052301922153722,0.0580811305094657,-0.1982003626118433,1.7900847624543086,0.8,0.6813851438692469
2020-06-01,0.1113599206921206,0.0124010319365554,0.0981781457197993,-1.8395046967429092,14.499234509814258,0.3,0.0
2020-07-01,0.100814446805367,0.0101635526846721,0.0785031837156921,-0.6473705980429185,1.949237349604808,0.9,0.0
2020-08-03,0.1086213402175804,0.0117985955506633,0.0778975667045362,-0.4222632438657854,1.6061848401795609,0.85,0.0
2020-09-01,0.1035197405541161,0.0107163366843915,0.0840774748662589,-3.604839538814031,2.6637279861021037,0.5,0.5455447255899809
2020-10-01,0.1086256385171474,0.0117995293432579,0.0937328112985732,-2.7041161052181297,3.330431836405608,0.25,0.0
2020-11-02,0.1118498817859929,0.0125103960555405,0.0881908141891677,-1.2990494671506343,2.5388477557557043,1.0,
2020-12-01,0.07552973208822,0.0057047404293182,0.0572648339318302,-0.4797632794326318,1.644375218749581,0.55,0.0
2021-01-04,0.0678316527646468,0.0046011331167836,0.0552595910511922,-0.3485453200642656,1.4069547834183267,0.4,0.3631365196012814
2021-02-01,0.1329936549364234,0.0176873122533484,0.0917740763871791,-0.6177523922923776,5.107547051769057,0.55,0.0
2021-03-01,0.1058324840947883,0.0112005146896736,0.0778550528408707,-1.20241682255321,1.9345375325852088,0.45,0.0
2021-04-01,0.0733017794001303,0.0053731508632253,0.0595372974543227,-0.6910642897619836,1.1156204260430918,0.7,0.5048781642974013
2021-05-03,0.0727655068746113,0.0052948189907191,0.0530790767162533,-0.8083376638042168,3.3546279672376,0.5,0.458257569495584
2021-06-01,0.0780475703130023,0.006091423231763,0.0516624013127518,-0.0520804148786249,1.4894539120596355,0.55,0.3178208630818641
2021-07-01,0.05556046339679,0.003086965092866,0.0479169470414381,-0.5238871913030412,2.8140280988938016,0.55,0.4447495899966607
2021-08-02,0.0621792951352321,0.0038662647435143,0.0491685135429617,-0.0587654815834748,1.32250980904823,0.65,0.4
2021-09-01,0.0694313466464883,0.0048207118971448,0.0602303845623976,-1.8375258532755256,1.3886595955933203,0.2,0.2165063509461096
2021-10-01,0.1258922373415633,0.0158488554228645,0.0904287272561727,-0.1726815157974397,1.8768734585169065,0.45,0.0
2021-11-01,0.1175559026158516,0.0138193902398276,0.0879687279829381,-0.1505724391832457,1.172103274984048,0.55,0.5
2021-12-01,0.1039286058443362,0.0108011551127474,0.0672812188271944,-2.093894610969098,1.7181290803635956,0.65,0.5416025603090641
2022-01-03,0.1205279605271835,0.0145269892688423,0.090144375037197,-2.2896959455383468,1.0986243795996553,0.45,0.5163977794943222
2022-02-01,0.0975154278052721,0.0095092586600452,0.0648908802031105,-0.1774419772881026,2.387005144474333,0.55,0.4264014327112209
2022-03-01,0.1001765050206409,0.0100353321581505,0.0815512191409079,-0.106279306087613,1.1552455206842822,0.65,0.0
2022-04-01,0.1667920188425665,0.027819577549579,0.1316283277499654,-1.5783142245721575,1.0564270171057468,0.45,0.5590169943749475
2022-05-02,0.0943865443715931,0.0089088197584107,0.0702146596458892,-0.8461376887668932,2.72177523255178,0.45,0.3922322702763681
2022-06-01,0.137402087984283,0.0188793337824406,0.1197858091565113,-4.762628365108669,1.2781940004599488,0.2,0.3973597071195131
2022-07-01,0.083509569832005,0.0069738482535265,0.0647725386930756,-0.4439434952526142,127.78447808837848,0.6,0.0
2022-08-01,0.0779516837980807,0.0060764650069559,0.0600463392706334,-1.1733489533467685,3.926407059091264,0.5,0.4364357804719847
2022-09-01,0.1645164277136803,0.0270656549876706,0.1442629368219181,-8.719220724715058,1.9233695102145605,0.2,0.3973597071195131
2022-10-03,0.1310560226487814,0.0171756810725179,0.0913839205960173,-0.1148726069785734,1.1132893056827051,0.75,0.0
2022-11-01,0.1423904847328833,0.0202750501424654,0.1236483849693234,-0.9727264639464008,1.1485149736787104,0.3,0.3131121455425747
2022-12-01,0.1185420502650097,0.0140522176810321,0.0810926645231268,-0.7943143043709018,3.4406859246496992,0.45,0.3265986323710904
2023-01-03,0.1307442654629664,0.0170940629514506,0.0918755590871477,0.1214871488172968,0.9483112498295568,0.6,0.0
2023-02-01,0.1102714720803461,0.0121597975547665,0.0831264657985224,-1.0326457198238814,1.527401883777925,0.2,0.1889822365046136
2023-03-01,0.0696728686063955,0.004854308619844,0.0586348918131394,0.2511807171363167,2.608721055463711,0.75,0.4320493798938573
2023-04-03,0.098640586727054,0.0097299653498574,0.0859704431365651,-1.301799593749387,1.343434716190436,0.45,0.4714045207910317
2023-05-01,0.1239358069153045,0.0153600842357476,0.0864589882996094,0.1894001718203091,1.1982379647196058,0.7,0.6963106238227914
2023-06-01,0.0829673725729266,0.0068835849116548,0.0612368135148206,-0.6912424662454519,0.9043726717774668,0.85,0.9128709291752768
2023-07-03,0.0611779073482644,0.0037427363475128,0.0498879998907331,-1.0533569800972566,6.597800709932474,0.75,0.8583950752789521
2023-08-01,0.081854104511521,0.006700094425383,0.0576511384619162,-0.6644006844452883,1.8476778006341004,0.7,0.5135525910130955
2023-09-01,0.0535870191742633,0.0028715686239828,0.0472626249582315,-0.4450695150467672,1.5995581764772555,0.45,0.4879500364742666
2023-10-02,0.084377218690445,0.0071195150339351,0.0679118468174735,-0.7170722857089857,1.731464236526831,0.45,0.0
2023-11-01,0.0879642843480655,0.0077377153208673,0.0782456294260252,-1.2102118564588422,0.8849422603812194,0.8,0.0
2023-12-01,0.0504950531929738,0.0025497503969612,0.0398123038295407,-0.3478587048761317,1.4688190032098098,0.55,0.5135525910130955
2024-01-02,0.1102103172118858,0.0121463140199445,0.0735996647402593,-0.539250348734708,3.1797135427915846,0.45,0.0
2024-02-01,0.1009215240897566,0.0101851540245993,0.0766399764029229,-0.4901727662107611,0.9303639048322044,0.65,0.0
2024-03-01,0.070719837218992,0.0050012953762807,0.0563257576846216,-0.4179880678123235,1.9371231173083767,0.5,0.3273268353539886
2024-04-01,0.0706982347761513,0.0049982404004638,0.0561357587055473,-1.068675303630147,1.6980732381216874,0.35,0.4
2024-05-01,0.0805634341514563,0.006490466922276,0.0536502272892269,-0.4657095057244524,16.24035417526506,0.5,0.0
2024-06-03,0.0644728166539047,0.004156744087288,0.048252660140062,-1.0437635724159775,1.312745713573192,0.6,0.0
2024-07-01,0.0886605769091091,0.007860697897856,0.0740257888153376,-0.2041593285083043,1.4661802919759428,0.45,0.3760507165451774
2024-08-01,0.0823980199153162,0.0067894336859648,0.0658613494566719,-0.8616684896905835,1.0532580208149258,0.65,0.4330127018922193
2024-09-03,0.056136384556351,0.0031512936710585,0.0409795153648816,0.3661025562984455,8.435889729845751,0.7,0.3779644730092272
2024-10-01,0.0530428256613395,0.0028135413541392,0.0435701392730562,-0.5783535988904718,8.450227988531177,0.4,0.3631365196012814
2024-11-01,0.0939173700191885,0.0088204723913211,0.0771328769662687,-0.1963315880706575,6.721640004874233,0.6,0.0
2024-12-02,0.1080722133639538,0.0116796033013839,0.07440929445015,0.3001089815139317,2.003221818953877,0.6,0.628970902033151
2025-01-02,0.077877100734631,0.0060648428188318,0.0595345480273204,-0.3478082413063468,3.0897375614930898,0.55,0.0
2025-02-03,0.0992405682899113,0.0098486903945045,0.0791341004229838,-0.1904899267049238,1.7343374469572772,0.6,0.5222329678670935
2025-03-03,0.1466683377048142,0.0215116012850934,0.1229502994200491,-1.7658292571299308,1.9948055122341717,0.2,0.2800560168056019
2025-04-01,0.0882937433964361,0.0077957851229557,0.069783341868818,-0.3411885945895108,1.7548304457414443,0.35,0.3779644730092272
2025-05-01,0.1387154638494425,0.019241979910966,0.1107640582845631,-0.1268598017084201,0.8860734914151578,0.75,0.6928203230275509
2025-06-02,0.1081278845843434,0.011691639424685,0.0738588569232952,-0.2691460601528392,1.2128136038334287,0.7,0.6900655593423543
2025-07-01,0.0819551016903181,0.0067166386930703,0.0606616194352577,-0.0344655708241068,0.9571911444218036,0.65,0.5741692517632145
2025-08-01,0.060806158411021,0.0036973889007061,0.0478279140449769,-0.4189822178607867,1.7361131062470807,0.55,0.4330127018922193
2025-09-02,0.0843462929565733,0.007114297135516,0.0629470696077072,-0.0238547925822798,2.841236649734644,0.45,0.2964997266644404
2025-10-01,0.0810691784321153,0.0065722116916581,0.0612895605490018,-0.0388288362392326,1.3873008502401976,0.4,0.0
2025-11-03,0.1343150774181948,0.0180405400218556,0.0950041051781822,-0.2838707807913292,2.3672579874866653,0.5,0.4
2025-12-01,0.0664456839288972,0.0044150289127789,0.0543013052238544,-1.1097369583889636,1.8782767914271024,0.4,0.0
