rebalance_date,invest_year,select_year,ticker,assigned_weight,n_stocks,turnover,tc_drag_bps
1998-01-02,1998,1997,KO,0.05,20,1.0,0.0
1998-01-02,1998,1997,MSFT,0.05,20,0.0,0.0
1998-01-02,1998,1997,XOM,0.05,20,0.0,0.0
1998-01-02,1998,1997,GE,0.05,20,0.0,0.0
1998-01-02,1998,1997,INTC,0.05,20,0.0,0.0
1998-01-02,1998,1997,MRK,0.05,20,0.0,0.0
1998-01-02,1998,1997,PG,0.05,20,0.0,0.0
1998-01-02,1998,1997,IBM,0.05,20,0.0,0.0
1998-01-02,1998,1997,PFE,0.05,20,0.0,0.0
1998-01-02,1998,1997,BMY,0.05,20,0.0,0.0
1998-01-02,1998,1997,WMT,0.05,20,0.0,0.0
1998-01-02,1998,1997,JNJ,0.05,20,0.0,0.0
1998-01-02,1998,1997,LLY,0.05,20,0.0,0.0
1998-01-02,1998,1997,VZ,0.05,20,0.0,0.0
1998-01-02,1998,1997,DIS,0.05,20,0.0,0.0
1998-01-02,1998,1997,AIG,0.05,20,0.0,0.0
1998-01-02,1998,1997,C,0.05,20,0.0,0.0
1998-01-02,1998,1997,CSCO,0.05,20,0.0,0.0
1998-01-02,1998,1997,PEP,0.05,20,0.0,0.0
1998-01-02,1998,1997,T,0.05,20,0.0,0.0
1998-07-01,1998,1997,KO,0.05,20,0.128024,0.0
1998-07-01,1998,1997,MSFT,0.05,20,0.0,0.0
1998-07-01,1998,1997,XOM,0.05,20,0.0,0.0
1998-07-01,1998,1997,GE,0.05,20,0.0,0.0
1998-07-01,1998,1997,INTC,0.05,20,0.0,0.0
1998-07-01,1998,1997,MRK,0.05,20,0.0,0.0
1998-07-01,1998,1997,PG,0.05,20,0.0,0.0
1998-07-01,1998,1997,IBM,0.05,20,0.0,0.0
1998-07-01,1998,1997,PFE,0.05,20,0.0,0.0
1998-07-01,1998,1997,BMY,0.05,20,0.0,0.0
1998-07-01,1998,1997,WMT,0.05,20,0.0,0.0
1998-07-01,1998,1997,JNJ,0.05,20,0.0,0.0
1998-07-01,1998,1997,LLY,0.05,20,0.0,0.0
1998-07-01,1998,1997,VZ,0.05,20,0.0,0.0
1998-07-01,1998,1997,DIS,0.05,20,0.0,0.0
1998-07-01,1998,1997,AIG,0.05,20,0.0,0.0
1998-07-01,1998,1997,C,0.05,20,0.0,0.0
1998-07-01,1998,1997,CSCO,0.05,20,0.0,0.0
1998-07-01,1998,1997,PEP,0.05,20,0.0,0.0
1998-07-01,1998,1997,T,0.05,20,0.0,0.0
1999-01-04,1999,1998,MSFT,0.05,20,0.317416,0.0
1999-01-04,1999,1998,GE,0.05,20,0.0,0.0
1999-01-04,1999,1998,INTC,0.05,20,0.0,0.0
1999-01-04,1999,1998,WMT,0.05,20,0.0,0.0
1999-01-04,1999,1998,XOM,0.05,20,0.0,0.0
1999-01-04,1999,1998,KO,0.05,20,0.0,0.0
1999-01-04,1999,1998,IBM,0.05,20,0.0,0.0
1999-01-04,1999,1998,MRK,0.05,20,0.0,0.0
1999-01-04,1999,1998,PFE,0.05,20,0.0,0.0
1999-01-04,1999,1998,CSCO,0.05,20,0.0,0.0
1999-01-04,1999,1998,BMY,0.05,20,0.0,0.0
1999-01-04,1999,1998,PG,0.05,20,0.0,0.0
1999-01-04,1999,1998,C,0.05,20,0.0,0.0
1999-01-04,1999,1998,JNJ,0.05,20,0.0,0.0
1999-01-04,1999,1998,BAC,0.05,20,0.0,0.0
1999-01-04,1999,1998,LLY,0.05,20,0.0,0.0
1999-01-04,1999,1998,VZ,0.05,20,0.0,0.0
1999-01-04,1999,1998,HD,0.05,20,0.0,0.0
1999-01-04,1999,1998,AIG,0.05,20,0.0,0.0
1999-01-04,1999,1998,T,0.05,20,0.0,0.0
1999-07-01,1999,1998,MSFT,0.05,20,0.126233,0.0
1999-07-01,1999,1998,GE,0.05,20,0.0,0.0
1999-07-01,1999,1998,INTC,0.05,20,0.0,0.0
1999-07-01,1999,1998,WMT,0.05,20,0.0,0.0
1999-07-01,1999,1998,XOM,0.05,20,0.0,0.0
1999-07-01,1999,1998,KO,0.05,20,0.0,0.0
1999-07-01,1999,1998,IBM,0.05,20,0.0,0.0
1999-07-01,1999,1998,MRK,0.05,20,0.0,0.0
1999-07-01,1999,1998,PFE,0.05,20,0.0,0.0
1999-07-01,1999,1998,CSCO,0.05,20,0.0,0.0
1999-07-01,1999,1998,BMY,0.05,20,0.0,0.0
1999-07-01,1999,1998,PG,0.05,20,0.0,0.0
1999-07-01,1999,1998,C,0.05,20,0.0,0.0
1999-07-01,1999,1998,JNJ,0.05,20,0.0,0.0
1999-07-01,1999,1998,BAC,0.05,20,0.0,0.0
1999-07-01,1999,1998,LLY,0.05,20,0.0,0.0
1999-07-01,1999,1998,VZ,0.05,20,0.0,0.0
1999-07-01,1999,1998,HD,0.05,20,0.0,0.0
1999-07-01,1999,1998,AIG,0.05,20,0.0,0.0
1999-07-01,1999,1998,T,0.05,20,0.0,0.0
2000-01-03,2000,1999,MSFT,0.05,20,0.353145,0.0
2000-01-03,2000,1999,CSCO,0.05,20,0.0,0.0
2000-01-03,2000,1999,WMT,0.05,20,0.0,0.0
2000-01-03,2000,1999,GE,0.05,20,0.0,0.0
2000-01-03,2000,1999,XOM,0.05,20,0.0,0.0
2000-01-03,2000,1999,INTC,0.05,20,0.0,0.0
2000-01-03,2000,1999,C,0.05,20,0.0,0.0
2000-01-03,2000,1999,IBM,0.05,20,0.0,0.0
2000-01-03,2000,1999,HD,0.05,20,0.0,0.0
2000-01-03,2000,1999,ORCL,0.05,20,0.0,0.0
2000-01-03,2000,1999,KO,0.05,20,0.0,0.0
2000-01-03,2000,1999,PG,0.05,20,0.0,0.0
2000-01-03,2000,1999,MRK,0.05,20,0.0,0.0
2000-01-03,2000,1999,AIG,0.05,20,0.0,0.0
2000-01-03,2000,1999,JNJ,0.05,20,0.0,0.0
2000-01-03,2000,1999,QCOM,0.05,20,0.0,0.0
2000-01-03,2000,1999,BMY,0.05,20,0.0,0.0
2000-01-03,2000,1999,PFE,0.05,20,0.0,0.0
2000-01-03,2000,1999,T,0.05,20,0.0,0.0
2000-01-03,2000,1999,VZ,0.05,20,0.0,0.0
2000-07-03,2000,1999,MSFT,0.05,20,0.225579,0.0
2000-07-03,2000,1999,CSCO,0.05,20,0.0,0.0
2000-07-03,2000,1999,WMT,0.05,20,0.0,0.0
2000-07-03,2000,1999,GE,0.05,20,0.0,0.0
2000-07-03,2000,1999,XOM,0.05,20,0.0,0.0
2000-07-03,2000,1999,INTC,0.05,20,0.0,0.0
2000-07-03,2000,1999,C,0.05,20,0.0,0.0
2000-07-03,2000,1999,IBM,0.05,20,0.0,0.0
2000-07-03,2000,1999,HD,0.05,20,0.0,0.0
2000-07-03,2000,1999,ORCL,0.05,20,0.0,0.0
2000-07-03,2000,1999,KO,0.05,20,0.0,0.0
2000-07-03,2000,1999,PG,0.05,20,0.0,0.0
2000-07-03,2000,1999,MRK,0.05,20,0.0,0.0
2000-07-03,2000,1999,AIG,0.05,20,0.0,0.0
2000-07-03,2000,1999,JNJ,0.05,20,0.0,0.0
2000-07-03,2000,1999,QCOM,0.05,20,0.0,0.0
2000-07-03,2000,1999,BMY,0.05,20,0.0,0.0
2000-07-03,2000,1999,PFE,0.05,20,0.0,0.0
2000-07-03,2000,1999,T,0.05,20,0.0,0.0
2000-07-03,2000,1999,VZ,0.05,20,0.0,0.0
2001-01-02,2001,2000,XOM,0.05,20,0.314669,0.0
2001-01-02,2001,2000,GE,0.05,20,0.0,0.0
2001-01-02,2001,2000,CSCO,0.05,20,0.0,0.0
2001-01-02,2001,2000,PFE,0.05,20,0.0,0.0
2001-01-02,2001,2000,WMT,0.05,20,0.0,0.0
2001-01-02,2001,2000,MSFT,0.05,20,0.0,0.0
2001-01-02,2001,2000,C,0.05,20,0.0,0.0
2001-01-02,2001,2000,INTC,0.05,20,0.0,0.0
2001-01-02,2001,2000,MRK,0.05,20,0.0,0.0
2001-01-02,2001,2000,AIG,0.05,20,0.0,0.0
2001-01-02,2001,2000,ORCL,0.05,20,0.0,0.0
2001-01-02,2001,2000,KO,0.05,20,0.0,0.0
2001-01-02,2001,2000,JNJ,0.05,20,0.0,0.0
2001-01-02,2001,2000,IBM,0.05,20,0.0,0.0
2001-01-02,2001,2000,BMY,0.05,20,0.0,0.0
2001-01-02,2001,2000,VZ,0.05,20,0.0,0.0
2001-01-02,2001,2000,T,0.05,20,0.0,0.0
2001-01-02,2001,2000,HD,0.05,20,0.0,0.0
2001-01-02,2001,2000,LLY,0.05,20,0.0,0.0
2001-01-02,2001,2000,PG,0.05,20,0.0,0.0
2001-07-02,2001,2000,XOM,0.05,20,0.193951,0.0
2001-07-02,2001,2000,GE,0.05,20,0.0,0.0
2001-07-02,2001,2000,CSCO,0.05,20,0.0,0.0
2001-07-02,2001,2000,PFE,0.05,20,0.0,0.0
2001-07-02,2001,2000,WMT,0.05,20,0.0,0.0
2001-07-02,2001,2000,MSFT,0.05,20,0.0,0.0
2001-07-02,2001,2000,C,0.05,20,0.0,0.0
2001-07-02,2001,2000,INTC,0.05,20,0.0,0.0
2001-07-02,2001,2000,MRK,0.05,20,0.0,0.0
2001-07-02,2001,2000,AIG,0.05,20,0.0,0.0
2001-07-02,2001,2000,ORCL,0.05,20,0.0,0.0
2001-07-02,2001,2000,KO,0.05,20,0.0,0.0
2001-07-02,2001,2000,JNJ,0.05,20,0.0,0.0
2001-07-02,2001,2000,IBM,0.05,20,0.0,0.0
2001-07-02,2001,2000,BMY,0.05,20,0.0,0.0
2001-07-02,2001,2000,VZ,0.05,20,0.0,0.0
2001-07-02,2001,2000,T,0.05,20,0.0,0.0
2001-07-02,2001,2000,HD,0.05,20,0.0,0.0
2001-07-02,2001,2000,LLY,0.05,20,0.0,0.0
2001-07-02,2001,2000,PG,0.05,20,0.0,0.0
2002-01-02,2002,2001,MSFT,0.05,20,0.269043,0.0
2002-01-02,2002,2001,XOM,0.05,20,0.0,0.0
2002-01-02,2002,2001,C,0.05,20,0.0,0.0
2002-01-02,2002,2001,WMT,0.05,20,0.0,0.0
2002-01-02,2002,2001,GE,0.05,20,0.0,0.0
2002-01-02,2002,2001,PFE,0.05,20,0.0,0.0
2002-01-02,2002,2001,INTC,0.05,20,0.0,0.0
2002-01-02,2002,2001,IBM,0.05,20,0.0,0.0
2002-01-02,2002,2001,JNJ,0.05,20,0.0,0.0
2002-01-02,2002,2001,AIG,0.05,20,0.0,0.0
2002-01-02,2002,2001,CSCO,0.05,20,0.0,0.0
2002-01-02,2002,2001,VZ,0.05,20,0.0,0.0
2002-01-02,2002,2001,MRK,0.05,20,0.0,0.0
2002-01-02,2002,2001,HD,0.05,20,0.0,0.0
2002-01-02,2002,2001,KO,0.05,20,0.0,0.0
2002-01-02,2002,2001,PG,0.05,20,0.0,0.0
2002-01-02,2002,2001,BMY,0.05,20,0.0,0.0
2002-01-02,2002,2001,T,0.05,20,0.0,0.0
2002-01-02,2002,2001,BAC,0.05,20,0.0,0.0
2002-01-02,2002,2001,CVX,0.05,20,0.0,0.0
2002-07-01,2002,2001,MSFT,0.05,20,0.165453,0.0
2002-07-01,2002,2001,XOM,0.05,20,0.0,0.0
2002-07-01,2002,2001,C,0.05,20,0.0,0.0
2002-07-01,2002,2001,WMT,0.05,20,0.0,0.0
2002-07-01,2002,2001,GE,0.05,20,0.0,0.0
2002-07-01,2002,2001,PFE,0.05,20,0.0,0.0
2002-07-01,2002,2001,INTC,0.05,20,0.0,0.0
2002-07-01,2002,2001,IBM,0.05,20,0.0,0.0
2002-07-01,2002,2001,JNJ,0.05,20,0.0,0.0
2002-07-01,2002,2001,AIG,0.05,20,0.0,0.0
2002-07-01,2002,2001,CSCO,0.05,20,0.0,0.0
2002-07-01,2002,2001,VZ,0.05,20,0.0,0.0
2002-07-01,2002,2001,MRK,0.05,20,0.0,0.0
2002-07-01,2002,2001,HD,0.05,20,0.0,0.0
2002-07-01,2002,2001,KO,0.05,20,0.0,0.0
2002-07-01,2002,2001,PG,0.05,20,0.0,0.0
2002-07-01,2002,2001,BMY,0.05,20,0.0,0.0
2002-07-01,2002,2001,T,0.05,20,0.0,0.0
2002-07-01,2002,2001,BAC,0.05,20,0.0,0.0
2002-07-01,2002,2001,CVX,0.05,20,0.0,0.0
2003-01-02,2003,2002,MSFT,0.05,20,0.362271,0.0
2003-01-02,2003,2002,XOM,0.05,20,0.0,0.0
2003-01-02,2003,2002,WMT,0.05,20,0.0,0.0
2003-01-02,2003,2002,C,0.05,20,0.0,0.0
2003-01-02,2003,2002,PFE,0.05,20,0.0,0.0
2003-01-02,2003,2002,JNJ,0.05,20,0.0,0.0
2003-01-02,2003,2002,GE,0.05,20,0.0,0.0
2003-01-02,2003,2002,IBM,0.05,20,0.0,0.0
2003-01-02,2003,2002,AIG,0.05,20,0.0,0.0
2003-01-02,2003,2002,MRK,0.05,20,0.0,0.0
2003-01-02,2003,2002,PG,0.05,20,0.0,0.0
2003-01-02,2003,2002,KO,0.05,20,0.0,0.0
2003-01-02,2003,2002,VZ,0.05,20,0.0,0.0
2003-01-02,2003,2002,BAC,0.05,20,0.0,0.0
2003-01-02,2003,2002,INTC,0.05,20,0.0,0.0
2003-01-02,2003,2002,CSCO,0.05,20,0.0,0.0
2003-01-02,2003,2002,WFC,0.05,20,0.0,0.0
2003-01-02,2003,2002,PEP,0.05,20,0.0,0.0
2003-01-02,2003,2002,LLY,0.05,20,0.0,0.0
2003-01-02,2003,2002,CVX,0.05,20,0.0,0.0
2003-07-01,2003,2002,MSFT,0.05,20,0.066295,0.0
2003-07-01,2003,2002,XOM,0.05,20,0.0,0.0
2003-07-01,2003,2002,WMT,0.05,20,0.0,0.0
2003-07-01,2003,2002,C,0.05,20,0.0,0.0
2003-07-01,2003,2002,PFE,0.05,20,0.0,0.0
2003-07-01,2003,2002,JNJ,0.05,20,0.0,0.0
2003-07-01,2003,2002,GE,0.05,20,0.0,0.0
2003-07-01,2003,2002,IBM,0.05,20,0.0,0.0
2003-07-01,2003,2002,AIG,0.05,20,0.0,0.0
2003-07-01,2003,2002,MRK,0.05,20,0.0,0.0
2003-07-01,2003,2002,PG,0.05,20,0.0,0.0
2003-07-01,2003,2002,KO,0.05,20,0.0,0.0
2003-07-01,2003,2002,VZ,0.05,20,0.0,0.0
2003-07-01,2003,2002,BAC,0.05,20,0.0,0.0
2003-07-01,2003,2002,INTC,0.05,20,0.0,0.0
2003-07-01,2003,2002,CSCO,0.05,20,0.0,0.0
2003-07-01,2003,2002,WFC,0.05,20,0.0,0.0
2003-07-01,2003,2002,PEP,0.05,20,0.0,0.0
2003-07-01,2003,2002,LLY,0.05,20,0.0,0.0
2003-07-01,2003,2002,CVX,0.05,20,0.0,0.0
2004-01-02,2004,2003,MSFT,0.05,20,0.286653,0.0
2004-01-02,2004,2003,XOM,0.05,20,0.0,0.0
2004-01-02,2004,2003,PFE,0.05,20,0.0,0.0
2004-01-02,2004,2003,C,0.05,20,0.0,0.0
2004-01-02,2004,2003,WMT,0.05,20,0.0,0.0
2004-01-02,2004,2003,INTC,0.05,20,0.0,0.0
2004-01-02,2004,2003,GE,0.05,20,0.0,0.0
2004-01-02,2004,2003,CSCO,0.05,20,0.0,0.0
2004-01-02,2004,2003,JNJ,0.05,20,0.0,0.0
2004-01-02,2004,2003,IBM,0.05,20,0.0,0.0
2004-01-02,2004,2003,AIG,0.05,20,0.0,0.0
2004-01-02,2004,2003,PG,0.05,20,0.0,0.0
2004-01-02,2004,2003,KO,0.05,20,0.0,0.0
2004-01-02,2004,2003,BAC,0.05,20,0.0,0.0
2004-01-02,2004,2003,WFC,0.05,20,0.0,0.0
2004-01-02,2004,2003,MRK,0.05,20,0.0,0.0
2004-01-02,2004,2003,VZ,0.05,20,0.0,0.0
2004-01-02,2004,2003,CVX,0.05,20,0.0,0.0
2004-01-02,2004,2003,UPS,0.05,20,0.0,0.0
2004-01-02,2004,2003,HD,0.05,20,0.0,0.0
2004-07-01,2004,2003,MSFT,0.05,20,0.048564,0.0
2004-07-01,2004,2003,XOM,0.05,20,0.0,0.0
2004-07-01,2004,2003,PFE,0.05,20,0.0,0.0
2004-07-01,2004,2003,C,0.05,20,0.0,0.0
2004-07-01,2004,2003,WMT,0.05,20,0.0,0.0
2004-07-01,2004,2003,INTC,0.05,20,0.0,0.0
2004-07-01,2004,2003,GE,0.05,20,0.0,0.0
2004-07-01,2004,2003,CSCO,0.05,20,0.0,0.0
2004-07-01,2004,2003,JNJ,0.05,20,0.0,0.0
2004-07-01,2004,2003,IBM,0.05,20,0.0,0.0
2004-07-01,2004,2003,AIG,0.05,20,0.0,0.0
2004-07-01,2004,2003,PG,0.05,20,0.0,0.0
2004-07-01,2004,2003,KO,0.05,20,0.0,0.0
2004-07-01,2004,2003,BAC,0.05,20,0.0,0.0
2004-07-01,2004,2003,WFC,0.05,20,0.0,0.0
2004-07-01,2004,2003,MRK,0.05,20,0.0,0.0
2004-07-01,2004,2003,VZ,0.05,20,0.0,0.0
2004-07-01,2004,2003,CVX,0.05,20,0.0,0.0
2004-07-01,2004,2003,UPS,0.05,20,0.0,0.0
2004-07-01,2004,2003,HD,0.05,20,0.0,0.0
2005-01-03,2005,2004,XOM,0.05,20,0.190288,0.0
2005-01-03,2005,2004,MSFT,0.05,20,0.0,0.0
2005-01-03,2005,2004,C,0.05,20,0.0,0.0
2005-01-03,2005,2004,GE,0.05,20,0.0,0.0
2005-01-03,2005,2004,WMT,0.05,20,0.0,0.0
2005-01-03,2005,2004,BAC,0.05,20,0.0,0.0
2005-01-03,2005,2004,PFE,0.05,20,0.0,0.0
2005-01-03,2005,2004,JNJ,0.05,20,0.0,0.0
2005-01-03,2005,2004,IBM,0.05,20,0.0,0.0
2005-01-03,2005,2004,INTC,0.05,20,0.0,0.0
2005-01-03,2005,2004,AIG,0.05,20,0.0,0.0
2005-01-03,2005,2004,PG,0.05,20,0.0,0.0
2005-01-03,2005,2004,JPM,0.05,20,0.0,0.0
2005-01-03,2005,2004,CSCO,0.05,20,0.0,0.0
2005-01-03,2005,2004,VZ,0.05,20,0.0,0.0
2005-01-03,2005,2004,CVX,0.05,20,0.0,0.0
2005-01-03,2005,2004,WFC,0.05,20,0.0,0.0
2005-01-03,2005,2004,KO,0.05,20,0.0,0.0
2005-01-03,2005,2004,UPS,0.05,20,0.0,0.0
2005-01-03,2005,2004,HD,0.05,20,0.0,0.0
2005-07-01,2005,2004,XOM,0.05,20,0.074234,0.0
2005-07-01,2005,2004,MSFT,0.05,20,0.0,0.0
2005-07-01,2005,2004,C,0.05,20,0.0,0.0
2005-07-01,2005,2004,GE,0.05,20,0.0,0.0
2005-07-01,2005,2004,WMT,0.05,20,0.0,0.0
2005-07-01,2005,2004,BAC,0.05,20,0.0,0.0
2005-07-01,2005,2004,PFE,0.05,20,0.0,0.0
2005-07-01,2005,2004,JNJ,0.05,20,0.0,0.0
2005-07-01,2005,2004,IBM,0.05,20,0.0,0.0
2005-07-01,2005,2004,INTC,0.05,20,0.0,0.0
2005-07-01,2005,2004,AIG,0.05,20,0.0,0.0
2005-07-01,2005,2004,PG,0.05,20,0.0,0.0
2005-07-01,2005,2004,JPM,0.05,20,0.0,0.0
2005-07-01,2005,2004,CSCO,0.05,20,0.0,0.0
2005-07-01,2005,2004,VZ,0.05,20,0.0,0.0
2005-07-01,2005,2004,CVX,0.05,20,0.0,0.0
2005-07-01,2005,2004,WFC,0.05,20,0.0,0.0
2005-07-01,2005,2004,KO,0.05,20,0.0,0.0
2005-07-01,2005,2004,UPS,0.05,20,0.0,0.0
2005-07-01,2005,2004,HD,0.05,20,0.0,0.0
2006-01-03,2006,2005,XOM,0.05,20,0.254382,0.0
2006-01-03,2006,2005,MSFT,0.05,20,0.0,0.0
2006-01-03,2006,2005,C,0.05,20,0.0,0.0
2006-01-03,2006,2005,GE,0.05,20,0.0,0.0
2006-01-03,2006,2005,WMT,0.05,20,0.0,0.0
2006-01-03,2006,2005,BAC,0.05,20,0.0,0.0
2006-01-03,2006,2005,JNJ,0.05,20,0.0,0.0
2006-01-03,2006,2005,PFE,0.05,20,0.0,0.0
2006-01-03,2006,2005,INTC,0.05,20,0.0,0.0
2006-01-03,2006,2005,AIG,0.05,20,0.0,0.0
2006-01-03,2006,2005,JPM,0.05,20,0.0,0.0
2006-01-03,2006,2005,PG,0.05,20,0.0,0.0
2006-01-03,2006,2005,CVX,0.05,20,0.0,0.0
2006-01-03,2006,2005,IBM,0.05,20,0.0,0.0
2006-01-03,2006,2005,CSCO,0.05,20,0.0,0.0
2006-01-03,2006,2005,WFC,0.05,20,0.0,0.0
2006-01-03,2006,2005,PEP,0.05,20,0.0,0.0
2006-01-03,2006,2005,AMGN,0.05,20,0.0,0.0
2006-01-03,2006,2005,KO,0.05,20,0.0,0.0
2006-01-03,2006,2005,HD,0.05,20,0.0,0.0
2006-07-03,2006,2005,XOM,0.05,20,0.084343,0.0
2006-07-03,2006,2005,MSFT,0.05,20,0.0,0.0
2006-07-03,2006,2005,C,0.05,20,0.0,0.0
2006-07-03,2006,2005,GE,0.05,20,0.0,0.0
2006-07-03,2006,2005,WMT,0.05,20,0.0,0.0
2006-07-03,2006,2005,BAC,0.05,20,0.0,0.0
2006-07-03,2006,2005,JNJ,0.05,20,0.0,0.0
2006-07-03,2006,2005,PFE,0.05,20,0.0,0.0
2006-07-03,2006,2005,INTC,0.05,20,0.0,0.0
2006-07-03,2006,2005,AIG,0.05,20,0.0,0.0
2006-07-03,2006,2005,JPM,0.05,20,0.0,0.0
2006-07-03,2006,2005,PG,0.05,20,0.0,0.0
2006-07-03,2006,2005,CVX,0.05,20,0.0,0.0
2006-07-03,2006,2005,IBM,0.05,20,0.0,0.0
2006-07-03,2006,2005,CSCO,0.05,20,0.0,0.0
2006-07-03,2006,2005,WFC,0.05,20,0.0,0.0
2006-07-03,2006,2005,PEP,0.05,20,0.0,0.0
2006-07-03,2006,2005,AMGN,0.05,20,0.0,0.0
2006-07-03,2006,2005,KO,0.05,20,0.0,0.0
2006-07-03,2006,2005,HD,0.05,20,0.0,0.0
2007-01-03,2007,2006,XOM,0.05,20,0.342541,0.0
2007-01-03,2007,2006,MSFT,0.05,20,0.0,0.0
2007-01-03,2007,2006,C,0.05,20,0.0,0.0
2007-01-03,2007,2006,BAC,0.05,20,0.0,0.0
2007-01-03,2007,2006,GE,0.05,20,0.0,0.0
2007-01-03,2007,2006,PG,0.05,20,0.0,0.0
2007-01-03,2007,2006,WMT,0.05,20,0.0,0.0
2007-01-03,2007,2006,JNJ,0.05,20,0.0,0.0
2007-01-03,2007,2006,PFE,0.05,20,0.0,0.0
2007-01-03,2007,2006,JPM,0.05,20,0.0,0.0
2007-01-03,2007,2006,CSCO,0.05,20,0.0,0.0
2007-01-03,2007,2006,CVX,0.05,20,0.0,0.0
2007-01-03,2007,2006,AIG,0.05,20,0.0,0.0
2007-01-03,2007,2006,GOOGL,0.05,20,0.0,0.0
2007-01-03,2007,2006,IBM,0.05,20,0.0,0.0
2007-01-03,2007,2006,WFC,0.05,20,0.0,0.0
2007-01-03,2007,2006,INTC,0.05,20,0.0,0.0
2007-01-03,2007,2006,KO,0.05,20,0.0,0.0
2007-01-03,2007,2006,VZ,0.05,20,0.0,0.0
2007-01-03,2007,2006,T,0.05,20,0.0,0.0
2007-07-02,2007,2006,XOM,0.05,20,0.066525,0.0
2007-07-02,2007,2006,MSFT,0.05,20,0.0,0.0
2007-07-02,2007,2006,C,0.05,20,0.0,0.0
2007-07-02,2007,2006,BAC,0.05,20,0.0,0.0
2007-07-02,2007,2006,GE,0.05,20,0.0,0.0
2007-07-02,2007,2006,PG,0.05,20,0.0,0.0
2007-07-02,2007,2006,WMT,0.05,20,0.0,0.0
2007-07-02,2007,2006,JNJ,0.05,20,0.0,0.0
2007-07-02,2007,2006,PFE,0.05,20,0.0,0.0
2007-07-02,2007,2006,JPM,0.05,20,0.0,0.0
2007-07-02,2007,2006,CSCO,0.05,20,0.0,0.0
2007-07-02,2007,2006,CVX,0.05,20,0.0,0.0
2007-07-02,2007,2006,AIG,0.05,20,0.0,0.0
2007-07-02,2007,2006,GOOGL,0.05,20,0.0,0.0
2007-07-02,2007,2006,IBM,0.05,20,0.0,0.0
2007-07-02,2007,2006,WFC,0.05,20,0.0,0.0
2007-07-02,2007,2006,INTC,0.05,20,0.0,0.0
2007-07-02,2007,2006,KO,0.05,20,0.0,0.0
2007-07-02,2007,2006,VZ,0.05,20,0.0,0.0
2007-07-02,2007,2006,T,0.05,20,0.0,0.0
2008-01-02,2008,2007,XOM,0.05,20,0.210253,0.0
2008-01-02,2008,2007,MSFT,0.05,20,0.0,0.0
2008-01-02,2008,2007,PG,0.05,20,0.0,0.0
2008-01-02,2008,2007,GE,0.05,20,0.0,0.0
2008-01-02,2008,2007,GOOGL,0.05,20,0.0,0.0
2008-01-02,2008,2007,CVX,0.05,20,0.0,0.0
2008-01-02,2008,2007,WMT,0.05,20,0.0,0.0
2008-01-02,2008,2007,T,0.05,20,0.0,0.0
2008-01-02,2008,2007,JNJ,0.05,20,0.0,0.0
2008-01-02,2008,2007,BAC,0.05,20,0.0,0.0
2008-01-02,2008,2007,AAPL,0.05,20,0.0,0.0
2008-01-02,2008,2007,CSCO,0.05,20,0.0,0.0
2008-01-02,2008,2007,C,0.05,20,0.0,0.0
2008-01-02,2008,2007,INTC,0.05,20,0.0,0.0
2008-01-02,2008,2007,JPM,0.05,20,0.0,0.0
2008-01-02,2008,2007,PFE,0.05,20,0.0,0.0
2008-01-02,2008,2007,IBM,0.05,20,0.0,0.0
2008-01-02,2008,2007,KO,0.05,20,0.0,0.0
2008-01-02,2008,2007,VZ,0.05,20,0.0,0.0
2008-01-02,2008,2007,AIG,0.05,20,0.0,0.0
2008-07-01,2008,2007,XOM,0.05,20,0.142842,0.0
2008-07-01,2008,2007,MSFT,0.05,20,0.0,0.0
2008-07-01,2008,2007,PG,0.05,20,0.0,0.0
2008-07-01,2008,2007,GE,0.05,20,0.0,0.0
2008-07-01,2008,2007,GOOGL,0.05,20,0.0,0.0
2008-07-01,2008,2007,CVX,0.05,20,0.0,0.0
2008-07-01,2008,2007,WMT,0.05,20,0.0,0.0
2008-07-01,2008,2007,T,0.05,20,0.0,0.0
2008-07-01,2008,2007,JNJ,0.05,20,0.0,0.0
2008-07-01,2008,2007,BAC,0.05,20,0.0,0.0
2008-07-01,2008,2007,AAPL,0.05,20,0.0,0.0
2008-07-01,2008,2007,CSCO,0.05,20,0.0,0.0
2008-07-01,2008,2007,C,0.05,20,0.0,0.0
2008-07-01,2008,2007,INTC,0.05,20,0.0,0.0
2008-07-01,2008,2007,JPM,0.05,20,0.0,0.0
2008-07-01,2008,2007,PFE,0.05,20,0.0,0.0
2008-07-01,2008,2007,IBM,0.05,20,0.0,0.0
2008-07-01,2008,2007,KO,0.05,20,0.0,0.0
2008-07-01,2008,2007,VZ,0.05,20,0.0,0.0
2008-07-01,2008,2007,AIG,0.05,20,0.0,0.0
2009-01-02,2009,2008,XOM,0.05,20,0.462564,0.0
2009-01-02,2009,2008,WMT,0.05,20,0.0,0.0
2009-01-02,2009,2008,PG,0.05,20,0.0,0.0
2009-01-02,2009,2008,MSFT,0.05,20,0.0,0.0
2009-01-02,2009,2008,JNJ,0.05,20,0.0,0.0
2009-01-02,2009,2008,CVX,0.05,20,0.0,0.0
2009-01-02,2009,2008,T,0.05,20,0.0,0.0
2009-01-02,2009,2008,JPM,0.05,20,0.0,0.0
2009-01-02,2009,2008,PFE,0.05,20,0.0,0.0
2009-01-02,2009,2008,IBM,0.05,20,0.0,0.0
2009-01-02,2009,2008,KO,0.05,20,0.0,0.0
2009-01-02,2009,2008,VZ,0.05,20,0.0,0.0
2009-01-02,2009,2008,WFC,0.05,20,0.0,0.0
2009-01-02,2009,2008,GOOGL,0.05,20,0.0,0.0
2009-01-02,2009,2008,GE,0.05,20,0.0,0.0
2009-01-02,2009,2008,CSCO,0.05,20,0.0,0.0
2009-01-02,2009,2008,ORCL,0.05,20,0.0,0.0
2009-01-02,2009,2008,PM,0.05,20,0.0,0.0
2009-01-02,2009,2008,PEP,0.05,20,0.0,0.0
2009-01-02,2009,2008,INTC,0.05,20,0.0,0.0
2009-07-01,2009,2008,XOM,0.05,20,0.138092,0.0
2009-07-01,2009,2008,WMT,0.05,20,0.0,0.0
2009-07-01,2009,2008,PG,0.05,20,0.0,0.0
2009-07-01,2009,2008,MSFT,0.05,20,0.0,0.0
2009-07-01,2009,2008,JNJ,0.05,20,0.0,0.0
2009-07-01,2009,2008,CVX,0.05,20,0.0,0.0
2009-07-01,2009,2008,T,0.05,20,0.0,0.0
2009-07-01,2009,2008,JPM,0.05,20,0.0,0.0
2009-07-01,2009,2008,PFE,0.05,20,0.0,0.0
2009-07-01,2009,2008,IBM,0.05,20,0.0,0.0
2009-07-01,2009,2008,KO,0.05,20,0.0,0.0
2009-07-01,2009,2008,VZ,0.05,20,0.0,0.0
2009-07-01,2009,2008,WFC,0.05,20,0.0,0.0
2009-07-01,2009,2008,GOOGL,0.05,20,0.0,0.0
2009-07-01,2009,2008,GE,0.05,20,0.0,0.0
2009-07-01,2009,2008,CSCO,0.05,20,0.0,0.0
2009-07-01,2009,2008,ORCL,0.05,20,0.0,0.0
2009-07-01,2009,2008,PM,0.05,20,0.0,0.0
2009-07-01,2009,2008,PEP,0.05,20,0.0,0.0
2009-07-01,2009,2008,INTC,0.05,20,0.0,0.0
2010-01-04,2010,2009,XOM,0.05,20,0.350181,0.0
2010-01-04,2010,2009,MSFT,0.05,20,0.0,0.0
2010-01-04,2010,2009,WMT,0.05,20,0.0,0.0
2010-01-04,2010,2009,GOOGL,0.05,20,0.0,0.0
2010-01-04,2010,2009,AAPL,0.05,20,0.0,0.0
2010-01-04,2010,2009,JNJ,0.05,20,0.0,0.0
2010-01-04,2010,2009,PG,0.05,20,0.0,0.0
2010-01-04,2010,2009,JPM,0.05,20,0.0,0.0
2010-01-04,2010,2009,IBM,0.05,20,0.0,0.0
2010-01-04,2010,2009,CVX,0.05,20,0.0,0.0
2010-01-04,2010,2009,WFC,0.05,20,0.0,0.0
2010-01-04,2010,2009,PFE,0.05,20,0.0,0.0
2010-01-04,2010,2009,CSCO,0.05,20,0.0,0.0
2010-01-04,2010,2009,KO,0.05,20,0.0,0.0
2010-01-04,2010,2009,BAC,0.05,20,0.0,0.0
2010-01-04,2010,2009,T,0.05,20,0.0,0.0
2010-01-04,2010,2009,ORCL,0.05,20,0.0,0.0
2010-01-04,2010,2009,INTC,0.05,20,0.0,0.0
2010-01-04,2010,2009,MRK,0.05,20,0.0,0.0
2010-01-04,2010,2009,VZ,0.05,20,0.0,0.0
2010-07-01,2010,2009,XOM,0.05,20,0.072816,0.0
2010-07-01,2010,2009,MSFT,0.05,20,0.0,0.0
2010-07-01,2010,2009,WMT,0.05,20,0.0,0.0
2010-07-01,2010,2009,GOOGL,0.05,20,0.0,0.0
2010-07-01,2010,2009,AAPL,0.05,20,0.0,0.0
2010-07-01,2010,2009,JNJ,0.05,20,0.0,0.0
2010-07-01,2010,2009,PG,0.05,20,0.0,0.0
2010-07-01,2010,2009,JPM,0.05,20,0.0,0.0
2010-07-01,2010,2009,IBM,0.05,20,0.0,0.0
2010-07-01,2010,2009,CVX,0.05,20,0.0,0.0
2010-07-01,2010,2009,WFC,0.05,20,0.0,0.0
2010-07-01,2010,2009,PFE,0.05,20,0.0,0.0
2010-07-01,2010,2009,CSCO,0.05,20,0.0,0.0
2010-07-01,2010,2009,KO,0.05,20,0.0,0.0
2010-07-01,2010,2009,BAC,0.05,20,0.0,0.0
2010-07-01,2010,2009,T,0.05,20,0.0,0.0
2010-07-01,2010,2009,ORCL,0.05,20,0.0,0.0
2010-07-01,2010,2009,INTC,0.05,20,0.0,0.0
2010-07-01,2010,2009,MRK,0.05,20,0.0,0.0
2010-07-01,2010,2009,VZ,0.05,20,0.0,0.0
2011-01-03,2011,2010,XOM,0.05,20,0.363528,0.0
2011-01-03,2011,2010,AAPL,0.05,20,0.0,0.0
2011-01-03,2011,2010,MSFT,0.05,20,0.0,0.0
2011-01-03,2011,2010,BRK-B,0.05,20,0.0,0.0
2011-01-03,2011,2010,WMT,0.05,20,0.0,0.0
2011-01-03,2011,2010,GOOGL,0.05,20,0.0,0.0
2011-01-03,2011,2010,CVX,0.05,20,0.0,0.0
2011-01-03,2011,2010,PG,0.05,20,0.0,0.0
2011-01-03,2011,2010,IBM,0.05,20,0.0,0.0
2011-01-03,2011,2010,JNJ,0.05,20,0.0,0.0
2011-01-03,2011,2010,JPM,0.05,20,0.0,0.0
2011-01-03,2011,2010,WFC,0.05,20,0.0,0.0
2011-01-03,2011,2010,ORCL,0.05,20,0.0,0.0
2011-01-03,2011,2010,KO,0.05,20,0.0,0.0
2011-01-03,2011,2010,C,0.05,20,0.0,0.0
2011-01-03,2011,2010,BAC,0.05,20,0.0,0.0
2011-01-03,2011,2010,PFE,0.05,20,0.0,0.0
2011-01-03,2011,2010,T,0.05,20,0.0,0.0
2011-01-03,2011,2010,GE,0.05,20,0.0,0.0
2011-01-03,2011,2010,INTC,0.05,20,0.0,0.0
2011-07-01,2011,2010,XOM,0.05,20,0.083472,0.0
2011-07-01,2011,2010,AAPL,0.05,20,0.0,0.0
2011-07-01,2011,2010,MSFT,0.05,20,0.0,0.0
2011-07-01,2011,2010,BRK-B,0.05,20,0.0,0.0
2011-07-01,2011,2010,WMT,0.05,20,0.0,0.0
2011-07-01,2011,2010,GOOGL,0.05,20,0.0,0.0
2011-07-01,2011,2010,CVX,0.05,20,0.0,0.0
2011-07-01,2011,2010,PG,0.05,20,0.0,0.0
2011-07-01,2011,2010,IBM,0.05,20,0.0,0.0
2011-07-01,2011,2010,JNJ,0.05,20,0.0,0.0
2011-07-01,2011,2010,JPM,0.05,20,0.0,0.0
2011-07-01,2011,2010,WFC,0.05,20,0.0,0.0
2011-07-01,2011,2010,ORCL,0.05,20,0.0,0.0
2011-07-01,2011,2010,KO,0.05,20,0.0,0.0
2011-07-01,2011,2010,C,0.05,20,0.0,0.0
2011-07-01,2011,2010,BAC,0.05,20,0.0,0.0
2011-07-01,2011,2010,PFE,0.05,20,0.0,0.0
2011-07-01,2011,2010,T,0.05,20,0.0,0.0
2011-07-01,2011,2010,GE,0.05,20,0.0,0.0
2011-07-01,2011,2010,INTC,0.05,20,0.0,0.0
2012-01-03,2012,2011,XOM,0.05,20,0.240836,0.0
2012-01-03,2012,2011,AAPL,0.05,20,0.0,0.0
2012-01-03,2012,2011,MSFT,0.05,20,0.0,0.0
2012-01-03,2012,2011,CVX,0.05,20,0.0,0.0
2012-01-03,2012,2011,GOOGL,0.05,20,0.0,0.0
2012-01-03,2012,2011,IBM,0.05,20,0.0,0.0
2012-01-03,2012,2011,WMT,0.05,20,0.0,0.0
2012-01-03,2012,2011,BRK-B,0.05,20,0.0,0.0
2012-01-03,2012,2011,PG,0.05,20,0.0,0.0
2012-01-03,2012,2011,JNJ,0.05,20,0.0,0.0
2012-01-03,2012,2011,KO,0.05,20,0.0,0.0
2012-01-03,2012,2011,PFE,0.05,20,0.0,0.0
2012-01-03,2012,2011,WFC,0.05,20,0.0,0.0
2012-01-03,2012,2011,PM,0.05,20,0.0,0.0
2012-01-03,2012,2011,T,0.05,20,0.0,0.0
2012-01-03,2012,2011,ORCL,0.05,20,0.0,0.0
2012-01-03,2012,2011,JPM,0.05,20,0.0,0.0
2012-01-03,2012,2011,INTC,0.05,20,0.0,0.0
2012-01-03,2012,2011,VZ,0.05,20,0.0,0.0
2012-01-03,2012,2011,GE,0.05,20,0.0,0.0
2012-07-02,2012,2011,XOM,0.05,20,0.074142,0.0
2012-07-02,2012,2011,AAPL,0.05,20,0.0,0.0
2012-07-02,2012,2011,MSFT,0.05,20,0.0,0.0
2012-07-02,2012,2011,CVX,0.05,20,0.0,0.0
2012-07-02,2012,2011,GOOGL,0.05,20,0.0,0.0
2012-07-02,2012,2011,IBM,0.05,20,0.0,0.0
2012-07-02,2012,2011,WMT,0.05,20,0.0,0.0
2012-07-02,2012,2011,BRK-B,0.05,20,0.0,0.0
2012-07-02,2012,2011,PG,0.05,20,0.0,0.0
2012-07-02,2012,2011,JNJ,0.05,20,0.0,0.0
2012-07-02,2012,2011,KO,0.05,20,0.0,0.0
2012-07-02,2012,2011,PFE,0.05,20,0.0,0.0
2012-07-02,2012,2011,WFC,0.05,20,0.0,0.0
2012-07-02,2012,2011,PM,0.05,20,0.0,0.0
2012-07-02,2012,2011,T,0.05,20,0.0,0.0
2012-07-02,2012,2011,ORCL,0.05,20,0.0,0.0
2012-07-02,2012,2011,JPM,0.05,20,0.0,0.0
2012-07-02,2012,2011,INTC,0.05,20,0.0,0.0
2012-07-02,2012,2011,VZ,0.05,20,0.0,0.0
2012-07-02,2012,2011,GE,0.05,20,0.0,0.0
2013-01-02,2013,2012,AAPL,0.05,20,0.154855,0.0
2013-01-02,2013,2012,XOM,0.05,20,0.0,0.0
2013-01-02,2013,2012,GOOGL,0.05,20,0.0,0.0
2013-01-02,2013,2012,WMT,0.05,20,0.0,0.0
2013-01-02,2013,2012,MSFT,0.05,20,0.0,0.0
2013-01-02,2013,2012,BRK-B,0.05,20,0.0,0.0
2013-01-02,2013,2012,CVX,0.05,20,0.0,0.0
2013-01-02,2013,2012,IBM,0.05,20,0.0,0.0
2013-01-02,2013,2012,JNJ,0.05,20,0.0,0.0
2013-01-02,2013,2012,PG,0.05,20,0.0,0.0
2013-01-02,2013,2012,WFC,0.05,20,0.0,0.0
2013-01-02,2013,2012,PFE,0.05,20,0.0,0.0
2013-01-02,2013,2012,JPM,0.05,20,0.0,0.0
2013-01-02,2013,2012,KO,0.05,20,0.0,0.0
2013-01-02,2013,2012,ORCL,0.05,20,0.0,0.0
2013-01-02,2013,2012,T,0.05,20,0.0,0.0
2013-01-02,2013,2012,PM,0.05,20,0.0,0.0
2013-01-02,2013,2012,GE,0.05,20,0.0,0.0
2013-01-02,2013,2012,BAC,0.05,20,0.0,0.0
2013-01-02,2013,2012,VZ,0.05,20,0.0,0.0
2013-07-01,2013,2012,AAPL,0.05,20,0.078636,0.0
2013-07-01,2013,2012,XOM,0.05,20,0.0,0.0
2013-07-01,2013,2012,GOOGL,0.05,20,0.0,0.0
2013-07-01,2013,2012,WMT,0.05,20,0.0,0.0
2013-07-01,2013,2012,MSFT,0.05,20,0.0,0.0
2013-07-01,2013,2012,BRK-B,0.05,20,0.0,0.0
2013-07-01,2013,2012,CVX,0.05,20,0.0,0.0
2013-07-01,2013,2012,IBM,0.05,20,0.0,0.0
2013-07-01,2013,2012,JNJ,0.05,20,0.0,0.0
2013-07-01,2013,2012,PG,0.05,20,0.0,0.0
2013-07-01,2013,2012,WFC,0.05,20,0.0,0.0
2013-07-01,2013,2012,PFE,0.05,20,0.0,0.0
2013-07-01,2013,2012,JPM,0.05,20,0.0,0.0
2013-07-01,2013,2012,KO,0.05,20,0.0,0.0
2013-07-01,2013,2012,ORCL,0.05,20,0.0,0.0
2013-07-01,2013,2012,T,0.05,20,0.0,0.0
2013-07-01,2013,2012,PM,0.05,20,0.0,0.0
2013-07-01,2013,2012,GE,0.05,20,0.0,0.0
2013-07-01,2013,2012,BAC,0.05,20,0.0,0.0
2013-07-01,2013,2012,VZ,0.05,20,0.0,0.0
2014-01-02,2014,2013,AAPL,0.05,20,0.255415,0.0
2014-01-02,2014,2013,XOM,0.05,20,0.0,0.0
2014-01-02,2014,2013,GOOGL,0.05,20,0.0,0.0
2014-01-02,2014,2013,MSFT,0.05,20,0.0,0.0
2014-01-02,2014,2013,BRK-B,0.05,20,0.0,0.0
2014-01-02,2014,2013,JNJ,0.05,20,0.0,0.0
2014-01-02,2014,2013,WMT,0.05,20,0.0,0.0
2014-01-02,2014,2013,CVX,0.05,20,0.0,0.0
2014-01-02,2014,2013,WFC,0.05,20,0.0,0.0
2014-01-02,2014,2013,PG,0.05,20,0.0,0.0
2014-01-02,2014,2013,JPM,0.05,20,0.0,0.0
2014-01-02,2014,2013,IBM,0.05,20,0.0,0.0
2014-01-02,2014,2013,PFE,0.05,20,0.0,0.0
2014-01-02,2014,2013,AMZN,0.05,20,0.0,0.0
2014-01-02,2014,2013,KO,0.05,20,0.0,0.0
2014-01-02,2014,2013,ORCL,0.05,20,0.0,0.0
2014-01-02,2014,2013,GE,0.05,20,0.0,0.0
2014-01-02,2014,2013,BAC,0.05,20,0.0,0.0
2014-01-02,2014,2013,C,0.05,20,0.0,0.0
2014-01-02,2014,2013,VZ,0.05,20,0.0,0.0
2014-07-01,2014,2013,AAPL,0.05,20,0.066948,0.0
2014-07-01,2014,2013,XOM,0.05,20,0.0,0.0
2014-07-01,2014,2013,GOOGL,0.05,20,0.0,0.0
2014-07-01,2014,2013,MSFT,0.05,20,0.0,0.0
2014-07-01,2014,2013,BRK-B,0.05,20,0.0,0.0
2014-07-01,2014,2013,JNJ,0.05,20,0.0,0.0
2014-07-01,2014,2013,WMT,0.05,20,0.0,0.0
2014-07-01,2014,2013,CVX,0.05,20,0.0,0.0
2014-07-01,2014,2013,WFC,0.05,20,0.0,0.0
2014-07-01,2014,2013,PG,0.05,20,0.0,0.0
2014-07-01,2014,2013,JPM,0.05,20,0.0,0.0
2014-07-01,2014,2013,IBM,0.05,20,0.0,0.0
2014-07-01,2014,2013,PFE,0.05,20,0.0,0.0
2014-07-01,2014,2013,AMZN,0.05,20,0.0,0.0
2014-07-01,2014,2013,KO,0.05,20,0.0,0.0
2014-07-01,2014,2013,ORCL,0.05,20,0.0,0.0
2014-07-01,2014,2013,GE,0.05,20,0.0,0.0
2014-07-01,2014,2013,BAC,0.05,20,0.0,0.0
2014-07-01,2014,2013,C,0.05,20,0.0,0.0
2014-07-01,2014,2013,VZ,0.05,20,0.0,0.0
2015-01-02,2015,2014,AAPL,0.05,20,0.357222,0.0
2015-01-02,2015,2014,XOM,0.05,20,0.0,0.0
2015-01-02,2015,2014,MSFT,0.05,20,0.0,0.0
2015-01-02,2015,2014,BRK-B,0.05,20,0.0,0.0
2015-01-02,2015,2014,GOOGL,0.05,20,0.0,0.0
2015-01-02,2015,2014,JNJ,0.05,20,0.0,0.0
2015-01-02,2015,2014,WFC,0.05,20,0.0,0.0
2015-01-02,2015,2014,WMT,0.05,20,0.0,0.0
2015-01-02,2015,2014,PG,0.05,20,0.0,0.0
2015-01-02,2015,2014,JPM,0.05,20,0.0,0.0
2015-01-02,2015,2014,META,0.05,20,0.0,0.0
2015-01-02,2015,2014,CVX,0.05,20,0.0,0.0
2015-01-02,2015,2014,ORCL,0.05,20,0.0,0.0
2015-01-02,2015,2014,VZ,0.05,20,0.0,0.0
2015-01-02,2015,2014,BAC,0.05,20,0.0,0.0
2015-01-02,2015,2014,PFE,0.05,20,0.0,0.0
2015-01-02,2015,2014,KO,0.05,20,0.0,0.0
2015-01-02,2015,2014,INTC,0.05,20,0.0,0.0
2015-01-02,2015,2014,C,0.05,20,0.0,0.0
2015-01-02,2015,2014,DIS,0.05,20,0.0,0.0
2015-07-01,2015,2014,AAPL,0.05,20,0.088785,0.0
2015-07-01,2015,2014,XOM,0.05,20,0.0,0.0
2015-07-01,2015,2014,MSFT,0.05,20,0.0,0.0
2015-07-01,2015,2014,BRK-B,0.05,20,0.0,0.0
2015-07-01,2015,2014,GOOGL,0.05,20,0.0,0.0
2015-07-01,2015,2014,JNJ,0.05,20,0.0,0.0
2015-07-01,2015,2014,WFC,0.05,20,0.0,0.0
2015-07-01,2015,2014,WMT,0.05,20,0.0,0.0
2015-07-01,2015,2014,PG,0.05,20,0.0,0.0
2015-07-01,2015,2014,JPM,0.05,20,0.0,0.0
2015-07-01,2015,2014,META,0.05,20,0.0,0.0
2015-07-01,2015,2014,CVX,0.05,20,0.0,0.0
2015-07-01,2015,2014,ORCL,0.05,20,0.0,0.0
2015-07-01,2015,2014,VZ,0.05,20,0.0,0.0
2015-07-01,2015,2014,BAC,0.05,20,0.0,0.0
2015-07-01,2015,2014,PFE,0.05,20,0.0,0.0
2015-07-01,2015,2014,KO,0.05,20,0.0,0.0
2015-07-01,2015,2014,INTC,0.05,20,0.0,0.0
2015-07-01,2015,2014,C,0.05,20,0.0,0.0
2015-07-01,2015,2014,DIS,0.05,20,0.0,0.0
2016-01-04,2016,2015,AAPL,0.05,20,0.383486,0.0
2016-01-04,2016,2015,GOOGL,0.05,20,0.0,0.0
2016-01-04,2016,2015,MSFT,0.05,20,0.0,0.0
2016-01-04,2016,2015,BRK-B,0.05,20,0.0,0.0
2016-01-04,2016,2015,XOM,0.05,20,0.0,0.0
2016-01-04,2016,2015,AMZN,0.05,20,0.0,0.0
2016-01-04,2016,2015,META,0.05,20,0.0,0.0
2016-01-04,2016,2015,JNJ,0.05,20,0.0,0.0
2016-01-04,2016,2015,WFC,0.05,20,0.0,0.0
2016-01-04,2016,2015,JPM,0.05,20,0.0,0.0
2016-01-04,2016,2015,PG,0.05,20,0.0,0.0
2016-01-04,2016,2015,WMT,0.05,20,0.0,0.0
2016-01-04,2016,2015,PFE,0.05,20,0.0,0.0
2016-01-04,2016,2015,VZ,0.05,20,0.0,0.0
2016-01-04,2016,2015,KO,0.05,20,0.0,0.0
2016-01-04,2016,2015,V,0.05,20,0.0,0.0
2016-01-04,2016,2015,GE,0.05,20,0.0,0.0
2016-01-04,2016,2015,BAC,0.05,20,0.0,0.0
2016-01-04,2016,2015,DIS,0.05,20,0.0,0.0
2016-01-04,2016,2015,CVX,0.05,20,0.0,0.0
2016-07-01,2016,2015,AAPL,0.05,20,0.104251,0.0
2016-07-01,2016,2015,GOOGL,0.05,20,0.0,0.0
2016-07-01,2016,2015,MSFT,0.05,20,0.0,0.0
2016-07-01,2016,2015,BRK-B,0.05,20,0.0,0.0
2016-07-01,2016,2015,XOM,0.05,20,0.0,0.0
2016-07-01,2016,2015,AMZN,0.05,20,0.0,0.0
2016-07-01,2016,2015,META,0.05,20,0.0,0.0
2016-07-01,2016,2015,JNJ,0.05,20,0.0,0.0
2016-07-01,2016,2015,WFC,0.05,20,0.0,0.0
2016-07-01,2016,2015,JPM,0.05,20,0.0,0.0
2016-07-01,2016,2015,PG,0.05,20,0.0,0.0
2016-07-01,2016,2015,WMT,0.05,20,0.0,0.0
2016-07-01,2016,2015,PFE,0.05,20,0.0,0.0
2016-07-01,2016,2015,VZ,0.05,20,0.0,0.0
2016-07-01,2016,2015,KO,0.05,20,0.0,0.0
2016-07-01,2016,2015,V,0.05,20,0.0,0.0
2016-07-01,2016,2015,GE,0.05,20,0.0,0.0
2016-07-01,2016,2015,BAC,0.05,20,0.0,0.0
2016-07-01,2016,2015,DIS,0.05,20,0.0,0.0
2016-07-01,2016,2015,CVX,0.05,20,0.0,0.0
2017-01-03,2017,2016,AAPL,0.05,20,0.306748,0.0
2017-01-03,2017,2016,GOOGL,0.05,20,0.0,0.0
2017-01-03,2017,2016,MSFT,0.05,20,0.0,0.0
2017-01-03,2017,2016,BRK-B,0.05,20,0.0,0.0
2017-01-03,2017,2016,XOM,0.05,20,0.0,0.0
2017-01-03,2017,2016,AMZN,0.05,20,0.0,0.0
2017-01-03,2017,2016,META,0.05,20,0.0,0.0
2017-01-03,2017,2016,JNJ,0.05,20,0.0,0.0
2017-01-03,2017,2016,JPM,0.05,20,0.0,0.0
2017-01-03,2017,2016,WFC,0.05,20,0.0,0.0
2017-01-03,2017,2016,PG,0.05,20,0.0,0.0
2017-01-03,2017,2016,BAC,0.05,20,0.0,0.0
2017-01-03,2017,2016,CVX,0.05,20,0.0,0.0
2017-01-03,2017,2016,VZ,0.05,20,0.0,0.0
2017-01-03,2017,2016,WMT,0.05,20,0.0,0.0
2017-01-03,2017,2016,T,0.05,20,0.0,0.0
2017-01-03,2017,2016,PFE,0.05,20,0.0,0.0
2017-01-03,2017,2016,V,0.05,20,0.0,0.0
2017-01-03,2017,2016,KO,0.05,20,0.0,0.0
2017-01-03,2017,2016,INTC,0.05,20,0.0,0.0
2017-07-03,2017,2016,AAPL,0.05,20,0.095853,0.0
2017-07-03,2017,2016,GOOGL,0.05,20,0.0,0.0
2017-07-03,2017,2016,MSFT,0.05,20,0.0,0.0
2017-07-03,2017,2016,BRK-B,0.05,20,0.0,0.0
2017-07-03,2017,2016,XOM,0.05,20,0.0,0.0
2017-07-03,2017,2016,AMZN,0.05,20,0.0,0.0
2017-07-03,2017,2016,META,0.05,20,0.0,0.0
2017-07-03,2017,2016,JNJ,0.05,20,0.0,0.0
2017-07-03,2017,2016,JPM,0.05,20,0.0,0.0
2017-07-03,2017,2016,WFC,0.05,20,0.0,0.0
2017-07-03,2017,2016,PG,0.05,20,0.0,0.0
2017-07-03,2017,2016,BAC,0.05,20,0.0,0.0
2017-07-03,2017,2016,CVX,0.05,20,0.0,0.0
2017-07-03,2017,2016,VZ,0.05,20,0.0,0.0
2017-07-03,2017,2016,WMT,0.05,20,0.0,0.0
2017-07-03,2017,2016,T,0.05,20,0.0,0.0
2017-07-03,2017,2016,PFE,0.05,20,0.0,0.0
2017-07-03,2017,2016,V,0.05,20,0.0,0.0
2017-07-03,2017,2016,KO,0.05,20,0.0,0.0
2017-07-03,2017,2016,INTC,0.05,20,0.0,0.0
2018-01-02,2018,2017,AAPL,0.05,20,0.241433,0.0
2018-01-02,2018,2017,GOOGL,0.05,20,0.0,0.0
2018-01-02,2018,2017,MSFT,0.05,20,0.0,0.0
2018-01-02,2018,2017,AMZN,0.05,20,0.0,0.0
2018-01-02,2018,2017,META,0.05,20,0.0,0.0
2018-01-02,2018,2017,BRK-B,0.05,20,0.0,0.0
2018-01-02,2018,2017,JNJ,0.05,20,0.0,0.0
2018-01-02,2018,2017,JPM,0.05,20,0.0,0.0
2018-01-02,2018,2017,XOM,0.05,20,0.0,0.0
2018-01-02,2018,2017,BAC,0.05,20,0.0,0.0
2018-01-02,2018,2017,WFC,0.05,20,0.0,0.0
2018-01-02,2018,2017,WMT,0.05,20,0.0,0.0
2018-01-02,2018,2017,V,0.05,20,0.0,0.0
2018-01-02,2018,2017,CVX,0.05,20,0.0,0.0
2018-01-02,2018,2017,PG,0.05,20,0.0,0.0
2018-01-02,2018,2017,HD,0.05,20,0.0,0.0
2018-01-02,2018,2017,INTC,0.05,20,0.0,0.0
2018-01-02,2018,2017,VZ,0.05,20,0.0,0.0
2018-01-02,2018,2017,UNH,0.05,20,0.0,0.0
2018-01-02,2018,2017,PFE,0.05,20,0.0,0.0
2018-07-02,2018,2017,AAPL,0.05,20,0.092317,0.0
2018-07-02,2018,2017,GOOGL,0.05,20,0.0,0.0
2018-07-02,2018,2017,MSFT,0.05,20,0.0,0.0
2018-07-02,2018,2017,AMZN,0.05,20,0.0,0.0
2018-07-02,2018,2017,META,0.05,20,0.0,0.0
2018-07-02,2018,2017,BRK-B,0.05,20,0.0,0.0
2018-07-02,2018,2017,JNJ,0.05,20,0.0,0.0
2018-07-02,2018,2017,JPM,0.05,20,0.0,0.0
2018-07-02,2018,2017,XOM,0.05,20,0.0,0.0
2018-07-02,2018,2017,BAC,0.05,20,0.0,0.0
2018-07-02,2018,2017,WFC,0.05,20,0.0,0.0
2018-07-02,2018,2017,WMT,0.05,20,0.0,0.0
2018-07-02,2018,2017,V,0.05,20,0.0,0.0
2018-07-02,2018,2017,CVX,0.05,20,0.0,0.0
2018-07-02,2018,2017,PG,0.05,20,0.0,0.0
2018-07-02,2018,2017,HD,0.05,20,0.0,0.0
2018-07-02,2018,2017,INTC,0.05,20,0.0,0.0
2018-07-02,2018,2017,VZ,0.05,20,0.0,0.0
2018-07-02,2018,2017,UNH,0.05,20,0.0,0.0
2018-07-02,2018,2017,PFE,0.05,20,0.0,0.0
2019-01-02,2019,2018,MSFT,0.05,20,0.207528,0.0
2019-01-02,2019,2018,AAPL,0.05,20,0.0,0.0
2019-01-02,2019,2018,AMZN,0.05,20,0.0,0.0
2019-01-02,2019,2018,GOOGL,0.05,20,0.0,0.0
2019-01-02,2019,2018,BRK-B,0.05,20,0.0,0.0
2019-01-02,2019,2018,META,0.05,20,0.0,0.0
2019-01-02,2019,2018,JNJ,0.05,20,0.0,0.0
2019-01-02,2019,2018,JPM,0.05,20,0.0,0.0
2019-01-02,2019,2018,V,0.05,20,0.0,0.0
2019-01-02,2019,2018,XOM,0.05,20,0.0,0.0
2019-01-02,2019,2018,WMT,0.05,20,0.0,0.0
2019-01-02,2019,2018,UNH,0.05,20,0.0,0.0
2019-01-02,2019,2018,BAC,0.05,20,0.0,0.0
2019-01-02,2019,2018,PFE,0.05,20,0.0,0.0
2019-01-02,2019,2018,VZ,0.05,20,0.0,0.0
2019-01-02,2019,2018,PG,0.05,20,0.0,0.0
2019-01-02,2019,2018,INTC,0.05,20,0.0,0.0
2019-01-02,2019,2018,WFC,0.05,20,0.0,0.0
2019-01-02,2019,2018,CVX,0.05,20,0.0,0.0
2019-01-02,2019,2018,KO,0.05,20,0.0,0.0
2019-07-01,2019,2018,MSFT,0.05,20,0.088531,0.0
2019-07-01,2019,2018,AAPL,0.05,20,0.0,0.0
2019-07-01,2019,2018,AMZN,0.05,20,0.0,0.0
2019-07-01,2019,2018,GOOGL,0.05,20,0.0,0.0
2019-07-01,2019,2018,BRK-B,0.05,20,0.0,0.0
2019-07-01,2019,2018,META,0.05,20,0.0,0.0
2019-07-01,2019,2018,JNJ,0.05,20,0.0,0.0
2019-07-01,2019,2018,JPM,0.05,20,0.0,0.0
2019-07-01,2019,2018,V,0.05,20,0.0,0.0
2019-07-01,2019,2018,XOM,0.05,20,0.0,0.0
2019-07-01,2019,2018,WMT,0.05,20,0.0,0.0
2019-07-01,2019,2018,UNH,0.05,20,0.0,0.0
2019-07-01,2019,2018,BAC,0.05,20,0.0,0.0
2019-07-01,2019,2018,PFE,0.05,20,0.0,0.0
2019-07-01,2019,2018,VZ,0.05,20,0.0,0.0
2019-07-01,2019,2018,PG,0.05,20,0.0,0.0
2019-07-01,2019,2018,INTC,0.05,20,0.0,0.0
2019-07-01,2019,2018,WFC,0.05,20,0.0,0.0
2019-07-01,2019,2018,CVX,0.05,20,0.0,0.0
2019-07-01,2019,2018,KO,0.05,20,0.0,0.0
2020-01-02,2020,2019,AAPL,0.05,20,0.361442,0.0
2020-01-02,2020,2019,MSFT,0.05,20,0.0,0.0
2020-01-02,2020,2019,GOOGL,0.05,20,0.0,0.0
2020-01-02,2020,2019,AMZN,0.05,20,0.0,0.0
2020-01-02,2020,2019,META,0.05,20,0.0,0.0
2020-01-02,2020,2019,BRK-B,0.05,20,0.0,0.0
2020-01-02,2020,2019,JPM,0.05,20,0.0,0.0
2020-01-02,2020,2019,V,0.05,20,0.0,0.0
2020-01-02,2020,2019,JNJ,0.05,20,0.0,0.0
2020-01-02,2020,2019,WMT,0.05,20,0.0,0.0
2020-01-02,2020,2019,BAC,0.05,20,0.0,0.0
2020-01-02,2020,2019,PG,0.05,20,0.0,0.0
2020-01-02,2020,2019,MA,0.05,20,0.0,0.0
2020-01-02,2020,2019,XOM,0.05,20,0.0,0.0
2020-01-02,2020,2019,UNH,0.05,20,0.0,0.0
2020-01-02,2020,2019,DIS,0.05,20,0.0,0.0
2020-01-02,2020,2019,INTC,0.05,20,0.0,0.0
2020-01-02,2020,2019,VZ,0.05,20,0.0,0.0
2020-01-02,2020,2019,HD,0.05,20,0.0,0.0
2020-01-02,2020,2019,KO,0.05,20,0.0,0.0
2020-07-01,2020,2019,AAPL,0.05,20,0.1615,0.0
2020-07-01,2020,2019,MSFT,0.05,20,0.0,0.0
2020-07-01,2020,2019,GOOGL,0.05,20,0.0,0.0
2020-07-01,2020,2019,AMZN,0.05,20,0.0,0.0
2020-07-01,2020,2019,META,0.05,20,0.0,0.0
2020-07-01,2020,2019,BRK-B,0.05,20,0.0,0.0
2020-07-01,2020,2019,JPM,0.05,20,0.0,0.0
2020-07-01,2020,2019,V,0.05,20,0.0,0.0
2020-07-01,2020,2019,JNJ,0.05,20,0.0,0.0
2020-07-01,2020,2019,WMT,0.05,20,0.0,0.0
2020-07-01,2020,2019,BAC,0.05,20,0.0,0.0
2020-07-01,2020,2019,PG,0.05,20,0.0,0.0
2020-07-01,2020,2019,MA,0.05,20,0.0,0.0
2020-07-01,2020,2019,XOM,0.05,20,0.0,0.0
2020-07-01,2020,2019,UNH,0.05,20,0.0,0.0
2020-07-01,2020,2019,DIS,0.05,20,0.0,0.0
2020-07-01,2020,2019,INTC,0.05,20,0.0,0.0
2020-07-01,2020,2019,VZ,0.05,20,0.0,0.0
2020-07-01,2020,2019,HD,0.05,20,0.0,0.0
2020-07-01,2020,2019,KO,0.05,20,0.0,0.0
2021-01-04,2021,2020,AAPL,0.05,20,0.344605,0.0
2021-01-04,2021,2020,MSFT,0.05,20,0.0,0.0
2021-01-04,2021,2020,AMZN,0.05,20,0.0,0.0
2021-01-04,2021,2020,GOOGL,0.05,20,0.0,0.0
2021-01-04,2021,2020,META,0.05,20,0.0,0.0
2021-01-04,2021,2020,TSLA,0.05,20,0.0,0.0
2021-01-04,2021,2020,BRK-B,0.05,20,0.0,0.0
2021-01-04,2021,2020,V,0.05,20,0.0,0.0
2021-01-04,2021,2020,JNJ,0.05,20,0.0,0.0
2021-01-04,2021,2020,WMT,0.05,20,0.0,0.0
2021-01-04,2021,2020,JPM,0.05,20,0.0,0.0
2021-01-04,2021,2020,MA,0.05,20,0.0,0.0
2021-01-04,2021,2020,PG,0.05,20,0.0,0.0
2021-01-04,2021,2020,UNH,0.05,20,0.0,0.0
2021-01-04,2021,2020,NVDA,0.05,20,0.0,0.0
2021-01-04,2021,2020,DIS,0.05,20,0.0,0.0
2021-01-04,2021,2020,HD,0.05,20,0.0,0.0
2021-01-04,2021,2020,PYPL,0.05,20,0.0,0.0
2021-01-04,2021,2020,BAC,0.05,20,0.0,0.0
2021-01-04,2021,2020,VZ,0.05,20,0.0,0.0
2021-07-01,2021,2020,AAPL,0.05,20,0.118363,0.0
2021-07-01,2021,2020,MSFT,0.05,20,0.0,0.0
2021-07-01,2021,2020,AMZN,0.05,20,0.0,0.0
2021-07-01,2021,2020,GOOGL,0.05,20,0.0,0.0
2021-07-01,2021,2020,META,0.05,20,0.0,0.0
2021-07-01,2021,2020,TSLA,0.05,20,0.0,0.0
2021-07-01,2021,2020,BRK-B,0.05,20,0.0,0.0
2021-07-01,2021,2020,V,0.05,20,0.0,0.0
2021-07-01,2021,2020,JNJ,0.05,20,0.0,0.0
2021-07-01,2021,2020,WMT,0.05,20,0.0,0.0
2021-07-01,2021,2020,JPM,0.05,20,0.0,0.0
2021-07-01,2021,2020,MA,0.05,20,0.0,0.0
2021-07-01,2021,2020,PG,0.05,20,0.0,0.0
2021-07-01,2021,2020,UNH,0.05,20,0.0,0.0
2021-07-01,2021,2020,NVDA,0.05,20,0.0,0.0
2021-07-01,2021,2020,DIS,0.05,20,0.0,0.0
2021-07-01,2021,2020,HD,0.05,20,0.0,0.0
2021-07-01,2021,2020,PYPL,0.05,20,0.0,0.0
2021-07-01,2021,2020,BAC,0.05,20,0.0,0.0
2021-07-01,2021,2020,VZ,0.05,20,0.0,0.0
2022-01-03,2022,2021,AAPL,0.05,20,0.29663,0.0
2022-01-03,2022,2021,MSFT,0.05,20,0.0,0.0
2022-01-03,2022,2021,GOOGL,0.05,20,0.0,0.0
2022-01-03,2022,2021,AMZN,0.05,20,0.0,0.0
2022-01-03,2022,2021,TSLA,0.05,20,0.0,0.0
2022-01-03,2022,2021,META,0.05,20,0.0,0.0
2022-01-03,2022,2021,NVDA,0.05,20,0.0,0.0
2022-01-03,2022,2021,BRK-B,0.05,20,0.0,0.0
2022-01-03,2022,2021,UNH,0.05,20,0.0,0.0
2022-01-03,2022,2021,JPM,0.05,20,0.0,0.0
2022-01-03,2022,2021,V,0.05,20,0.0,0.0
2022-01-03,2022,2021,JNJ,0.05,20,0.0,0.0
2022-01-03,2022,2021,HD,0.05,20,0.0,0.0
2022-01-03,2022,2021,WMT,0.05,20,0.0,0.0
2022-01-03,2022,2021,PG,0.05,20,0.0,0.0
2022-01-03,2022,2021,BAC,0.05,20,0.0,0.0
2022-01-03,2022,2021,MA,0.05,20,0.0,0.0
2022-01-03,2022,2021,PFE,0.05,20,0.0,0.0
2022-01-03,2022,2021,DIS,0.05,20,0.0,0.0
2022-01-03,2022,2021,AVGO,0.05,20,0.0,0.0
2022-07-01,2022,2021,AAPL,0.05,20,0.162148,0.0
2022-07-01,2022,2021,MSFT,0.05,20,0.0,0.0
2022-07-01,2022,2021,GOOGL,0.05,20,0.0,0.0
2022-07-01,2022,2021,AMZN,0.05,20,0.0,0.0
2022-07-01,2022,2021,TSLA,0.05,20,0.0,0.0
2022-07-01,2022,2021,META,0.05,20,0.0,0.0
2022-07-01,2022,2021,NVDA,0.05,20,0.0,0.0
2022-07-01,2022,2021,BRK-B,0.05,20,0.0,0.0
2022-07-01,2022,2021,UNH,0.05,20,0.0,0.0
2022-07-01,2022,2021,JPM,0.05,20,0.0,0.0
2022-07-01,2022,2021,V,0.05,20,0.0,0.0
2022-07-01,2022,2021,JNJ,0.05,20,0.0,0.0
2022-07-01,2022,2021,HD,0.05,20,0.0,0.0
2022-07-01,2022,2021,WMT,0.05,20,0.0,0.0
2022-07-01,2022,2021,PG,0.05,20,0.0,0.0
2022-07-01,2022,2021,BAC,0.05,20,0.0,0.0
2022-07-01,2022,2021,MA,0.05,20,0.0,0.0
2022-07-01,2022,2021,PFE,0.05,20,0.0,0.0
2022-07-01,2022,2021,DIS,0.05,20,0.0,0.0
2022-07-01,2022,2021,AVGO,0.05,20,0.0,0.0
2023-01-03,2023,2022,AAPL,0.05,20,0.421372,0.0
2023-01-03,2023,2022,MSFT,0.05,20,0.0,0.0
2023-01-03,2023,2022,GOOGL,0.05,20,0.0,0.0
2023-01-03,2023,2022,AMZN,0.05,20,0.0,0.0
2023-01-03,2023,2022,BRK-B,0.05,20,0.0,0.0
2023-01-03,2023,2022,UNH,0.05,20,0.0,0.0
2023-01-03,2023,2022,JNJ,0.05,20,0.0,0.0
2023-01-03,2023,2022,XOM,0.05,20,0.0,0.0
2023-01-03,2023,2022,V,0.05,20,0.0,0.0
2023-01-03,2023,2022,JPM,0.05,20,0.0,0.0
2023-01-03,2023,2022,TSLA,0.05,20,0.0,0.0
2023-01-03,2023,2022,WMT,0.05,20,0.0,0.0
2023-01-03,2023,2022,NVDA,0.05,20,0.0,0.0
2023-01-03,2023,2022,PG,0.05,20,0.0,0.0
2023-01-03,2023,2022,LLY,0.05,20,0.0,0.0
2023-01-03,2023,2022,CVX,0.05,20,0.0,0.0
2023-01-03,2023,2022,MA,0.05,20,0.0,0.0
2023-01-03,2023,2022,HD,0.05,20,0.0,0.0
2023-01-03,2023,2022,META,0.05,20,0.0,0.0
2023-01-03,2023,2022,PFE,0.05,20,0.0,0.0
2023-07-03,2023,2022,AAPL,0.05,20,0.294599,0.0
2023-07-03,2023,2022,MSFT,0.05,20,0.0,0.0
2023-07-03,2023,2022,GOOGL,0.05,20,0.0,0.0
2023-07-03,2023,2022,AMZN,0.05,20,0.0,0.0
2023-07-03,2023,2022,BRK-B,0.05,20,0.0,0.0
2023-07-03,2023,2022,UNH,0.05,20,0.0,0.0
2023-07-03,2023,2022,JNJ,0.05,20,0.0,0.0
2023-07-03,2023,2022,XOM,0.05,20,0.0,0.0
2023-07-03,2023,2022,V,0.05,20,0.0,0.0
2023-07-03,2023,2022,JPM,0.05,20,0.0,0.0
2023-07-03,2023,2022,TSLA,0.05,20,0.0,0.0
2023-07-03,2023,2022,WMT,0.05,20,0.0,0.0
2023-07-03,2023,2022,NVDA,0.05,20,0.0,0.0
2023-07-03,2023,2022,PG,0.05,20,0.0,0.0
2023-07-03,2023,2022,LLY,0.05,20,0.0,0.0
2023-07-03,2023,2022,CVX,0.05,20,0.0,0.0
2023-07-03,2023,2022,MA,0.05,20,0.0,0.0
2023-07-03,2023,2022,HD,0.05,20,0.0,0.0
2023-07-03,2023,2022,META,0.05,20,0.0,0.0
2023-07-03,2023,2022,PFE,0.05,20,0.0,0.0
2024-01-02,2024,2023,AAPL,0.05,20,0.255058,0.0
2024-01-02,2024,2023,MSFT,0.05,20,0.0,0.0
2024-01-02,2024,2023,GOOGL,0.05,20,0.0,0.0
2024-01-02,2024,2023,AMZN,0.05,20,0.0,0.0
2024-01-02,2024,2023,NVDA,0.05,20,0.0,0.0
2024-01-02,2024,2023,META,0.05,20,0.0,0.0
2024-01-02,2024,2023,TSLA,0.05,20,0.0,0.0
2024-01-02,2024,2023,BRK-B,0.05,20,0.0,0.0
2024-01-02,2024,2023,LLY,0.05,20,0.0,0.0
2024-01-02,2024,2023,V,0.05,20,0.0,0.0
2024-01-02,2024,2023,AVGO,0.05,20,0.0,0.0
2024-01-02,2024,2023,JPM,0.05,20,0.0,0.0
2024-01-02,2024,2023,UNH,0.05,20,0.0,0.0
2024-01-02,2024,2023,WMT,0.05,20,0.0,0.0
2024-01-02,2024,2023,MA,0.05,20,0.0,0.0
2024-01-02,2024,2023,XOM,0.05,20,0.0,0.0
2024-01-02,2024,2023,JNJ,0.05,20,0.0,0.0
2024-01-02,2024,2023,PG,0.05,20,0.0,0.0
2024-01-02,2024,2023,HD,0.05,20,0.0,0.0
2024-01-02,2024,2023,COST,0.05,20,0.0,0.0
2024-07-01,2024,2023,AAPL,0.05,20,0.174892,0.0
2024-07-01,2024,2023,MSFT,0.05,20,0.0,0.0
2024-07-01,2024,2023,GOOGL,0.05,20,0.0,0.0
2024-07-01,2024,2023,AMZN,0.05,20,0.0,0.0
2024-07-01,2024,2023,NVDA,0.05,20,0.0,0.0
2024-07-01,2024,2023,META,0.05,20,0.0,0.0
2024-07-01,2024,2023,TSLA,0.05,20,0.0,0.0
2024-07-01,2024,2023,BRK-B,0.05,20,0.0,0.0
2024-07-01,2024,2023,LLY,0.05,20,0.0,0.0
2024-07-01,2024,2023,V,0.05,20,0.0,0.0
2024-07-01,2024,2023,AVGO,0.05,20,0.0,0.0
2024-07-01,2024,2023,JPM,0.05,20,0.0,0.0
2024-07-01,2024,2023,UNH,0.05,20,0.0,0.0
2024-07-01,2024,2023,WMT,0.05,20,0.0,0.0
2024-07-01,2024,2023,MA,0.05,20,0.0,0.0
2024-07-01,2024,2023,XOM,0.05,20,0.0,0.0
2024-07-01,2024,2023,JNJ,0.05,20,0.0,0.0
2024-07-01,2024,2023,PG,0.05,20,0.0,0.0
2024-07-01,2024,2023,HD,0.05,20,0.0,0.0
2024-07-01,2024,2023,COST,0.05,20,0.0,0.0
2025-01-02,2025,2024,AAPL,0.05,20,0.217945,0.0
2025-01-02,2025,2024,NVDA,0.05,20,0.0,0.0
2025-01-02,2025,2024,MSFT,0.05,20,0.0,0.0
2025-01-02,2025,2024,GOOGL,0.05,20,0.0,0.0
2025-01-02,2025,2024,AMZN,0.05,20,0.0,0.0
2025-01-02,2025,2024,META,0.05,20,0.0,0.0
2025-01-02,2025,2024,TSLA,0.05,20,0.0,0.0
2025-01-02,2025,2024,AVGO,0.05,20,0.0,0.0
2025-01-02,2025,2024,BRK-B,0.05,20,0.0,0.0
2025-01-02,2025,2024,WMT,0.05,20,0.0,0.0
2025-01-02,2025,2024,LLY,0.05,20,0.0,0.0
2025-01-02,2025,2024,JPM,0.05,20,0.0,0.0
2025-01-02,2025,2024,V,0.05,20,0.0,0.0
2025-01-02,2025,2024,MA,0.05,20,0.0,0.0
2025-01-02,2025,2024,XOM,0.05,20,0.0,0.0
2025-01-02,2025,2024,ORCL,0.05,20,0.0,0.0
2025-01-02,2025,2024,UNH,0.05,20,0.0,0.0
2025-01-02,2025,2024,COST,0.05,20,0.0,0.0
2025-01-02,2025,2024,PG,0.05,20,0.0,0.0
2025-01-02,2025,2024,HD,0.05,20,0.0,0.0
2025-07-01,2025,2024,AAPL,0.05,20,0.124084,0.0
2025-07-01,2025,2024,NVDA,0.05,20,0.0,0.0
2025-07-01,2025,2024,MSFT,0.05,20,0.0,0.0
2025-07-01,2025,2024,GOOGL,0.05,20,0.0,0.0
2025-07-01,2025,2024,AMZN,0.05,20,0.0,0.0
2025-07-01,2025,2024,META,0.05,20,0.0,0.0
2025-07-01,2025,2024,TSLA,0.05,20,0.0,0.0
2025-07-01,2025,2024,AVGO,0.05,20,0.0,0.0
2025-07-01,2025,2024,BRK-B,0.05,20,0.0,0.0
2025-07-01,2025,2024,WMT,0.05,20,0.0,0.0
2025-07-01,2025,2024,LLY,0.05,20,0.0,0.0
2025-07-01,2025,2024,JPM,0.05,20,0.0,0.0
2025-07-01,2025,2024,V,0.05,20,0.0,0.0
2025-07-01,2025,2024,MA,0.05,20,0.0,0.0
2025-07-01,2025,2024,XOM,0.05,20,0.0,0.0
2025-07-01,2025,2024,ORCL,0.05,20,0.0,0.0
2025-07-01,2025,2024,UNH,0.05,20,0.0,0.0
2025-07-01,2025,2024,COST,0.05,20,0.0,0.0
2025-07-01,2025,2024,PG,0.05,20,0.0,0.0
2025-07-01,2025,2024,HD,0.05,20,0.0,0.0
