rebalance_date,invest_year,select_year,ticker,assigned_weight,turnover,tc_drag_bps,best_depth,best_n_est,best_leaf,val_R2_selected
1998-01-02,1998,1997,CSCO,0.10000727218498057,1.0,0.0,5,135,3,0.088944
1998-01-02,1998,1997,LLY,0.10000727218498057,0.0,0.0,5,135,3,0.088944
1998-01-02,1998,1997,BMY,0.10000727218498057,0.0,0.0,5,135,3,0.088944
1998-01-02,1998,1997,C,0.0973173128023635,0.0,0.0,5,135,3,0.088944
1998-01-02,1998,1997,INTC,0.09385954172579508,0.0,0.0,5,135,3,0.088944
1998-01-02,1998,1997,IBM,0.08806883098929597,0.0,0.0,5,135,3,0.088944
1998-01-02,1998,1997,MSFT,0.0565898096259845,0.0,0.0,5,135,3,0.088944
1998-01-02,1998,1997,KO,0.050329732599030126,0.0,0.0,5,135,3,0.088944
1998-01-02,1998,1997,PEP,0.04963145085691329,0.0,0.0,5,135,3,0.088944
1998-01-02,1998,1997,AIG,0.04632907776100314,0.0,0.0,5,135,3,0.088944
1998-01-02,1998,1997,DIS,0.04445690486698229,0.0,0.0,5,135,3,0.088944
1998-01-02,1998,1997,T,0.04213326094170836,0.0,0.0,5,135,3,0.088944
1998-01-02,1998,1997,VZ,0.0347238300611062,0.0,0.0,5,135,3,0.088944
1998-01-02,1998,1997,PFE,0.02319341850499009,0.0,0.0,5,135,3,0.088944
1998-01-02,1998,1997,XOM,0.020585842492790066,0.0,0.0,5,135,3,0.088944
1998-01-02,1998,1997,MRK,0.012182634048744458,0.0,0.0,5,135,3,0.088944
1998-01-02,1998,1997,GE,0.01014413404208787,0.0,0.0,5,135,3,0.088944
1998-01-02,1998,1997,PG,0.01014413404208787,0.0,0.0,5,135,3,0.088944
1998-01-02,1998,1997,JNJ,0.01014413404208787,0.0,0.0,5,135,3,0.088944
1998-01-02,1998,1997,WMT,0.01014413404208787,0.0,0.0,5,135,3,0.088944
1999-01-04,1999,1998,C,0.10000634465517268,0.71292,0.0,1,200,5,0.010193
1999-01-04,1999,1998,INTC,0.10000634465517268,0.0,0.0,1,200,5,0.010193
1999-01-04,1999,1998,CSCO,0.10000634465517268,0.0,0.0,1,200,5,0.010193
1999-01-04,1999,1998,HD,0.10000634465517268,0.0,0.0,1,200,5,0.010193
1999-01-04,1999,1998,BAC,0.10000634465517268,0.0,0.0,1,200,5,0.010193
1999-01-04,1999,1998,WMT,0.07742492866709205,0.0,0.0,1,200,5,0.010193
1999-01-04,1999,1998,LLY,0.06733825853178373,0.0,0.0,1,200,5,0.010193
1999-01-04,1999,1998,PFE,0.06394062168319943,0.0,0.0,1,200,5,0.010193
1999-01-04,1999,1998,IBM,0.05817124850251695,0.0,0.0,1,200,5,0.010193
1999-01-04,1999,1998,MSFT,0.055351587559488394,0.0,0.0,1,200,5,0.010193
1999-01-04,1999,1998,AIG,0.04117522538857324,0.0,0.0,1,200,5,0.010193
1999-01-04,1999,1998,T,0.03154057031258241,0.0,0.0,1,200,5,0.010193
1999-01-04,1999,1998,BMY,0.013128229509862569,0.0,0.0,1,200,5,0.010193
1999-01-04,1999,1998,VZ,0.013128229509862569,0.0,0.0,1,200,5,0.010193
1999-01-04,1999,1998,GE,0.013128229509862569,0.0,0.0,1,200,5,0.010193
1999-01-04,1999,1998,PG,0.013128229509862569,0.0,0.0,1,200,5,0.010193
1999-01-04,1999,1998,KO,0.013128229509862569,0.0,0.0,1,200,5,0.010193
1999-01-04,1999,1998,MRK,0.013128229509862569,0.0,0.0,1,200,5,0.010193
1999-01-04,1999,1998,JNJ,0.013128229509862569,0.0,0.0,1,200,5,0.010193
1999-01-04,1999,1998,XOM,0.013128229509862569,0.0,0.0,1,200,5,0.010193
2000-01-03,2000,1999,IBM,0.10000276831671315,0.744528,0.0,5,200,5,0.119984
2000-01-03,2000,1999,CSCO,0.08348711038160882,0.0,0.0,5,200,5,0.119984
2000-01-03,2000,1999,INTC,0.08097659057140598,0.0,0.0,5,200,5,0.119984
2000-01-03,2000,1999,MSFT,0.07285523175273216,0.0,0.0,5,200,5,0.119984
2000-01-03,2000,1999,WMT,0.06933442314197165,0.0,0.0,5,200,5,0.119984
2000-01-03,2000,1999,C,0.06324843194787318,0.0,0.0,5,200,5,0.119984
2000-01-03,2000,1999,JNJ,0.06292813187396926,0.0,0.0,5,200,5,0.119984
2000-01-03,2000,1999,ORCL,0.061451023717118615,0.0,0.0,5,200,5,0.119984
2000-01-03,2000,1999,GE,0.05990964999737936,0.0,0.0,5,200,5,0.119984
2000-01-03,2000,1999,PG,0.058360260599806535,0.0,0.0,5,200,5,0.119984
2000-01-03,2000,1999,AIG,0.04541602052107456,0.0,0.0,5,200,5,0.119984
2000-01-03,2000,1999,HD,0.04290418965952303,0.0,0.0,5,200,5,0.119984
2000-01-03,2000,1999,XOM,0.03800878285813654,0.0,0.0,5,200,5,0.119984
2000-01-03,2000,1999,VZ,0.034092479997768814,0.0,0.0,5,200,5,0.119984
2000-01-03,2000,1999,BMY,0.030695145944094126,0.0,0.0,5,200,5,0.119984
2000-01-03,2000,1999,PFE,0.028586937924784728,0.0,0.0,5,200,5,0.119984
2000-01-03,2000,1999,MRK,0.020455311387679836,0.0,0.0,5,200,5,0.119984
2000-01-03,2000,1999,QCOM,0.019573787017993616,0.0,0.0,5,200,5,0.119984
2000-01-03,2000,1999,T,0.017682994072850403,0.0,0.0,5,200,5,0.119984
2000-01-03,2000,1999,KO,0.010030728315515769,0.0,0.0,5,200,5,0.119984
2001-01-02,2001,2000,MSFT,0.1000028634662157,0.753838,0.0,1,100,3,0.06654
2001-01-02,2001,2000,LLY,0.09093648308748987,0.0,0.0,1,100,3,0.06654
2001-01-02,2001,2000,INTC,0.08890145138362117,0.0,0.0,1,100,3,0.06654
2001-01-02,2001,2000,CSCO,0.0882051551292618,0.0,0.0,1,100,3,0.06654
2001-01-02,2001,2000,ORCL,0.08720181835879735,0.0,0.0,1,100,3,0.06654
2001-01-02,2001,2000,HD,0.08711648290885196,0.0,0.0,1,100,3,0.06654
2001-01-02,2001,2000,IBM,0.0870766615825723,0.0,0.0,1,100,3,0.06654
2001-01-02,2001,2000,WMT,0.08581310382834773,0.0,0.0,1,100,3,0.06654
2001-01-02,2001,2000,PG,0.0807962677409182,0.0,0.0,1,100,3,0.06654
2001-01-02,2001,2000,BMY,0.07741812699849913,0.0,0.0,1,100,3,0.06654
2001-01-02,2001,2000,T,0.02370732955279095,0.0,0.0,1,100,3,0.06654
2001-01-02,2001,2000,VZ,0.019541731217873937,0.0,0.0,1,100,3,0.06654
2001-01-02,2001,2000,PFE,0.011055607068831592,0.0,0.0,1,100,3,0.06654
2001-01-02,2001,2000,MRK,0.010318131096561194,0.0,0.0,1,100,3,0.06654
2001-01-02,2001,2000,C,0.010318131096561194,0.0,0.0,1,100,3,0.06654
2001-01-02,2001,2000,AIG,0.010318131096561194,0.0,0.0,1,100,3,0.06654
2001-01-02,2001,2000,JNJ,0.010318131096561194,0.0,0.0,1,100,3,0.06654
2001-01-02,2001,2000,KO,0.010318131096561194,0.0,0.0,1,100,3,0.06654
2001-01-02,2001,2000,GE,0.010318131096561194,0.0,0.0,1,100,3,0.06654
2001-01-02,2001,2000,XOM,0.010318131096561194,0.0,0.0,1,100,3,0.06654
2002-01-02,2002,2001,CSCO,0.10000478100803004,0.899391,0.0,1,100,3,-0.109363
2002-01-02,2002,2001,GE,0.10000478100803004,0.0,0.0,1,100,3,-0.109363
2002-01-02,2002,2001,INTC,0.10000478100803004,0.0,0.0,1,100,3,-0.109363
2002-01-02,2002,2001,HD,0.07949052452183968,0.0,0.0,1,100,3,-0.109363
2002-01-02,2002,2001,MSFT,0.07786246733568206,0.0,0.0,1,100,3,-0.109363
2002-01-02,2002,2001,C,0.07726531974763366,0.0,0.0,1,100,3,-0.109363
2002-01-02,2002,2001,T,0.0762720574370936,0.0,0.0,1,100,3,-0.109363
2002-01-02,2002,2001,IBM,0.06799157634131685,0.0,0.0,1,100,3,-0.109363
2002-01-02,2002,2001,MRK,0.04826543809630738,0.0,0.0,1,100,3,-0.109363
2002-01-02,2002,2001,BMY,0.044125872241867425,0.0,0.0,1,100,3,-0.109363
2002-01-02,2002,2001,AIG,0.04062218646717151,0.0,0.0,1,100,3,-0.109363
2002-01-02,2002,2001,KO,0.032746455685517206,0.0,0.0,1,100,3,-0.109363
2002-01-02,2002,2001,BAC,0.03152732876967447,0.0,0.0,1,100,3,-0.109363
2002-01-02,2002,2001,PFE,0.02793600226111663,0.0,0.0,1,100,3,-0.109363
2002-01-02,2002,2001,VZ,0.027385276764070533,0.0,0.0,1,100,3,-0.109363
2002-01-02,2002,2001,XOM,0.01376457028213931,0.0,0.0,1,100,3,-0.109363
2002-01-02,2002,2001,PG,0.013682645256119862,0.0,0.0,1,100,3,-0.109363
2002-01-02,2002,2001,WMT,0.013682645256119862,0.0,0.0,1,100,3,-0.109363
2002-01-02,2002,2001,JNJ,0.013682645256119862,0.0,0.0,1,100,3,-0.109363
2002-01-02,2002,2001,CVX,0.013682645256119862,0.0,0.0,1,100,3,-0.109363
2003-01-02,2003,2002,MRK,0.10000666273759785,0.870425,0.0,1,100,1,-0.071256
2003-01-02,2003,2002,VZ,0.10000666273759785,0.0,0.0,1,100,1,-0.071256
2003-01-02,2003,2002,LLY,0.10000666273759785,0.0,0.0,1,100,1,-0.071256
2003-01-02,2003,2002,IBM,0.08760512599226274,0.0,0.0,1,100,1,-0.071256
2003-01-02,2003,2002,BAC,0.08650881082157538,0.0,0.0,1,100,1,-0.071256
2003-01-02,2003,2002,PG,0.07888453097128059,0.0,0.0,1,100,1,-0.071256
2003-01-02,2003,2002,INTC,0.07099584581229006,0.0,0.0,1,100,1,-0.071256
2003-01-02,2003,2002,WFC,0.06945898044785213,0.0,0.0,1,100,1,-0.071256
2003-01-02,2003,2002,CSCO,0.05928853436508985,0.0,0.0,1,100,1,-0.071256
2003-01-02,2003,2002,MSFT,0.05591301409540667,0.0,0.0,1,100,1,-0.071256
2003-01-02,2003,2002,JNJ,0.03179290829251565,0.0,0.0,1,100,1,-0.071256
2003-01-02,2003,2002,KO,0.030030399601373877,0.0,0.0,1,100,1,-0.071256
2003-01-02,2003,2002,C,0.025659894109018814,0.0,0.0,1,100,1,-0.071256
2003-01-02,2003,2002,WMT,0.02421369191180172,0.0,0.0,1,100,1,-0.071256
2003-01-02,2003,2002,PEP,0.02253483507436876,0.0,0.0,1,100,1,-0.071256
2003-01-02,2003,2002,XOM,0.011418688058474076,0.0,0.0,1,100,1,-0.071256
2003-01-02,2003,2002,AIG,0.011418688058474076,0.0,0.0,1,100,1,-0.071256
2003-01-02,2003,2002,CVX,0.011418688058474076,0.0,0.0,1,100,1,-0.071256
2003-01-02,2003,2002,PFE,0.011418688058474076,0.0,0.0,1,100,1,-0.071256
2003-01-02,2003,2002,GE,0.011418688058474076,0.0,0.0,1,100,1,-0.071256
2004-01-02,2004,2003,MRK,0.10000355115279869,0.833281,0.0,1,200,1,0.013554
2004-01-02,2004,2003,WMT,0.0932963910295382,0.0,0.0,1,200,1,0.013554
2004-01-02,2004,2003,VZ,0.09270758556302805,0.0,0.0,1,200,1,0.013554
2004-01-02,2004,2003,MSFT,0.0870544875942491,0.0,0.0,1,200,1,0.013554
2004-01-02,2004,2003,JNJ,0.07391124283270842,0.0,0.0,1,200,1,0.013554
2004-01-02,2004,2003,BAC,0.057533329601719925,0.0,0.0,1,200,1,0.013554
2004-01-02,2004,2003,HD,0.05729448056093219,0.0,0.0,1,200,1,0.013554
2004-01-02,2004,2003,GE,0.05520450608128166,0.0,0.0,1,200,1,0.013554
2004-01-02,2004,2003,INTC,0.045632676217970396,0.0,0.0,1,200,1,0.013554
2004-01-02,2004,2003,AIG,0.041956137001524625,0.0,0.0,1,200,1,0.013554
2004-01-02,2004,2003,IBM,0.04143701903623757,0.0,0.0,1,200,1,0.013554
2004-01-02,2004,2003,PFE,0.0404464488766249,0.0,0.0,1,200,1,0.013554
2004-01-02,2004,2003,C,0.035815719896541635,0.0,0.0,1,200,1,0.013554
2004-01-02,2004,2003,KO,0.031716381097902493,0.0,0.0,1,200,1,0.013554
2004-01-02,2004,2003,UPS,0.03026432727448859,0.0,0.0,1,200,1,0.013554
2004-01-02,2004,2003,PG,0.03013270543493022,0.0,0.0,1,200,1,0.013554
2004-01-02,2004,2003,CSCO,0.026880894048601445,0.0,0.0,1,200,1,0.013554
2004-01-02,2004,2003,WFC,0.02438870014582114,0.0,0.0,1,200,1,0.013554
2004-01-02,2004,2003,XOM,0.023928883477166405,0.0,0.0,1,200,1,0.013554
2004-01-02,2004,2003,CVX,0.010394533075934412,0.0,0.0,1,200,1,0.013554
2005-01-03,2005,2004,WFC,0.10000547082468408,0.699359,0.0,1,200,1,-0.030363
2005-01-03,2005,2004,UPS,0.10000547082468408,0.0,0.0,1,200,1,-0.030363
2005-01-03,2005,2004,IBM,0.08847803265095303,0.0,0.0,1,200,1,-0.030363
2005-01-03,2005,2004,BAC,0.08153433730740964,0.0,0.0,1,200,1,-0.030363
2005-01-03,2005,2004,XOM,0.06985722516866567,0.0,0.0,1,200,1,-0.030363
2005-01-03,2005,2004,WMT,0.06759664169314912,0.0,0.0,1,200,1,-0.030363
2005-01-03,2005,2004,MSFT,0.0626178021443836,0.0,0.0,1,200,1,-0.030363
2005-01-03,2005,2004,PG,0.061807533244758704,0.0,0.0,1,200,1,-0.030363
2005-01-03,2005,2004,AIG,0.06116147354322259,0.0,0.0,1,200,1,-0.030363
2005-01-03,2005,2004,JNJ,0.06013865758854998,0.0,0.0,1,200,1,-0.030363
2005-01-03,2005,2004,C,0.04706113407063796,0.0,0.0,1,200,1,-0.030363
2005-01-03,2005,2004,GE,0.036918456757811254,0.0,0.0,1,200,1,-0.030363
2005-01-03,2005,2004,KO,0.03560014461601916,0.0,0.0,1,200,1,-0.030363
2005-01-03,2005,2004,PFE,0.031983772841855496,0.0,0.0,1,200,1,-0.030363
2005-01-03,2005,2004,CSCO,0.02724320853970861,0.0,0.0,1,200,1,-0.030363
2005-01-03,2005,2004,JPM,0.02589405504736972,0.0,0.0,1,200,1,-0.030363
2005-01-03,2005,2004,VZ,0.010814768912648673,0.0,0.0,1,200,1,-0.030363
2005-01-03,2005,2004,INTC,0.010427271407829468,0.0,0.0,1,200,1,-0.030363
2005-01-03,2005,2004,CVX,0.010427271407829468,0.0,0.0,1,200,1,-0.030363
2005-01-03,2005,2004,HD,0.010427271407829468,0.0,0.0,1,200,1,-0.030363
2006-01-03,2006,2005,JPM,0.0722808147820686,0.633787,0.0,5,135,1,0.02844
2006-01-03,2006,2005,GE,0.06707877011856057,0.0,0.0,5,135,1,0.02844
2006-01-03,2006,2005,KO,0.06449569360232113,0.0,0.0,5,135,1,0.02844
2006-01-03,2006,2005,PG,0.06324992088613013,0.0,0.0,5,135,1,0.02844
2006-01-03,2006,2005,PFE,0.062159582092143784,0.0,0.0,5,135,1,0.02844
2006-01-03,2006,2005,BAC,0.06191379586273648,0.0,0.0,5,135,1,0.02844
2006-01-03,2006,2005,PEP,0.06182057552103658,0.0,0.0,5,135,1,0.02844
2006-01-03,2006,2005,C,0.0609991084918532,0.0,0.0,5,135,1,0.02844
2006-01-03,2006,2005,WFC,0.06068952819925442,0.0,0.0,5,135,1,0.02844
2006-01-03,2006,2005,AIG,0.057898136080252315,0.0,0.0,5,135,1,0.02844
2006-01-03,2006,2005,JNJ,0.051907142692057595,0.0,0.0,5,135,1,0.02844
2006-01-03,2006,2005,XOM,0.05185267313345695,0.0,0.0,5,135,1,0.02844
2006-01-03,2006,2005,CSCO,0.04691640721648826,0.0,0.0,5,135,1,0.02844
2006-01-03,2006,2005,CVX,0.04278893484886439,0.0,0.0,5,135,1,0.02844
2006-01-03,2006,2005,WMT,0.0365439825310132,0.0,0.0,5,135,1,0.02844
2006-01-03,2006,2005,INTC,0.03512550710197215,0.0,0.0,5,135,1,0.02844
2006-01-03,2006,2005,HD,0.031113393033729408,0.0,0.0,5,135,1,0.02844
2006-01-03,2006,2005,MSFT,0.03082776454540453,0.0,0.0,5,135,1,0.02844
2006-01-03,2006,2005,IBM,0.030339256764857263,0.0,0.0,5,135,1,0.02844
2006-01-03,2006,2005,AMGN,0.009999012495799058,0.0,0.0,5,135,1,0.02844
2007-01-03,2007,2006,INTC,0.10000580472738363,0.589904,0.0,1,200,2,-0.004141
2007-01-03,2007,2006,WMT,0.10000580472738363,0.0,0.0,1,200,2,-0.004141
2007-01-03,2007,2006,PFE,0.10000580472738363,0.0,0.0,1,200,2,-0.004141
2007-01-03,2007,2006,JNJ,0.08333497651789795,0.0,0.0,1,200,2,-0.004141
2007-01-03,2007,2006,BAC,0.07898586588395447,0.0,0.0,1,200,2,-0.004141
2007-01-03,2007,2006,WFC,0.07133421551228208,0.0,0.0,1,200,2,-0.004141
2007-01-03,2007,2006,KO,0.06974006493557688,0.0,0.0,1,200,2,-0.004141
2007-01-03,2007,2006,GE,0.062367094520621946,0.0,0.0,1,200,2,-0.004141
2007-01-03,2007,2006,JPM,0.05481645867982722,0.0,0.0,1,200,2,-0.004141
2007-01-03,2007,2006,PG,0.05127473918340097,0.0,0.0,1,200,2,-0.004141
2007-01-03,2007,2006,C,0.0395044925504738,0.0,0.0,1,200,2,-0.004141
2007-01-03,2007,2006,VZ,0.03929067336641699,0.0,0.0,1,200,2,-0.004141
2007-01-03,2007,2006,CVX,0.033376813500070907,0.0,0.0,1,200,2,-0.004141
2007-01-03,2007,2006,AIG,0.029610956224289515,0.0,0.0,1,200,2,-0.004141
2007-01-03,2007,2006,CSCO,0.024196910505263396,0.0,0.0,1,200,2,-0.004141
2007-01-03,2007,2006,MSFT,0.022501753613753138,0.0,0.0,1,200,2,-0.004141
2007-01-03,2007,2006,XOM,0.01840971608663726,0.0,0.0,1,200,2,-0.004141
2007-01-03,2007,2006,IBM,0.010618927368691264,0.0,0.0,1,200,2,-0.004141
2007-01-03,2007,2006,T,0.010618927368691264,0.0,0.0,1,200,2,-0.004141
2008-01-02,2008,2007,C,0.10000360946357296,0.870497,0.0,1,200,1,0.035654
2008-01-02,2008,2007,AAPL,0.10000360946357296,0.0,0.0,1,200,1,0.035654
2008-01-02,2008,2007,AIG,0.10000360946357296,0.0,0.0,1,200,1,0.035654
2008-01-02,2008,2007,JPM,0.08459090171770269,0.0,0.0,1,200,1,0.035654
2008-01-02,2008,2007,CSCO,0.05712054566916202,0.0,0.0,1,200,1,0.035654
2008-01-02,2008,2007,BAC,0.05152039460198745,0.0,0.0,1,200,1,0.035654
2008-01-02,2008,2007,T,0.03619695211574491,0.0,0.0,1,200,1,0.035654
2008-01-02,2008,2007,INTC,0.03619695211574491,0.0,0.0,1,200,1,0.035654
2008-01-02,2008,2007,KO,0.03619695211574491,0.0,0.0,1,200,1,0.035654
2008-01-02,2008,2007,PG,0.03619695211574491,0.0,0.0,1,200,1,0.035654
2008-01-02,2008,2007,GOOGL,0.03619695211574491,0.0,0.0,1,200,1,0.035654
2008-01-02,2008,2007,MSFT,0.03619695211574491,0.0,0.0,1,200,1,0.035654
2008-01-02,2008,2007,JNJ,0.03619695211574491,0.0,0.0,1,200,1,0.035654
2008-01-02,2008,2007,XOM,0.03619695211574491,0.0,0.0,1,200,1,0.035654
2008-01-02,2008,2007,PFE,0.03619695211574491,0.0,0.0,1,200,1,0.035654
2008-01-02,2008,2007,CVX,0.03619695211574491,0.0,0.0,1,200,1,0.035654
2008-01-02,2008,2007,GE,0.03619695211574491,0.0,0.0,1,200,1,0.035654
2008-01-02,2008,2007,VZ,0.03619695211574491,0.0,0.0,1,200,1,0.035654
2008-01-02,2008,2007,WMT,0.03619695211574491,0.0,0.0,1,200,1,0.035654
2008-01-02,2008,2007,IBM,0.03619695211574491,0.0,0.0,1,200,1,0.035654
2009-01-02,2009,2008,PG,0.1000060943355316,0.710393,0.0,1,200,3,0.007337
2009-01-02,2009,2008,JNJ,0.1000060943355316,0.0,0.0,1,200,3,0.007337
2009-01-02,2009,2008,PEP,0.1000060943355316,0.0,0.0,1,200,3,0.007337
2009-01-02,2009,2008,WMT,0.08739692849097219,0.0,0.0,1,200,3,0.007337
2009-01-02,2009,2008,KO,0.08614054217339777,0.0,0.0,1,200,3,0.007337
2009-01-02,2009,2008,IBM,0.07544126729032352,0.0,0.0,1,200,3,0.007337
2009-01-02,2009,2008,PFE,0.06092499013728795,0.0,0.0,1,200,3,0.007337
2009-01-02,2009,2008,ORCL,0.05587235259119492,0.0,0.0,1,200,3,0.007337
2009-01-02,2009,2008,CVX,0.042272406336868844,0.0,0.0,1,200,3,0.007337
2009-01-02,2009,2008,VZ,0.04133869476452601,0.0,0.0,1,200,3,0.007337
2009-01-02,2009,2008,GE,0.04098305872138732,0.0,0.0,1,200,3,0.007337
2009-01-02,2009,2008,T,0.035580498540363804,0.0,0.0,1,200,3,0.007337
2009-01-02,2009,2008,GOOGL,0.034573389061900404,0.0,0.0,1,200,3,0.007337
2009-01-02,2009,2008,CSCO,0.032438374992260814,0.0,0.0,1,200,3,0.007337
2009-01-02,2009,2008,MSFT,0.031122339677492557,0.0,0.0,1,200,3,0.007337
2009-01-02,2009,2008,XOM,0.03082926269150641,0.0,0.0,1,200,3,0.007337
2009-01-02,2009,2008,INTC,0.023521166129623586,0.0,0.0,1,200,3,0.007337
2009-01-02,2009,2008,WFC,0.011188427007408724,0.0,0.0,1,200,3,0.007337
2009-01-02,2009,2008,JPM,0.010358018386890362,0.0,0.0,1,200,3,0.007337
2010-01-04,2010,2009,BAC,0.10000683225474144,1.037558,0.0,1,200,1,-0.06872
2010-01-04,2010,2009,JPM,0.10000683225474144,0.0,0.0,1,200,1,-0.06872
2010-01-04,2010,2009,WFC,0.10000683225474144,0.0,0.0,1,200,1,-0.06872
2010-01-04,2010,2009,MSFT,0.07733891030374333,0.0,0.0,1,200,1,-0.06872
2010-01-04,2010,2009,MRK,0.07180517594634331,0.0,0.0,1,200,1,-0.06872
2010-01-04,2010,2009,AAPL,0.06814199860317338,0.0,0.0,1,200,1,-0.06872
2010-01-04,2010,2009,INTC,0.0587275203920298,0.0,0.0,1,200,1,-0.06872
2010-01-04,2010,2009,PG,0.05632997028111758,0.0,0.0,1,200,1,-0.06872
2010-01-04,2010,2009,CSCO,0.049590558601409825,0.0,0.0,1,200,1,-0.06872
2010-01-04,2010,2009,KO,0.04883735828733871,0.0,0.0,1,200,1,-0.06872
2010-01-04,2010,2009,PFE,0.04862905099852818,0.0,0.0,1,200,1,-0.06872
2010-01-04,2010,2009,ORCL,0.0481511460451395,0.0,0.0,1,200,1,-0.06872
2010-01-04,2010,2009,XOM,0.04456595910216229,0.0,0.0,1,200,1,-0.06872
2010-01-04,2010,2009,CVX,0.03626191239825585,0.0,0.0,1,200,1,-0.06872
2010-01-04,2010,2009,JNJ,0.028224458508543264,0.0,0.0,1,200,1,-0.06872
2010-01-04,2010,2009,GOOGL,0.017944441129579217,0.0,0.0,1,200,1,-0.06872
2010-01-04,2010,2009,T,0.013025227359536378,0.0,0.0,1,200,1,-0.06872
2010-01-04,2010,2009,WMT,0.011237115279310315,0.0,0.0,1,200,1,-0.06872
2010-01-04,2010,2009,VZ,0.010584349999782316,0.0,0.0,1,200,1,-0.06872
2010-01-04,2010,2009,IBM,0.010584349999782316,0.0,0.0,1,200,1,-0.06872
2011-01-03,2011,2010,C,0.10000696103982741,0.682262,0.0,1,200,1,-0.043381
2011-01-03,2011,2010,WFC,0.10000696103982741,0.0,0.0,1,200,1,-0.043381
2011-01-03,2011,2010,BAC,0.10000696103982741,0.0,0.0,1,200,1,-0.043381
2011-01-03,2011,2010,JPM,0.10000696103982741,0.0,0.0,1,200,1,-0.043381
2011-01-03,2011,2010,GE,0.10000696103982741,0.0,0.0,1,200,1,-0.043381
2011-01-03,2011,2010,GOOGL,0.0862932547952991,0.0,0.0,1,200,1,-0.043381
2011-01-03,2011,2010,ORCL,0.07719385153306954,0.0,0.0,1,200,1,-0.043381
2011-01-03,2011,2010,INTC,0.07377138026396661,0.0,0.0,1,200,1,-0.043381
2011-01-03,2011,2010,MSFT,0.05978546324823376,0.0,0.0,1,200,1,-0.043381
2011-01-03,2011,2010,CVX,0.04220250940906615,0.0,0.0,1,200,1,-0.043381
2011-01-03,2011,2010,AAPL,0.040015149832401134,0.0,0.0,1,200,1,-0.043381
2011-01-03,2011,2010,PFE,0.03871225381705086,0.0,0.0,1,200,1,-0.043381
2011-01-03,2011,2010,XOM,0.010675917482636606,0.0,0.0,1,200,1,-0.043381
2011-01-03,2011,2010,WMT,0.010250375325545737,0.0,0.0,1,200,1,-0.043381
2011-01-03,2011,2010,JNJ,0.01017750651559893,0.0,0.0,1,200,1,-0.043381
2011-01-03,2011,2010,BRK-B,0.01017750651559893,0.0,0.0,1,200,1,-0.043381
2011-01-03,2011,2010,PG,0.01017750651559893,0.0,0.0,1,200,1,-0.043381
2011-01-03,2011,2010,KO,0.01017750651559893,0.0,0.0,1,200,1,-0.043381
2011-01-03,2011,2010,T,0.01017750651559893,0.0,0.0,1,200,1,-0.043381
2011-01-03,2011,2010,IBM,0.01017750651559893,0.0,0.0,1,200,1,-0.043381
2012-01-03,2012,2011,GOOGL,0.08486189580211426,0.964125,0.0,1,100,1,-0.029278
2012-01-03,2012,2011,PM,0.07995981148425164,0.0,0.0,1,100,1,-0.029278
2012-01-03,2012,2011,VZ,0.07650345596848654,0.0,0.0,1,100,1,-0.029278
2012-01-03,2012,2011,T,0.07109293597956724,0.0,0.0,1,100,1,-0.029278
2012-01-03,2012,2011,PFE,0.06608193265588785,0.0,0.0,1,100,1,-0.029278
2012-01-03,2012,2011,MSFT,0.0637681211715098,0.0,0.0,1,100,1,-0.029278
2012-01-03,2012,2011,BRK-B,0.055597287225845206,0.0,0.0,1,100,1,-0.029278
2012-01-03,2012,2011,KO,0.055073083448759295,0.0,0.0,1,100,1,-0.029278
2012-01-03,2012,2011,IBM,0.05495147317603111,0.0,0.0,1,100,1,-0.029278
2012-01-03,2012,2011,AAPL,0.054234260891324985,0.0,0.0,1,100,1,-0.029278
2012-01-03,2012,2011,JNJ,0.04961324272020425,0.0,0.0,1,100,1,-0.029278
2012-01-03,2012,2011,WMT,0.0465526423139731,0.0,0.0,1,100,1,-0.029278
2012-01-03,2012,2011,XOM,0.04470658121792851,0.0,0.0,1,100,1,-0.029278
2012-01-03,2012,2011,CVX,0.04423832430254354,0.0,0.0,1,100,1,-0.029278
2012-01-03,2012,2011,INTC,0.04282717701431609,0.0,0.0,1,100,1,-0.029278
2012-01-03,2012,2011,PG,0.03517011151598454,0.0,0.0,1,100,1,-0.029278
2012-01-03,2012,2011,ORCL,0.0292617498103342,0.0,0.0,1,100,1,-0.029278
2012-01-03,2012,2011,WFC,0.022538955587754463,0.0,0.0,1,100,1,-0.029278
2012-01-03,2012,2011,GE,0.012967929685236431,0.0,0.0,1,100,1,-0.029278
2012-01-03,2012,2011,JPM,0.009999028027947025,0.0,0.0,1,100,1,-0.029278
2013-01-02,2013,2012,MSFT,0.07041181454614827,0.387499,0.0,1,200,1,-0.003035
2013-01-02,2013,2012,PM,0.06942958385910787,0.0,0.0,1,200,1,-0.003035
2013-01-02,2013,2012,T,0.0686543015731981,0.0,0.0,1,200,1,-0.003035
2013-01-02,2013,2012,KO,0.06747536728891251,0.0,0.0,1,200,1,-0.003035
2013-01-02,2013,2012,WMT,0.06644760013918455,0.0,0.0,1,200,1,-0.003035
2013-01-02,2013,2012,VZ,0.06388194023935166,0.0,0.0,1,200,1,-0.003035
2013-01-02,2013,2012,IBM,0.06357304686643507,0.0,0.0,1,200,1,-0.003035
2013-01-02,2013,2012,XOM,0.06343664848154985,0.0,0.0,1,200,1,-0.003035
2013-01-02,2013,2012,GE,0.06160136524524513,0.0,0.0,1,200,1,-0.003035
2013-01-02,2013,2012,WFC,0.05808263094121519,0.0,0.0,1,200,1,-0.003035
2013-01-02,2013,2012,BRK-B,0.05065415966729822,0.0,0.0,1,200,1,-0.003035
2013-01-02,2013,2012,PG,0.04975193804268368,0.0,0.0,1,200,1,-0.003035
2013-01-02,2013,2012,CVX,0.04788622521546269,0.0,0.0,1,200,1,-0.003035
2013-01-02,2013,2012,PFE,0.04758206390053061,0.0,0.0,1,200,1,-0.003035
2013-01-02,2013,2012,JNJ,0.04008453738216262,0.0,0.0,1,200,1,-0.003035
2013-01-02,2013,2012,GOOGL,0.03029296125587753,0.0,0.0,1,200,1,-0.003035
2013-01-02,2013,2012,AAPL,0.029463787470235363,0.0,0.0,1,200,1,-0.003035
2013-01-02,2013,2012,ORCL,0.029385678301455324,0.0,0.0,1,200,1,-0.003035
2013-01-02,2013,2012,BAC,0.011905329801414332,0.0,0.0,1,200,1,-0.003035
2013-01-02,2013,2012,JPM,0.009999019782531515,0.0,0.0,1,200,1,-0.003035
2014-01-02,2014,2013,IBM,0.10000547430290255,0.766067,0.0,1,200,2,-0.145952
2014-01-02,2014,2013,VZ,0.10000547430290255,0.0,0.0,1,200,2,-0.145952
2014-01-02,2014,2013,KO,0.09036337936220555,0.0,0.0,1,200,2,-0.145952
2014-01-02,2014,2013,AAPL,0.0784517453196362,0.0,0.0,1,200,2,-0.145952
2014-01-02,2014,2013,ORCL,0.06929242652605108,0.0,0.0,1,200,2,-0.145952
2014-01-02,2014,2013,PG,0.061962879360268105,0.0,0.0,1,200,2,-0.145952
2014-01-02,2014,2013,AMZN,0.05754652540564896,0.0,0.0,1,200,2,-0.145952
2014-01-02,2014,2013,C,0.05154045384722352,0.0,0.0,1,200,2,-0.145952
2014-01-02,2014,2013,PFE,0.046392465165782715,0.0,0.0,1,200,2,-0.145952
2014-01-02,2014,2013,CVX,0.043112207944068996,0.0,0.0,1,200,2,-0.145952
2014-01-02,2014,2013,MSFT,0.04180830665311613,0.0,0.0,1,200,2,-0.145952
2014-01-02,2014,2013,JPM,0.04130419439550961,0.0,0.0,1,200,2,-0.145952
2014-01-02,2014,2013,WMT,0.041179599471968836,0.0,0.0,1,200,2,-0.145952
2014-01-02,2014,2013,XOM,0.040408626841600195,0.0,0.0,1,200,2,-0.145952
2014-01-02,2014,2013,BRK-B,0.03856331260246082,0.0,0.0,1,200,2,-0.145952
2014-01-02,2014,2013,BAC,0.03674152023400996,0.0,0.0,1,200,2,-0.145952
2014-01-02,2014,2013,GOOGL,0.027826727440392027,0.0,0.0,1,200,2,-0.145952
2014-01-02,2014,2013,WFC,0.012639594710871623,0.0,0.0,1,200,2,-0.145952
2014-01-02,2014,2013,JNJ,0.010427543056690232,0.0,0.0,1,200,2,-0.145952
2014-01-02,2014,2013,GE,0.010427543056690232,0.0,0.0,1,200,2,-0.145952
2015-01-02,2015,2014,BRK-B,0.09250780948413413,0.834701,0.0,1,200,2,-0.094693
2015-01-02,2015,2014,WMT,0.08558946413036231,0.0,0.0,1,200,2,-0.094693
2015-01-02,2015,2014,PG,0.08239840272665086,0.0,0.0,1,200,2,-0.094693
2015-01-02,2015,2014,DIS,0.07424711455869341,0.0,0.0,1,200,2,-0.094693
2015-01-02,2015,2014,MSFT,0.07381824908778234,0.0,0.0,1,200,2,-0.094693
2015-01-02,2015,2014,JPM,0.07064803714553677,0.0,0.0,1,200,2,-0.094693
2015-01-02,2015,2014,WFC,0.06867958847535809,0.0,0.0,1,200,2,-0.094693
2015-01-02,2015,2014,KO,0.06711089278451782,0.0,0.0,1,200,2,-0.094693
2015-01-02,2015,2014,PFE,0.06642727892259065,0.0,0.0,1,200,2,-0.094693
2015-01-02,2015,2014,JNJ,0.06554823949091626,0.0,0.0,1,200,2,-0.094693
2015-01-02,2015,2014,VZ,0.061754182317550886,0.0,0.0,1,200,2,-0.094693
2015-01-02,2015,2014,XOM,0.04990575462640989,0.0,0.0,1,200,2,-0.094693
2015-01-02,2015,2014,INTC,0.04198417964352373,0.0,0.0,1,200,2,-0.094693
2015-01-02,2015,2014,C,0.040862431462781394,0.0,0.0,1,200,2,-0.094693
2015-01-02,2015,2014,AAPL,0.0149432534747755,0.0,0.0,1,200,2,-0.094693
2015-01-02,2015,2014,CVX,0.013592576985365054,0.0,0.0,1,200,2,-0.094693
2015-01-02,2015,2014,GOOGL,0.009994181561016951,0.0,0.0,1,200,2,-0.094693
2015-01-02,2015,2014,ORCL,0.009994181561016951,0.0,0.0,1,200,2,-0.094693
2015-01-02,2015,2014,BAC,0.009994181561016951,0.0,0.0,1,200,2,-0.094693
2016-01-04,2016,2015,CVX,0.10000544448926142,1.222808,0.0,2,100,5,0.209454
2016-01-04,2016,2015,GOOGL,0.10000544448926142,0.0,0.0,2,100,5,0.209454
2016-01-04,2016,2015,AMZN,0.09595162315394257,0.0,0.0,2,100,5,0.209454
2016-01-04,2016,2015,XOM,0.0863030010265675,0.0,0.0,2,100,5,0.209454
2016-01-04,2016,2015,AAPL,0.08459779033145685,0.0,0.0,2,100,5,0.209454
2016-01-04,2016,2015,MSFT,0.08436501783109218,0.0,0.0,2,100,5,0.209454
2016-01-04,2016,2015,DIS,0.08309099406763701,0.0,0.0,2,100,5,0.209454
2016-01-04,2016,2015,META,0.0783576724611745,0.0,0.0,2,100,5,0.209454
2016-01-04,2016,2015,BAC,0.07733218306126421,0.0,0.0,2,100,5,0.209454
2016-01-04,2016,2015,GE,0.056885155058293724,0.0,0.0,2,100,5,0.209454
2016-01-04,2016,2015,WMT,0.03085298939080237,0.0,0.0,2,100,5,0.209454
2016-01-04,2016,2015,V,0.0261763691218032,0.0,0.0,2,100,5,0.209454
2016-01-04,2016,2015,PFE,0.021456856897446617,0.0,0.0,2,100,5,0.209454
2016-01-04,2016,2015,PG,0.013862197245550637,0.0,0.0,2,100,5,0.209454
2016-01-04,2016,2015,JNJ,0.010332591212054272,0.0,0.0,2,100,5,0.209454
2016-01-04,2016,2015,KO,0.01008493403247828,0.0,0.0,2,100,5,0.209454
2016-01-04,2016,2015,JPM,0.01008493403247828,0.0,0.0,2,100,5,0.209454
2016-01-04,2016,2015,VZ,0.01008493403247828,0.0,0.0,2,100,5,0.209454
2016-01-04,2016,2015,WFC,0.01008493403247828,0.0,0.0,2,100,5,0.209454
2016-01-04,2016,2015,BRK-B,0.01008493403247828,0.0,0.0,2,100,5,0.209454
2017-01-03,2017,2016,BAC,0.10000244452660756,0.77242,0.0,2,100,5,0.043615
2017-01-03,2017,2016,AMZN,0.10000244452660756,0.0,0.0,2,100,5,0.043615
2017-01-03,2017,2016,WFC,0.09952605920765284,0.0,0.0,2,100,5,0.043615
2017-01-03,2017,2016,AAPL,0.09802086799625424,0.0,0.0,2,100,5,0.043615
2017-01-03,2017,2016,JPM,0.09188345302827594,0.0,0.0,2,100,5,0.043615
2017-01-03,2017,2016,INTC,0.08177175923769975,0.0,0.0,2,100,5,0.043615
2017-01-03,2017,2016,META,0.07776882067759157,0.0,0.0,2,100,5,0.043615
2017-01-03,2017,2016,MSFT,0.06364749652181656,0.0,0.0,2,100,5,0.043615
2017-01-03,2017,2016,CVX,0.055710582612355945,0.0,0.0,2,100,5,0.043615
2017-01-03,2017,2016,PFE,0.052911499263249895,0.0,0.0,2,100,5,0.043615
2017-01-03,2017,2016,V,0.03967879025954786,0.0,0.0,2,100,5,0.043615
2017-01-03,2017,2016,VZ,0.03252779995075581,0.0,0.0,2,100,5,0.043615
2017-01-03,2017,2016,KO,0.025626066953151772,0.0,0.0,2,100,5,0.043615
2017-01-03,2017,2016,GOOGL,0.015192922680930929,0.0,0.0,2,100,5,0.043615
2017-01-03,2017,2016,JNJ,0.01095483209291693,0.0,0.0,2,100,5,0.043615
2017-01-03,2017,2016,PG,0.01095483209291693,0.0,0.0,2,100,5,0.043615
2017-01-03,2017,2016,BRK-B,0.01095483209291693,0.0,0.0,2,100,5,0.043615
2017-01-03,2017,2016,WMT,0.01095483209291693,0.0,0.0,2,100,5,0.043615
2017-01-03,2017,2016,T,0.01095483209291693,0.0,0.0,2,100,5,0.043615
2017-01-03,2017,2016,XOM,0.01095483209291693,0.0,0.0,2,100,5,0.043615
2018-01-02,2018,2017,VZ,0.09665317528646884,0.537757,0.0,2,200,1,0.26741
2018-01-02,2018,2017,WFC,0.09665317528646884,0.0,0.0,2,200,1,0.26741
2018-01-02,2018,2017,AMZN,0.08863854287581815,0.0,0.0,2,200,1,0.26741
2018-01-02,2018,2017,BAC,0.08671256673717695,0.0,0.0,2,200,1,0.26741
2018-01-02,2018,2017,META,0.0755143194119001,0.0,0.0,2,200,1,0.26741
2018-01-02,2018,2017,AAPL,0.07510594231226529,0.0,0.0,2,200,1,0.26741
2018-01-02,2018,2017,INTC,0.07254265977063878,0.0,0.0,2,200,1,0.26741
2018-01-02,2018,2017,WMT,0.0708726234813103,0.0,0.0,2,200,1,0.26741
2018-01-02,2018,2017,GOOGL,0.06566684917691559,0.0,0.0,2,200,1,0.26741
2018-01-02,2018,2017,MSFT,0.06465583286135652,0.0,0.0,2,200,1,0.26741
2018-01-02,2018,2017,UNH,0.06162953356642582,0.0,0.0,2,200,1,0.26741
2018-01-02,2018,2017,JPM,0.057413947395861635,0.0,0.0,2,200,1,0.26741
2018-01-02,2018,2017,V,0.01486464750637078,0.0,0.0,2,200,1,0.26741
2018-01-02,2018,2017,JNJ,0.01308273446164575,0.0,0.0,2,200,1,0.26741
2018-01-02,2018,2017,PFE,0.009998908311562782,0.0,0.0,2,200,1,0.26741
2018-01-02,2018,2017,CVX,0.009998908311562782,0.0,0.0,2,200,1,0.26741
2018-01-02,2018,2017,PG,0.009998908311562782,0.0,0.0,2,200,1,0.26741
2018-01-02,2018,2017,HD,0.009998908311562782,0.0,0.0,2,200,1,0.26741
2018-01-02,2018,2017,BRK-B,0.009998908311562782,0.0,0.0,2,200,1,0.26741
2018-01-02,2018,2017,XOM,0.009998908311562782,0.0,0.0,2,200,1,0.26741
2019-01-02,2019,2018,META,0.08990680845478552,0.489311,0.0,1,100,1,0.066471
2019-01-02,2019,2018,AAPL,0.08906366559121763,0.0,0.0,1,100,1,0.066471
2019-01-02,2019,2018,AMZN,0.0867164505596029,0.0,0.0,1,100,1,0.066471
2019-01-02,2019,2018,MSFT,0.08593663273698242,0.0,0.0,1,100,1,0.066471
2019-01-02,2019,2018,V,0.0839923412262064,0.0,0.0,1,100,1,0.066471
2019-01-02,2019,2018,INTC,0.08356772562063913,0.0,0.0,1,100,1,0.066471
2019-01-02,2019,2018,GOOGL,0.08032033976865421,0.0,0.0,1,100,1,0.066471
2019-01-02,2019,2018,BAC,0.08013331450165674,0.0,0.0,1,100,1,0.066471
2019-01-02,2019,2018,CVX,0.07794848444759364,0.0,0.0,1,100,1,0.066471
2019-01-02,2019,2018,WMT,0.06639274740664118,0.0,0.0,1,100,1,0.066471
2019-01-02,2019,2018,WFC,0.043600090909457365,0.0,0.0,1,100,1,0.066471
2019-01-02,2019,2018,UNH,0.0408716400194577,0.0,0.0,1,100,1,0.066471
2019-01-02,2019,2018,JNJ,0.019453664623334824,0.0,0.0,1,100,1,0.066471
2019-01-02,2019,2018,BRK-B,0.012106776893659205,0.0,0.0,1,100,1,0.066471
2019-01-02,2019,2018,PFE,0.009998219540018538,0.0,0.0,1,100,1,0.066471
2019-01-02,2019,2018,VZ,0.009998219540018538,0.0,0.0,1,100,1,0.066471
2019-01-02,2019,2018,KO,0.009998219540018538,0.0,0.0,1,100,1,0.066471
2019-01-02,2019,2018,XOM,0.009998219540018538,0.0,0.0,1,100,1,0.066471
2019-01-02,2019,2018,PG,0.009998219540018538,0.0,0.0,1,100,1,0.066471
2019-01-02,2019,2018,JPM,0.009998219540018538,0.0,0.0,1,100,1,0.066471
2020-01-02,2020,2019,INTC,0.10000340957643146,0.696234,0.0,1,100,1,-0.03295
2020-01-02,2020,2019,META,0.10000340957643146,0.0,0.0,1,100,1,-0.03295
2020-01-02,2020,2019,AAPL,0.10000340957643146,0.0,0.0,1,100,1,-0.03295
2020-01-02,2020,2019,XOM,0.098212556227691,0.0,0.0,1,100,1,-0.03295
2020-01-02,2020,2019,UNH,0.0910691596584862,0.0,0.0,1,100,1,-0.03295
2020-01-02,2020,2019,BAC,0.08628567970739418,0.0,0.0,1,100,1,-0.03295
2020-01-02,2020,2019,AMZN,0.07919636828355511,0.0,0.0,1,100,1,-0.03295
2020-01-02,2020,2019,GOOGL,0.06427056646427502,0.0,0.0,1,100,1,-0.03295
2020-01-02,2020,2019,MA,0.058550194356327794,0.0,0.0,1,100,1,-0.03295
2020-01-02,2020,2019,DIS,0.048074063873358996,0.0,0.0,1,100,1,-0.03295
2020-01-02,2020,2019,HD,0.040148538086084436,0.0,0.0,1,100,1,-0.03295
2020-01-02,2020,2019,BRK-B,0.021860563459128828,0.0,0.0,1,100,1,-0.03295
2020-01-02,2020,2019,JPM,0.021816425095556664,0.0,0.0,1,100,1,-0.03295
2020-01-02,2020,2019,V,0.02007173352759728,0.0,0.0,1,100,1,-0.03295
2020-01-02,2020,2019,MSFT,0.01578292999702097,0.0,0.0,1,100,1,-0.03295
2020-01-02,2020,2019,PG,0.011978971560612001,0.0,0.0,1,100,1,-0.03295
2020-01-02,2020,2019,JNJ,0.010668005243404267,0.0,0.0,1,100,1,-0.03295
2020-01-02,2020,2019,KO,0.010668005243404267,0.0,0.0,1,100,1,-0.03295
2020-01-02,2020,2019,VZ,0.010668005243404267,0.0,0.0,1,100,1,-0.03295
2020-01-02,2020,2019,WMT,0.010668005243404267,0.0,0.0,1,100,1,-0.03295
2021-01-04,2021,2020,TSLA,0.09295774411495585,0.835625,0.0,5,200,3,0.252611
2021-01-04,2021,2020,BAC,0.089359294077398,0.0,0.0,5,200,3,0.252611
2021-01-04,2021,2020,NVDA,0.08433762502216348,0.0,0.0,5,200,3,0.252611
2021-01-04,2021,2020,JPM,0.07536784875230174,0.0,0.0,5,200,3,0.252611
2021-01-04,2021,2020,PYPL,0.0680311170849797,0.0,0.0,5,200,3,0.252611
2021-01-04,2021,2020,DIS,0.06605367967561539,0.0,0.0,5,200,3,0.252611
2021-01-04,2021,2020,META,0.06545972989359534,0.0,0.0,5,200,3,0.252611
2021-01-04,2021,2020,AAPL,0.06048282841396299,0.0,0.0,5,200,3,0.252611
2021-01-04,2021,2020,MA,0.056058656551124936,0.0,0.0,5,200,3,0.252611
2021-01-04,2021,2020,UNH,0.05369907358229972,0.0,0.0,5,200,3,0.252611
2021-01-04,2021,2020,MSFT,0.0503359237806346,0.0,0.0,5,200,3,0.252611
2021-01-04,2021,2020,AMZN,0.045598606688542244,0.0,0.0,5,200,3,0.252611
2021-01-04,2021,2020,V,0.03838324537100919,0.0,0.0,5,200,3,0.252611
2021-01-04,2021,2020,GOOGL,0.037419825857437014,0.0,0.0,5,200,3,0.252611
2021-01-04,2021,2020,HD,0.03622236125147839,0.0,0.0,5,200,3,0.252611
2021-01-04,2021,2020,BRK-B,0.03042881151645365,0.0,0.0,5,200,3,0.252611
2021-01-04,2021,2020,WMT,0.01950453898003541,0.0,0.0,5,200,3,0.252611
2021-01-04,2021,2020,PG,0.010304890392978225,0.0,0.0,5,200,3,0.252611
2021-01-04,2021,2020,JNJ,0.009997099496517102,0.0,0.0,5,200,3,0.252611
2021-01-04,2021,2020,VZ,0.009997099496517102,0.0,0.0,5,200,3,0.252611
2022-01-03,2022,2021,TSLA,0.07764010032658887,0.526564,0.0,5,200,1,-0.067401
2022-01-03,2022,2021,DIS,0.06870200462691974,0.0,0.0,5,200,1,-0.067401
2022-01-03,2022,2021,V,0.062365143051789126,0.0,0.0,5,200,1,-0.067401
2022-01-03,2022,2021,GOOGL,0.06137190517707474,0.0,0.0,5,200,1,-0.067401
2022-01-03,2022,2021,NVDA,0.060016916391267085,0.0,0.0,5,200,1,-0.067401
2022-01-03,2022,2021,MSFT,0.0595476554843359,0.0,0.0,5,200,1,-0.067401
2022-01-03,2022,2021,MA,0.05765789589885662,0.0,0.0,5,200,1,-0.067401
2022-01-03,2022,2021,HD,0.05704270665336231,0.0,0.0,5,200,1,-0.067401
2022-01-03,2022,2021,META,0.05673481182452079,0.0,0.0,5,200,1,-0.067401
2022-01-03,2022,2021,PFE,0.05562091286181757,0.0,0.0,5,200,1,-0.067401
2022-01-03,2022,2021,JPM,0.05336329590520576,0.0,0.0,5,200,1,-0.067401
2022-01-03,2022,2021,BAC,0.05222029839621718,0.0,0.0,5,200,1,-0.067401
2022-01-03,2022,2021,AVGO,0.05177442150692437,0.0,0.0,5,200,1,-0.067401
2022-01-03,2022,2021,AAPL,0.0514338600409539,0.0,0.0,5,200,1,-0.067401
2022-01-03,2022,2021,AMZN,0.04977969533201543,0.0,0.0,5,200,1,-0.067401
2022-01-03,2022,2021,UNH,0.04862105901493863,0.0,0.0,5,200,1,-0.067401
2022-01-03,2022,2021,WMT,0.03509196902754623,0.0,0.0,5,200,1,-0.067401
2022-01-03,2022,2021,JNJ,0.021022103729668437,0.0,0.0,5,200,1,-0.067401
2022-01-03,2022,2021,BRK-B,0.009996622374998704,0.0,0.0,5,200,1,-0.067401
2022-01-03,2022,2021,PG,0.009996622374998704,0.0,0.0,5,200,1,-0.067401
2023-01-03,2023,2022,TSLA,0.10000644006694637,1.023618,0.0,1,100,1,0.0631
2023-01-03,2023,2022,META,0.10000644006694637,0.0,0.0,1,100,1,0.0631
2023-01-03,2023,2022,NVDA,0.10000644006694637,0.0,0.0,1,100,1,0.0631
2023-01-03,2023,2022,AMZN,0.10000644006694637,0.0,0.0,1,100,1,0.0631
2023-01-03,2023,2022,GOOGL,0.10000644006694637,0.0,0.0,1,100,1,0.0631
2023-01-03,2023,2022,MSFT,0.10000644006694637,0.0,0.0,1,100,1,0.0631
2023-01-03,2023,2022,AAPL,0.0986510312656149,0.0,0.0,1,100,1,0.0631
2023-01-03,2023,2022,XOM,0.054456243175881304,0.0,0.0,1,100,1,0.0631
2023-01-03,2023,2022,CVX,0.02817575056486164,0.0,0.0,1,100,1,0.0631
2023-01-03,2023,2022,JPM,0.01987984859926946,0.0,0.0,1,100,1,0.0631
2023-01-03,2023,2022,HD,0.01987984859926946,0.0,0.0,1,100,1,0.0631
2023-01-03,2023,2022,WMT,0.01987984859926946,0.0,0.0,1,100,1,0.0631
2023-01-03,2023,2022,JNJ,0.01987984859926946,0.0,0.0,1,100,1,0.0631
2023-01-03,2023,2022,UNH,0.01987984859926946,0.0,0.0,1,100,1,0.0631
2023-01-03,2023,2022,LLY,0.01987984859926946,0.0,0.0,1,100,1,0.0631
2023-01-03,2023,2022,PG,0.01987984859926946,0.0,0.0,1,100,1,0.0631
2023-01-03,2023,2022,V,0.01987984859926946,0.0,0.0,1,100,1,0.0631
2023-01-03,2023,2022,MA,0.01987984859926946,0.0,0.0,1,100,1,0.0631
2023-01-03,2023,2022,PFE,0.01987984859926946,0.0,0.0,1,100,1,0.0631
2023-01-03,2023,2022,BRK-B,0.01987984859926946,0.0,0.0,1,100,1,0.0631
2024-01-02,2024,2023,TSLA,0.10000462881265881,0.706564,0.0,1,100,1,0.020487
2024-01-02,2024,2023,NVDA,0.10000462881265881,0.0,0.0,1,100,1,0.020487
2024-01-02,2024,2023,XOM,0.10000462881265881,0.0,0.0,1,100,1,0.020487
2024-01-02,2024,2023,LLY,0.08653997976722383,0.0,0.0,1,100,1,0.020487
2024-01-02,2024,2023,AMZN,0.08391221775348973,0.0,0.0,1,100,1,0.020487
2024-01-02,2024,2023,AVGO,0.08137116539170239,0.0,0.0,1,100,1,0.020487
2024-01-02,2024,2023,GOOGL,0.07477759544907388,0.0,0.0,1,100,1,0.020487
2024-01-02,2024,2023,META,0.06474323495389915,0.0,0.0,1,100,1,0.020487
2024-01-02,2024,2023,MSFT,0.04399310789579824,0.0,0.0,1,100,1,0.020487
2024-01-02,2024,2023,JNJ,0.04327572327961703,0.0,0.0,1,100,1,0.020487
2024-01-02,2024,2023,HD,0.041422021219665164,0.0,0.0,1,100,1,0.020487
2024-01-02,2024,2023,UNH,0.03495825910315728,0.0,0.0,1,100,1,0.020487
2024-01-02,2024,2023,AAPL,0.032988908603359804,0.0,0.0,1,100,1,0.020487
2024-01-02,2024,2023,COST,0.030186410057943203,0.0,0.0,1,100,1,0.020487
2024-01-02,2024,2023,JPM,0.02456811944824106,0.0,0.0,1,100,1,0.020487
2024-01-02,2024,2023,PG,0.016161672048758253,0.0,0.0,1,100,1,0.020487
2024-01-02,2024,2023,WMT,0.010271924647523684,0.0,0.0,1,100,1,0.020487
2024-01-02,2024,2023,MA,0.010271924647523684,0.0,0.0,1,100,1,0.020487
2024-01-02,2024,2023,BRK-B,0.010271924647523684,0.0,0.0,1,100,1,0.020487
2024-01-02,2024,2023,V,0.010271924647523684,0.0,0.0,1,100,1,0.020487
2025-01-02,2025,2024,NVDA,0.10000854851836527,0.530061,0.0,1,200,2,0.125722
2025-01-02,2025,2024,TSLA,0.10000854851836527,0.0,0.0,1,200,2,0.125722
2025-01-02,2025,2024,AVGO,0.10000854851836527,0.0,0.0,1,200,2,0.125722
2025-01-02,2025,2024,LLY,0.10000854851836527,0.0,0.0,1,200,2,0.125722
2025-01-02,2025,2024,META,0.10000854851836527,0.0,0.0,1,200,2,0.125722
2025-01-02,2025,2024,ORCL,0.10000854851836527,0.0,0.0,1,200,2,0.125722
2025-01-02,2025,2024,WMT,0.04393236280558195,0.0,0.0,1,200,2,0.125722
2025-01-02,2025,2024,UNH,0.03915931066914425,0.0,0.0,1,200,2,0.125722
2025-01-02,2025,2024,GOOGL,0.03901460046120135,0.0,0.0,1,200,2,0.125722
2025-01-02,2025,2024,AMZN,0.03364982284752449,0.0,0.0,1,200,2,0.125722
2025-01-02,2025,2024,HD,0.02441926121063561,0.0,0.0,1,200,2,0.125722
2025-01-02,2025,2024,V,0.02441926121063561,0.0,0.0,1,200,2,0.125722
2025-01-02,2025,2024,MA,0.02441926121063561,0.0,0.0,1,200,2,0.125722
2025-01-02,2025,2024,AAPL,0.02441926121063561,0.0,0.0,1,200,2,0.125722
2025-01-02,2025,2024,MSFT,0.02441926121063561,0.0,0.0,1,200,2,0.125722
2025-01-02,2025,2024,JPM,0.02441926121063561,0.0,0.0,1,200,2,0.125722
2025-01-02,2025,2024,COST,0.02441926121063561,0.0,0.0,1,200,2,0.125722
2025-01-02,2025,2024,XOM,0.02441926121063561,0.0,0.0,1,200,2,0.125722
2025-01-02,2025,2024,BRK-B,0.02441926121063561,0.0,0.0,1,200,2,0.125722
2025-01-02,2025,2024,PG,0.02441926121063561,0.0,0.0,1,200,2,0.125722
