rebalance_date,best_learning_rate,best_max_depth,best_reg_lambda,best_n_estimators,best_gamma,RMSE,MSE,MAE,R_squared,Spearman,Directional_Accuracy,Geometric_Score
1998-01-02,0.05000000000000001,5.0,1.0,50.0,0.10000000000000002,0.2892932583856726,0.0836905893473995,0.2422865554690361,-0.0068040823747315,0.1157894736842105,0.55,0.5773502691896257
1998-02-02,0.05000000000000001,3.0,5.0,50.0,0.0,0.3136695560044055,0.0983885903640009,0.2677202180027961,-0.18362213971730448,-0.40902255639097734,0.5,0.0
1998-03-02,0.05000000000000001,3.0,5.0,50.0,0.0,0.2931304088773266,0.0859254366085887,0.2501325622200966,-0.0336894629604658,0.0616541353383458,0.6,0.5590169943749475
1998-04-01,0.05000000000000001,3.0,1.0,50.0,0.0,0.2982577936834449,0.08895771149291638,0.2532466140389442,-0.0701679578095206,-0.1203007518796992,0.55,0.5318160234783105
1998-05-01,0.05000000000000001,3.0,5.0,50.0,0.10000000000000002,0.2958435245590844,0.0875233910235415,0.2511535105109215,-0.0529129747192971,-0.0060150375939849,0.45,0.45643546458763834
1998-06-01,0.05000000000000001,3.0,5.0,50.0,0.0,0.2893832922289263,0.0837426898212521,0.2443418186902999,-0.007430854992507,0.1007518796992481,0.65,0.5416025603090641
1998-07-01,0.05000000000000001,3.0,5.0,50.0,0.10000000000000002,0.2847081874741646,0.081058752014824,0.249600193798542,0.0248571186186578,0.0721804511278195,0.5,0.4605661864718383
1998-08-03,0.05000000000000001,3.0,1.0,50.0,0.10000000000000002,0.3016764705023938,0.0910086928547816,0.2572664931416511,-0.094841417801885,-0.17443609022556386,0.3499999999999999,0.5619514869490163
1998-09-01,0.05000000000000001,3.0,5.0,50.0,0.0,0.2896575425276212,0.08390149194314071,0.2515030190348625,-0.0093412564588359,0.1157894736842105,0.6,0.5222329678670935
1998-10-01,0.05000000000000001,3.0,5.0,100.0,0.10000000000000002,0.2914490906321564,0.0849425724303109,0.2588083744049072,-0.0218655329962216,0.0060150375939849,0.6,
1998-11-02,0.05000000000000001,3.0,1.0,50.0,0.10000000000000002,0.2983975348672061,0.0890410888148254,0.2607537862658501,-0.0711709932610582,-0.2481203007518796,0.6,0.0
1998-12-01,0.05000000000000001,3.0,5.0,50.0,0.0,0.2822516224776571,0.0796659783912699,0.2449678999185562,0.0416122900298359,0.2541353383458646,0.55,0.3450327796711771
1999-01-04,0.05000000000000001,3.0,5.0,100.0,0.10000000000000002,0.2842766669547938,0.0808132233749267,0.2418974679708481,0.0278108466174226,0.2706766917293233,0.65,0.0
1999-02-01,0.05000000000000001,3.0,5.0,50.0,0.0,0.2876027406415112,0.0827153364245083,0.2471832704544067,0.0049282836149366,0.0436090225563909,0.45,0.3760507165451774
1999-03-01,0.05000000000000001,3.0,5.0,50.0,0.0,0.286627525938022,0.0821553386253515,0.252572962641716,0.0116650992438915,0.106766917293233,0.65,0.43301270189221935
1999-04-01,0.05000000000000001,3.0,1.0,100.0,0.10000000000000002,0.2813791029425684,0.0791741995727645,0.24237479835748674,0.0475284261923066,0.3037593984962406,0.55,0.5318160234783105
1999-05-03,0.05000000000000001,3.0,1.0,100.0,0.10000000000000002,0.3203834009852381,0.1026455236268678,0.2707600039243698,-0.2348333669397635,-0.3729323308270676,0.4000000000000001,0.37047928681747405
1999-06-01,0.05000000000000001,3.0,5.0,50.0,0.0,0.2889589202286896,0.0834972575797301,0.2520915955305099,-0.0044782866734458,-0.0390977443609022,0.65,0.4850712500726659
1999-07-01,0.05000000000000001,3.0,5.0,50.0,0.10000000000000002,0.2919812411275302,0.0852530451703729,0.2551968201994895,-0.0256005434029826,-0.1548872180451127,0.5,0.5455447255899809
1999-08-02,0.05000000000000001,3.0,5.0,50.0,0.10000000000000002,0.2931421821342468,0.08593233894642789,0.2476262491941451,-0.0337724986036449,-0.0150375939849624,0.65,0.5976143046671968
1999-09-01,0.05000000000000001,3.0,5.0,50.0,0.10000000000000002,0.2774522353705506,0.0769797429121154,0.2395826816558837,0.0739279048166562,0.312781954887218,0.4000000000000001,0.4618802153517006
1999-10-01,0.05000000000000001,3.0,5.0,50.0,0.0,0.2846943279980348,0.0810508603942526,0.248974671959877,0.0249520554074871,0.12481203007518789,0.85,0.7669649888473704
1999-11-01,0.05000000000000001,3.0,5.0,50.0,0.0,0.2850268019051438,0.081240277804274,0.2441371616721153,0.0226733497230189,0.144360902255639,0.4000000000000001,0.0
1999-12-01,0.05000000000000001,3.0,5.0,50.0,0.10000000000000002,0.292260666024593,0.08541629690513859,0.2501405984163284,-0.027564474046781,-0.0030075187969924,0.6,0.5945883900105632
2000-01-03,0.05000000000000001,3.0,1.0,50.0,0.0,0.2705492570295616,0.0731969004792478,0.2337659776210784,0.1194357837082971,0.5263157894736841,0.65,0.5477225575051661
2000-02-01,0.05000000000000001,3.0,5.0,50.0,0.10000000000000002,0.2766578773217376,0.0765395810841696,0.24206060767173762,0.0792230847017189,0.3172932330827067,0.6,0.7071067811865476
2000-03-01,0.05000000000000001,3.0,5.0,50.0,0.10000000000000002,0.3009838452912902,0.0905912751263312,0.2682807758450508,-0.0898198511438348,-0.2730349948633586,0.6999999999999998,0.0
2000-04-03,0.05000000000000001,3.0,1.0,50.0,0.10000000000000002,0.2917501387312854,0.0851181434497243,0.2452016696333885,-0.0239776655605934,-0.0436090225563909,0.4000000000000001,0.4618802153517006
2000-05-01,0.20000000000000004,3.0,5.0,100.0,0.10000000000000002,0.3222076512063887,0.10381777049593781,0.2725789946317672,-0.24893558491353787,-0.6009778537075028,0.3499999999999999,0.34815531191139576
2000-06-01,0.05000000000000001,3.0,5.0,50.0,0.0,0.2964430264968863,0.08787846795863359,0.2556556358933449,-0.0571845769459689,-0.150375939849624,0.45,0.4320493798938572
2000-07-03,0.05000000000000001,3.0,5.0,50.0,0.0,0.2790423121963225,0.0778646119958699,0.2358488321304321,0.0632828632075799,0.2676691729323308,0.6999999999999998,0.6963106238227913
2000-08-01,0.05000000000000001,3.0,1.0,100.0,0.10000000000000002,0.286219943540444,0.0819218560802949,0.2495120474696159,0.0144739118160003,0.19548872180451124,0.45,0.3760507165451774
2000-09-01,0.20000000000000004,3.0,5.0,50.0,0.10000000000000002,0.3152680898402138,0.0993939684714971,0.2695745423436165,-0.1957169139428225,-0.33533834586466166,0.45,0.38188130791298674
2000-10-02,0.05000000000000001,3.0,5.0,50.0,0.10000000000000002,0.2964675847048831,0.087893028780747,0.2527234584093093,-0.0573597447307914,-0.231578947368421,0.3499999999999999,0.3178208630818641
2000-11-01,0.05000000000000001,3.0,5.0,50.0,0.10000000000000002,0.2932105023769971,0.085972398704171,0.2578144118189812,-0.0342544205013055,-0.1158330281238491,0.45,0.3760507165451774
2000-12-01,0.05000000000000001,3.0,5.0,50.0,0.10000000000000002,0.2887789549901075,0.0833932848451785,0.24735763967037191,-0.0032274868592909,-0.0285714285714285,0.5,0.458257569495584
2001-01-02,0.05000000000000001,3.0,5.0,50.0,0.10000000000000002,0.2755203402155656,0.075911457872501,0.2351135969161987,0.0867794541654015,0.4872180451127819,0.55,0.4242640687119285
2001-02-01,0.05000000000000001,3.0,5.0,50.0,0.10000000000000002,0.2869632169970459,0.0823478879092936,0.2408500209450722,0.0093487168806778,-0.0270676691729323,0.25,0.3429971702850177
2001-03-01,0.05000000000000001,3.0,5.0,50.0,0.0,0.3163547527181832,0.10008032956738282,0.2672912821173668,-0.20397388953242537,-0.36541353383458636,0.3,0.3960590171906697
2001-04-02,0.05000000000000001,3.0,5.0,50.0,0.10000000000000002,0.2930922608690184,0.0859030733813127,0.2524938476085662,-0.0334204316548902,-0.1548872180451127,0.65,0.0
2001-05-01,0.05000000000000001,3.0,5.0,50.0,0.10000000000000002,0.2813156777507822,0.0791385105483819,0.2419399470090866,0.0479577678390144,0.193984962406015,0.45,0.3818813079129866
2001-06-01,0.05000000000000001,3.0,5.0,50.0,0.0,0.2834369414819133,0.0803364997966215,0.2458958894014358,0.0335458671083122,0.1518796992481203,0.55,0.49236596391733095
2001-07-02,0.05000000000000001,3.0,5.0,50.0,0.10000000000000002,0.2789185671558639,0.0777955671042801,0.2464820742607116,0.06411347844475,0.4902255639097743,0.55,0.3178208630818641
2001-08-01,0.05000000000000001,3.0,5.0,100.0,0.10000000000000002,0.2978199594933295,0.0886967282726084,0.2568940696120262,-0.067028310046417,-0.1759398496240601,0.20000000000000004,0.24253562503633294
2001-09-04,0.05000000000000001,3.0,1.0,50.0,0.10000000000000002,0.2895163790728055,0.08381973375142841,0.2464010521769523,-0.0083576992653038,-0.0556390977443608,0.6,0.60380736442456
2001-10-01,0.05000000000000001,3.0,5.0,50.0,0.0,0.2718055175376894,0.0738782393639311,0.24175771325826637,0.11123922569706861,0.45263157894736833,0.6,0.3618734322278729
2001-11-01,0.05000000000000001,3.0,5.0,50.0,0.10000000000000002,0.2948448083430721,0.0869334610068629,0.2562201556563377,-0.0458160722630129,-0.0390977443609022,0.45,0.0
2001-12-03,0.05000000000000001,3.0,5.0,50.0,0.0,0.2893586441626427,0.0837284249516429,0.2517158299684524,-0.007259247538561099,0.0390977443609022,0.65,0.5590169943749475
2002-01-02,0.05000000000000001,3.0,5.0,50.0,0.10000000000000002,0.2869695606770818,0.0823515287551973,0.2534947276115417,0.0093049172307089,0.10977443609022548,0.3499999999999999,0.37796447300922714
2002-02-01,0.05000000000000001,3.0,5.0,50.0,0.10000000000000002,0.2930775801293883,0.085894467974498,0.2540331795811653,-0.0333169079638864,-0.1142857142857142,0.6,0.5447047794019222
2002-03-01,0.05000000000000001,3.0,5.0,50.0,0.10000000000000002,0.2937597535010202,0.0862947927769801,0.2606115189194679,-0.0381328454373552,-0.0796992481203007,0.3499999999999999,0.3178208630818641
2002-04-01,0.05000000000000001,3.0,5.0,100.0,0.10000000000000002,0.3194134086697986,0.1020249256380598,0.2701172959804535,-0.2273675264728998,-0.4406015037593984,0.3,0.3960590171906697
2002-05-01,0.05000000000000001,3.0,5.0,50.0,0.10000000000000002,0.2907461390273346,0.0845333173593021,0.248387748003006,-0.0169421637209286,-0.1218045112781954,0.4000000000000001,0.4225771273642583
2002-06-03,0.05000000000000001,3.0,1.0,50.0,0.10000000000000002,0.3023925911258942,0.09144127916783222,0.2605514347553253,-0.10004546367316951,-0.3639097744360902,0.4000000000000001,0.2700308624336608
2002-07-01,0.05000000000000001,3.0,5.0,50.0,0.10000000000000002,0.2674286757563364,0.0715180966167877,0.2405848532915115,0.1396319203995466,0.4360902255639097,0.65,0.7071067811865476
2002-08-01,0.05000000000000001,3.0,5.0,50.0,0.10000000000000002,0.2836216399225336,0.0804412346323473,0.24469559937715527,0.0322858991597315,0.1157894736842105,0.6,0.5163977794943222
2002-09-03,0.05000000000000001,3.0,5.0,50.0,0.0,0.28584931925649,0.0817098333193987,0.2521032631397247,0.0170245615711426,0.0962406015037593,0.25,0.3429971702850177
2002-10-01,0.05000000000000001,5.0,5.0,50.0,0.10000000000000002,0.2725124344335894,0.0742630269209213,0.235883594751358,0.1066102024550814,0.3909774436090225,0.65,0.5416025603090641
2002-11-01,0.05000000000000001,3.0,5.0,100.0,0.10000000000000002,0.3087708575907709,0.0953394424973401,0.2665903475880623,-0.1469406616221364,-0.4436090225563909,0.5,0.40824829046386296
2002-12-02,0.05000000000000001,3.0,5.0,50.0,0.0,0.2754026798305287,0.0758466360578366,0.2413544371724128,0.08755926546963382,0.43308270676691735,0.4000000000000001,0.5423261445466404
2003-01-02,0.05000000000000001,3.0,5.0,100.0,0.10000000000000002,0.3016423450407212,0.0909881043216655,0.2606271877884865,-0.0945937362004871,-0.118796992481203,0.25,
2003-02-03,0.05000000000000001,3.0,1.0,50.0,0.10000000000000002,0.2781811301103837,0.0773847411494902,0.2409245252609253,0.0690557455700423,0.269172932330827,0.45,0.5590169943749475
2003-03-03,0.05000000000000001,3.0,5.0,50.0,0.10000000000000002,0.2938477698332971,0.0863465118360023,0.2517203196883201,-0.0387550296060432,-0.20451127819548867,0.75,0.6373774391990981
2003-04-01,0.05000000000000001,3.0,5.0,50.0,0.10000000000000002,0.2879861606273536,0.0829360287128839,0.250570048391819,0.0022733387923737,0.2781954887218045,0.75,0.4677071733467426
2003-05-01,0.10000000000000002,3.0,5.0,50.0,0.10000000000000002,0.2808292003165694,0.0788650397504439,0.24459897279739376,0.0512476420999231,0.18947368421052632,0.65,0.5741692517632145
2003-06-02,0.05000000000000001,3.0,5.0,50.0,0.10000000000000002,0.2829478267071447,0.0800594726382964,0.2468064308166503,0.0368785246520734,0.106766917293233,0.65,0.3631365196012814
2003-07-01,0.05000000000000001,3.0,5.0,50.0,0.10000000000000002,0.2882599465997731,0.083093796813704,0.2566679015755653,0.0003753766772441,0.0766917293233082,0.5,0.4677071733467426
2003-08-01,0.05000000000000001,3.0,5.0,50.0,0.0,0.2923599919123581,0.0854743648709941,0.249394565820694,-0.0282630360420341,-0.10977443609022548,0.5,0.3015113445777636
2003-09-02,0.10000000000000002,3.0,5.0,50.0,0.10000000000000002,0.2917890839216822,0.08514086949585449,0.2543810039758682,-0.0242510616042646,0.0165413533834586,0.3,0.2964997266644404
2003-10-01,0.05000000000000001,3.0,5.0,50.0,0.10000000000000002,0.2827690243703109,0.0799583211433374,0.2428866311907768,0.0380953847418047,0.150375939849624,0.6999999999999998,0.6267831705280087
2003-11-03,0.05000000000000001,3.0,5.0,50.0,0.0,0.3012736633855685,0.0907658202497608,0.2621652451157569,-0.09191964210238572,-0.231578947368421,0.4000000000000001,0.3535533905932738
2003-12-01,0.10000000000000002,3.0,5.0,100.0,0.10000000000000002,0.2904139791896571,0.0843402793087706,0.2416334325075149,-0.014619901458894502,0.0210526315789473,0.55,0.0
2004-01-02,0.05000000000000001,3.0,1.0,50.0,0.10000000000000002,0.282901010972379,0.0800329820091941,0.2448337674140929,0.0371972089119504,0.2466165413533834,0.85,0.6846531968814576
2004-02-02,0.05000000000000001,3.0,5.0,50.0,0.0,0.3063580890125197,0.09385527870340289,0.259254489839077,-0.1290860595898102,-0.3368421052631578,0.5,0.3144854510165755
2004-03-01,0.05000000000000001,3.0,1.0,50.0,0.10000000000000002,0.2862477426059538,0.0819377701470044,0.2533011451363564,0.0142824643969393,0.0090225563909774,0.55,0.6324555320336759
2004-04-01,0.05000000000000001,3.0,5.0,50.0,0.10000000000000002,0.2916462428772774,0.0850575309844318,0.2565247878432273,-0.023248493045797198,-0.0736842105263157,0.3499999999999999,0.2461829819586654
2004-05-03,0.05000000000000001,3.0,5.0,50.0,0.10000000000000002,0.2996310188206545,0.08977874743950338,0.2604308918118477,-0.0800450819789884,-0.1969924812030075,0.5,0.4677071733467426
2004-06-01,0.05000000000000001,3.0,1.0,50.0,0.0,0.2934092827084715,0.0860890071794997,0.2547189310193062,-0.0356572292270651,-0.0812030075187969,0.45,0.37416573867739417
2004-07-01,0.05000000000000001,3.0,5.0,50.0,0.10000000000000002,0.2908866276960002,0.0846150301723514,0.2551537793874741,-0.017925175005732,0.0195488721804511,0.20000000000000004,0.0
2004-08-02,0.05000000000000001,3.0,5.0,50.0,0.0,0.2859254074392341,0.081753338619292,0.2461559009552002,0.0165011895423514,0.2015037593984962,0.65,0.628970902033151
2004-09-01,0.05000000000000001,3.0,5.0,50.0,0.0,0.3080587640948366,0.0949002021356382,0.2649156391620635,-0.1416565670452716,-0.556390977443609,0.3499999999999999,0.2461829819586654
2004-10-01,0.05000000000000001,3.0,5.0,50.0,0.10000000000000002,0.2983030837866167,0.0889847297966052,0.2535960257053375,-0.0704929900343493,-0.2902255639097744,0.6,0.4494665749754947
2004-11-01,0.05000000000000001,3.0,5.0,50.0,0.10000000000000002,0.2933427148600699,0.0860499483614763,0.2543606013059616,-0.0351873487094893,-0.0947368421052631,0.6999999999999998,0.0
2004-12-01,0.05000000000000001,3.0,5.0,50.0,0.0,0.2918764487345478,0.08519186132589111,0.2548868000507355,-0.024864497153577098,0.031578947368421,0.55,0.0
2005-01-03,0.05000000000000001,3.0,1.0,50.0,0.10000000000000002,0.2828513269670596,0.0800048731670264,0.2433322146534919,0.0375353603966739,0.23458646616541343,0.45,0.5163977794943222
2005-02-01,0.10000000000000002,5.0,5.0,100.0,0.10000000000000002,0.28784171095256,0.0828528505640971,0.2507705119252205,0.0032739781762757005,0.0796992481203007,0.55,0.48989794855663565
2005-03-01,0.05000000000000001,3.0,5.0,50.0,0.0,0.2769116418009645,0.0766800573649056,0.2400646847486495,0.0775331444823379,0.3203007518796992,0.45,0.5940885257860046
2005-04-01,0.05000000000000001,3.0,5.0,50.0,0.10000000000000002,0.2821092547968685,0.0795856316420445,0.2470037162303924,0.04257886746412629,0.1458646616541353,0.6999999999999998,0.5863019699779287
2005-05-02,0.05000000000000001,3.0,5.0,50.0,0.0,0.287653707493,0.0827446554344684,0.2461257815361022,0.0045755737206807,-0.0827067669172932,0.6999999999999998,0.0
2005-06-01,0.05000000000000001,3.0,5.0,50.0,0.0,0.2922125161665802,0.0853881546044039,0.2592755854129792,-0.0272259200529789,0.0887218045112781,0.3499999999999999,0.4000000000000001
2005-07-01,0.05000000000000001,3.0,5.0,50.0,0.0,0.2972915242102092,0.0883822503672294,0.2579097789525986,-0.0632451171997525,-0.1413533834586466,0.65,0.0
2005-08-01,0.05000000000000001,5.0,5.0,100.0,0.10000000000000002,0.2984333129148026,0.0890624422573044,0.2540255230665207,-0.0714278767796028,-0.0917293233082706,0.25,0.2672612419124244
2005-09-01,0.05000000000000001,3.0,5.0,50.0,0.0,0.2946852414052068,0.086839391502045,0.2566414979100226,-0.044684409047158,-0.0345864661654135,0.45,0.37416573867739417
2005-10-03,0.05000000000000001,3.0,1.0,50.0,0.0,0.297059897903565,0.0882445829424764,0.2545032903552056,-0.0615889677290404,0.0962406015037593,0.6,0.5303300858899106
2005-11-01,0.05000000000000001,3.0,5.0,50.0,0.10000000000000002,0.3044604634649299,0.0926961738132799,0.2707762166857719,-0.1151419406108864,-0.3383458646616541,0.6999999999999998,0.8271701918685112
2005-12-01,0.10000000000000002,3.0,5.0,50.0,0.10000000000000002,0.2987601464049587,0.0892576250799123,0.2583755072951317,-0.0737759408109761,-0.2060150375939849,0.4000000000000001,0.4618802153517006
2006-01-03,0.05000000000000001,3.0,1.0,50.0,0.0,0.2892092106822633,0.0836419675434577,0.2451237884163856,-0.006219158417537,0.0812335521907513,0.55,0.5741692517632146
2006-02-01,0.05000000000000001,3.0,1.0,50.0,0.10000000000000002,0.2938948546530505,0.0863741855915376,0.2574952971935272,-0.0390879469658667,0.0300751879699248,0.65,0.5590169943749475
2006-03-01,0.05000000000000001,3.0,1.0,50.0,0.10000000000000002,0.2710003094370963,0.0734411677150019,0.2296142682433128,0.11649723049621659,0.4135338345864661,0.6,0.5656854249492381
2006-04-03,0.05000000000000001,3.0,1.0,50.0,0.10000000000000002,0.2870706260177291,0.0824095443222109,0.2490961149334907,0.0086069855974626,0.1353383458646616,0.45,0.4264014327112207
2006-05-01,0.05000000000000001,3.0,5.0,50.0,0.0,0.3085538377180006,0.09520547077050619,0.262699519097805,-0.1453289716752634,-0.2917293233082706,0.3499999999999999,0.4000000000000001
2006-06-01,0.05000000000000001,3.0,5.0,50.0,0.10000000000000002,0.2926056991202422,0.0856180951576457,0.2582040280103683,-0.0299921221972419,-0.0631578947368421,0.3,0.3464101615137754
2006-07-03,0.05000000000000001,3.0,5.0,50.0,0.0,0.3106880970518469,0.0965270936496978,0.2753623187541961,-0.161228194282079,-0.3759398496240601,0.5,0.3144854510165755
2006-08-01,0.05000000000000001,3.0,5.0,50.0,0.0,0.2912548709963427,0.0848293998790962,0.2479821994900703,-0.0205040586958942,0.0781954887218045,0.6999999999999998,0.45069390943299864
2006-09-01,0.05000000000000001,3.0,1.0,50.0,0.10000000000000002,0.2777168276438316,0.0771266363565537,0.2486771479249,0.0721607656354441,0.3909774436090225,0.6999999999999998,0.6009252125773316
2006-10-02,0.05000000000000001,3.0,5.0,50.0,0.10000000000000002,0.2965844207113212,0.08796231860866992,0.2540258482098579,-0.0581933065704656,-0.144360902255639,0.65,0.0
2006-11-01,0.05000000000000001,3.0,5.0,50.0,0.0,0.2882989018623215,0.0831162568150205,0.2499378815293312,0.00010518117268539999,0.0962406015037593,0.65,0.5590169943749475
2006-12-01,0.05000000000000001,5.0,5.0,100.0,0.10000000000000002,0.303675139516095,0.0922185903601197,0.2594307199120522,-0.109396575760839,-0.18496240601503752,0.45,0.3265986323710904
2007-01-03,0.05000000000000001,3.0,5.0,50.0,0.10000000000000002,0.3092932728372666,0.09566232862238781,0.2692524758567439,-0.1511366877560676,-0.3649122807017544,0.4210526315789473,0.3692744729379982
2007-02-01,0.05000000000000001,3.0,1.0,50.0,0.10000000000000002,0.2870881626706124,0.082419613145588,0.24533488364100778,0.0082173218147575,0.0824561403508772,0.4736842105263157,0.6666666666666666
2007-03-01,0.05000000000000001,3.0,5.0,50.0,0.0,0.2809793688428616,0.0789494057153328,0.235987898055206,0.0499754845588276,0.23684210526315788,0.6842105263157895,0.6666666666666666
2007-04-02,0.05000000000000001,3.0,5.0,50.0,0.10000000000000002,0.2963829799284534,0.08784287079127,0.251331283775393,-0.057042545188283,-0.1228070175438596,0.6842105263157895,0.8164965809277259
2007-05-01,0.05000000000000001,3.0,5.0,50.0,0.10000000000000002,0.2978997060135896,0.0887442348429831,0.2607674346901373,-0.0678889592772302,-0.2421052631578947,0.7368421052631579,0.5204164998665332
2007-06-01,0.05000000000000001,3.0,5.0,50.0,0.10000000000000002,0.2936417607379468,0.0862254836492816,0.2596526505874464,-0.037579986579689,-0.1087719298245614,0.3684210526315789,0.41403933560541245
2007-07-02,0.05000000000000001,3.0,5.0,50.0,0.10000000000000002,0.3075876495073102,0.0946101621294319,0.2685595667428256,-0.1384756176241639,-0.5017543859649122,0.2631578947368421,0.21821789023599228
2007-08-01,0.05000000000000001,3.0,5.0,50.0,0.10000000000000002,0.2843996562455276,0.0808831644725742,0.24685414048773432,0.0267059208466893,0.143859649122807,0.6842105263157895,0.560611910581388
2007-09-04,0.05000000000000001,3.0,5.0,50.0,0.0,0.2994264665628967,0.0896562088783414,0.2642279387841264,-0.0788630468360425,-0.10000000000000002,0.7368421052631579,0.6504436355879909
2007-10-01,0.10000000000000002,3.0,5.0,100.0,0.10000000000000002,0.2996876312418595,0.0898126763193567,0.256732392426673,-0.0807458717095934,-0.3421052631578947,0.3157894736842105,0.0
2007-11-01,0.05000000000000001,3.0,5.0,50.0,0.0,0.2777530222188932,0.077146741351729,0.2381982312143014,0.0716675457341942,0.43859649122807004,0.6842105263157895,0.6324555320336759
2007-12-03,0.05000000000000001,3.0,5.0,50.0,0.0,0.2862930630720777,0.0819637179631926,0.2527245517582774,0.0137032605095814,-0.0789473684210526,0.5789473684210527,0.4472135954999579
2008-01-02,0.05000000000000001,3.0,5.0,50.0,0.10000000000000002,0.2950604131516889,0.0870606474092453,0.2469112558543186,-0.0476297904912526,0.1298245614035087,0.3684210526315789,0.41403933560541245
2008-02-01,0.05000000000000001,3.0,5.0,50.0,0.10000000000000002,0.2872959724837693,0.0825389758053947,0.2540802903617848,0.006780991141750199,0.1526315789473684,0.3684210526315789,0.4472135954999579
2008-03-03,0.05000000000000001,3.0,1.0,50.0,0.10000000000000002,0.2999773857698236,0.08998643197329752,0.2523428067564964,-0.0825435425359109,-0.1924812030075187,0.5,0.3061862178478972
2008-04-01,0.05000000000000001,3.0,5.0,50.0,0.0,0.2829120128567691,0.0800392070186686,0.2436640918254852,0.0371223215799256,0.156390977443609,0.65,0.6123724356957945
2008-05-01,0.05000000000000001,3.0,5.0,50.0,0.10000000000000002,0.2960081519340788,0.08762082601142869,0.2576619175076485,-0.0540851249495182,-0.3203007518796992,0.3,0.3265986323710904
2008-06-02,0.05000000000000001,3.0,1.0,50.0,0.10000000000000002,0.3017578008521378,0.0910577703751184,0.2614374294877052,-0.09543182406157562,-0.2873260827487686,0.15,0.3244428422615251
2008-07-01,0.05000000000000001,3.0,5.0,50.0,0.0,0.2814905723013274,0.0792369422945288,0.24442903846502304,0.0467736265319842,0.2225563909774435,0.6,0.4494665749754947
2008-08-01,0.05000000000000001,3.0,5.0,50.0,0.0,0.3117569588978334,0.0971924014212253,0.2692143186926842,-0.16923189679669606,-0.5834586466165413,0.5,0.0
2008-09-02,0.05000000000000001,3.0,5.0,50.0,0.0,0.3067860050222127,0.09411765287748912,0.2653717562556267,-0.1322424406314486,-0.6210526315789473,0.15,0.1543033499620919
2008-10-01,0.05000000000000001,3.0,5.0,50.0,0.0,0.2953716638775449,0.0872444198217893,0.2476312738656997,-0.0495569301869391,-0.106766917293233,0.10000000000000002,
2008-11-03,0.05000000000000001,3.0,5.0,50.0,0.0,0.3093316318714447,0.0956860584762509,0.262890949845314,-0.1511104779097858,-0.5037593984962406,0.25,0.2309401076758503
2008-12-01,0.05000000000000001,3.0,5.0,50.0,0.0,0.2848163996472976,0.0811203815080491,0.2531978264451027,0.0241157111813633,0.1082706766917293,0.85,0.6666666666666666
2009-01-02,0.05000000000000001,5.0,5.0,50.0,0.10000000000000002,0.286728455033488,0.0822132069258909,0.2488948556690004,0.0107010766584452,0.0684210526315789,0.4210526315789473,0.5940885257860046
2009-02-02,0.05000000000000001,3.0,5.0,50.0,0.10000000000000002,0.2837355202937066,0.0805058454763403,0.2440399004977165,0.031246326101370698,0.1017543859649122,0.1578947368421052,0.0
2009-03-02,0.05000000000000001,3.0,5.0,50.0,0.10000000000000002,0.2917412124803668,0.0851129350595145,0.2507119413227916,-0.0241923185494918,-0.0280701754385964,0.8421052631578947,
2009-04-01,0.05000000000000001,3.0,5.0,50.0,0.0,0.299456061637978,0.08967393285172838,0.2510870533306512,-0.0790763253157993,-0.1947368421052631,0.5263157894736842,0.4264014327112209
2009-05-01,0.05000000000000001,3.0,1.0,50.0,0.10000000000000002,0.2990165979184277,0.0894109258307106,0.2547498277680035,-0.075911474162885,-0.22456140350877188,0.5263157894736842,0.0
2009-06-01,0.05000000000000001,3.0,5.0,50.0,0.0,0.2919499511906229,0.08523477400020711,0.2565185771919683,-0.0256584471358256,-0.1140350877192982,0.5263157894736842,0.5222329678670935
2009-07-01,0.05000000000000001,3.0,5.0,50.0,0.0,0.2993641175920425,0.0896188749016622,0.2616585974382892,-0.0784137946500023,-0.12456140350877191,0.7368421052631579,0.6183469424008423
2009-08-03,0.05000000000000001,3.0,1.0,50.0,0.10000000000000002,0.3026957585760197,0.09162472225991199,0.2561507518932099,-0.10255082452760782,-0.163157894736842,0.4736842105263157,0.4472135954999579
2009-09-01,0.05000000000000001,3.0,5.0,50.0,0.10000000000000002,0.3009164665111591,0.0905507198175615,0.265580608573977,-0.0896269951379906,-0.2035087719298245,0.5789473684210527,0.5477225575051661
2009-10-01,0.05000000000000001,3.0,5.0,50.0,0.10000000000000002,0.2917396127089566,0.0851120016235719,0.2470578248315901,-0.0241810862036497,0.243859649122807,0.7368421052631579,0.6324555320336759
2009-11-02,0.05000000000000001,3.0,5.0,50.0,0.10000000000000002,0.3019308687434713,0.0911622495001873,0.2653445820233829,-0.09698573565225381,-0.4035087719298245,0.6842105263157895,0.0
2009-12-01,0.05000000000000001,3.0,1.0,100.0,0.10000000000000002,0.2859812067902404,0.0817852506372022,0.2425010999318965,0.0158508173323325,0.0596491228070175,0.5789473684210527,0.5163977794943222
2010-01-04,0.05000000000000001,3.0,5.0,50.0,0.10000000000000002,0.2872979065987386,0.0825400871360175,0.23575240969657893,0.0070365457321198,0.1759398496240601,0.3,0.3131121455425747
2010-02-01,0.05000000000000001,3.0,5.0,50.0,0.0,0.2697462083653162,0.0727630169274646,0.2338220432400703,0.1246554354590722,0.4842105263157894,0.65,0.5504818825631803
2010-03-01,0.05000000000000001,3.0,1.0,50.0,0.0,0.2837158824971907,0.0804947019811597,0.24848248809576026,0.0316426829334165,0.10977443609022548,0.6,0.0
2010-04-01,0.20000000000000004,3.0,5.0,50.0,0.10000000000000002,0.2838212564815679,0.0805545056307759,0.2485025328397751,0.0309232405320187,0.2586466165413533,0.6999999999999998,0.6708203932499369
2010-05-03,0.05000000000000001,3.0,5.0,50.0,0.10000000000000002,0.2993125961539208,0.0895880302164,0.2620128270983696,-0.0777507394454146,-0.2721804511278195,0.25,
2010-06-01,0.05000000000000001,3.0,5.0,50.0,0.10000000000000002,0.2892548087103765,0.0836683443620765,0.2524734374880791,-0.0065364735287403,-0.0120300751879699,0.25,0.3429971702850177
2010-07-01,0.05000000000000001,3.0,5.0,50.0,0.10000000000000002,0.296907321618328,0.08815395763056928,0.2595204830169677,-0.0604987384128634,-0.2015037593984962,0.75,0.0
2010-08-02,0.05000000000000001,3.0,5.0,50.0,0.0,0.3163328117620682,0.100066447797296,0.2767442166805267,-0.2038068907945387,-0.5744360902255639,0.3,0.3131121455425747
2010-09-01,0.05000000000000001,3.0,5.0,50.0,0.10000000000000002,0.2830088474389178,0.0800940077287046,0.2434695184230804,0.0364630649178385,0.0932330827067669,0.8000000000000002,0.8885233166386386
2010-10-01,0.10000000000000002,3.0,1.0,50.0,0.10000000000000002,0.29257774564134,0.0856017372445686,0.2462693184614181,-0.029795335273006,0.1406543912932453,0.6,0.0
2010-11-01,0.05000000000000001,3.0,5.0,50.0,0.0,0.2850239083514329,0.081238628331926,0.2413153618574142,0.022693192999385898,0.18796992481203,0.55,0.5976143046671968
2010-12-01,0.05000000000000001,3.0,5.0,50.0,0.10000000000000002,0.2976264260973909,0.08858148951150562,0.2497826036810875,-0.0656419790857822,-0.193984962406015,0.5,0.0
2011-01-03,0.05000000000000001,3.0,5.0,50.0,0.10000000000000002,0.3041705011282116,0.0925196937565873,0.261454564332962,-0.1130188722596978,-0.3233082706766917,0.45,0.2886751345948128
2011-02-01,0.05000000000000001,3.0,5.0,50.0,0.0,0.2871431818864289,0.0824512069038627,0.2525342583656311,0.0081057816076658,0.1353383458646616,0.6,0.4688072309384954
2011-03-01,0.05000000000000001,3.0,5.0,50.0,0.10000000000000002,0.2799590680452755,0.0783770797807792,0.2450421646237373,0.05711783722370909,0.3428571428571428,0.6,0.5685352436149611
2011-04-01,0.05000000000000001,3.0,5.0,50.0,0.0,0.2716112618742557,0.0737726775769255,0.23707063198089603,0.11250914193172261,0.3894736842105262,0.85,0.7483314773547883
2011-05-02,0.05000000000000001,3.0,1.0,50.0,0.10000000000000002,0.2820891340591973,0.0795742795542678,0.2493067651987075,0.042715433933620296,0.1864661654135338,0.55,0.5976143046671968
2011-06-01,0.05000000000000001,3.0,5.0,50.0,0.0,0.2939716837951582,0.0864193508733604,0.2532754328846931,-0.0396312887020808,-0.2360902255639097,0.5,0.3015113445777636
2011-07-01,0.05000000000000001,3.0,5.0,50.0,0.10000000000000002,0.2891161121941065,0.0835881263302351,0.2502595373988151,-0.0055714445742578,-0.0571428571428571,0.25,0.3061862178478972
2011-08-01,0.05000000000000001,3.0,5.0,50.0,0.0,0.2943448415259102,0.0866388857329131,0.2558823764324188,-0.042272309568880305,-0.24360902255639086,0.25,0.0
2011-09-01,0.05000000000000001,3.0,5.0,50.0,0.10000000000000002,0.2821802116311369,0.0796256718361932,0.24430230259895316,0.0420971809179764,0.0947368421052631,0.3499999999999999,0.3651483716701107
2011-10-03,0.05000000000000001,3.0,1.0,50.0,0.10000000000000002,0.2996200878997714,0.0897721970730667,0.2536671501398086,-0.079966280578247,-0.1157894736842105,0.85,
2011-11-01,0.05000000000000001,3.0,1.0,50.0,0.10000000000000002,0.2832068376811703,0.0802061129093687,0.24892010837793346,0.0351144311654887,-0.2661654135338345,0.65,0.3631365196012814
2011-12-01,0.05000000000000001,3.0,1.0,50.0,0.10000000000000002,0.2802680757832041,0.0785501943032198,0.2378112286329269,0.0550352565026184,0.4105263157894736,0.6999999999999998,0.0
2012-01-03,0.05000000000000001,3.0,5.0,50.0,0.0,0.2648290352227242,0.0701344178969989,0.2215910908579826,0.1562776794345994,0.4842105263157894,0.75,0.6666666666666666
2012-02-01,0.05000000000000001,3.0,5.0,50.0,0.0,0.2952009741546589,0.0871436151418596,0.256591796875,-0.0483442423080859,-0.1052631578947368,0.65,0.43301270189221935
2012-03-01,0.05000000000000001,3.0,5.0,50.0,0.10000000000000002,0.288215235921204,0.0830680222171153,0.2481147855520248,0.0006854470121464001,-0.0812030075187969,0.55,0.3651483716701107
2012-04-02,0.05000000000000001,5.0,5.0,50.0,0.10000000000000002,0.3193035104752872,0.1019547318018418,0.26703249335289,-0.22652308934546586,-0.4766917293233082,0.3,0.3273268353539885
2012-05-01,0.05000000000000001,3.0,5.0,50.0,0.10000000000000002,0.301191631787704,0.0907163990589398,0.2652567774057388,-0.0913251014609308,-0.3097744360902255,0.15,0.19802950859533483
2012-06-01,0.05000000000000001,3.0,5.0,50.0,0.0,0.3073128141591541,0.0944411657464188,0.2710320144891739,-0.1361343247689479,-0.4285714285714286,0.6999999999999998,0.0
2012-07-02,0.10000000000000002,3.0,1.0,50.0,0.10000000000000002,0.2860228957908729,0.0818090969165965,0.2362945637106896,0.0158304130334249,0.0796992481203007,0.6999999999999998,0.0
2012-08-01,0.05000000000000001,3.0,1.0,50.0,0.0,0.2845464277445767,0.0809666695421996,0.2455673065781593,0.0259648776878237,0.1593984962406014,0.4000000000000001,0.264575131106459
2012-09-04,0.05000000000000001,3.0,1.0,50.0,0.10000000000000002,0.2789148985725498,0.0777935206457357,0.2377915754914283,0.0641380974949079,0.1774436090225563,0.75,0.6373774391990981
2012-10-01,0.05000000000000001,3.0,5.0,50.0,0.10000000000000002,0.2928604751760468,0.0857672579203399,0.2535042896866798,-0.0317865614476988,-0.0270676691729323,0.3,0.375
2012-11-01,0.05000000000000001,3.0,5.0,50.0,0.10000000000000002,0.2985403999178831,0.0891263703831295,0.2566560336947441,-0.0721969369399047,-0.269172932330827,0.3499999999999999,0.3631365196012814
2012-12-03,0.05000000000000001,3.0,5.0,50.0,0.0,0.2886763794954979,0.0833340520786287,0.2451778262853622,-0.0025149122241048,-0.1518796992481203,0.6,0.4494665749754947
2013-01-02,0.05000000000000001,3.0,5.0,50.0,0.0,0.3138677124456692,0.0985129409158772,0.2673226952552796,-0.1851180862060424,-0.43909774436090226,0.6,0.0
2013-02-01,0.05000000000000001,3.0,5.0,50.0,0.0,0.3075371919220333,0.0945791244152895,0.256309215426445,-0.1377939779282955,-0.3203007518796992,0.55,0.3450327796711771
2013-03-01,0.05000000000000001,3.0,5.0,50.0,0.10000000000000002,0.2824847581471755,0.0797976385854682,0.2465485793352127,0.0400284079943666,0.1473684210526315,0.55,0.0
2013-04-01,0.05000000000000001,3.0,5.0,50.0,0.0,0.292917355102845,0.0858005769204462,0.2522888228297233,-0.0321873915241648,0.0661654135338345,0.55,0.0
2013-05-01,0.05000000000000001,3.0,5.0,50.0,0.10000000000000002,0.2919082098127119,0.0852104029560622,0.2509941247105599,-0.0250875543586432,-0.2105263157894736,0.4000000000000001,0.0
2013-06-03,0.05000000000000001,3.0,1.0,50.0,0.0,0.3021618609639909,0.0913017902212221,0.2534376472234726,-0.0983674011575597,-0.1984962406015037,0.45,0.4629100498862757
2013-07-01,0.05000000000000001,3.0,1.0,50.0,0.10000000000000002,0.282033154272393,0.0795427001088354,0.2469948247075081,0.043095337036566504,0.312781954887218,0.75,0.6373774391990981
2013-08-01,0.05000000000000001,3.0,5.0,50.0,0.10000000000000002,0.2735217082137403,0.0748141248641624,0.2351232409477233,0.0999804527619551,0.4285714285714286,0.3499999999999999,0.5270462766947299
2013-09-03,0.05000000000000001,3.0,1.0,50.0,0.0,0.2897114142266102,0.0839327035331825,0.2521794497966766,-0.0097167342337742,0.0300751879699248,0.6999999999999998,0.0
2013-10-01,0.05000000000000001,3.0,5.0,50.0,0.0,0.2904427141177305,0.08435697018407369,0.2503409281373024,-0.0148206939437443,-0.2330827067669172,0.75,0.0
2013-11-01,0.05000000000000001,3.0,1.0,50.0,0.10000000000000002,0.3035848715754572,0.0921637742494868,0.2686368569731712,-0.1087371338284131,-0.1669172932330827,0.65,0.0
2013-12-02,0.05000000000000001,3.0,1.0,50.0,0.0,0.2844987138916435,0.0809395182059992,0.243245785832405,0.0262915103037686,0.0736842105263157,0.6,0.4688072309384954
2014-01-02,0.20000000000000004,3.0,5.0,100.0,0.10000000000000002,0.2913784872777645,0.0849014228482783,0.2602063623070716,-0.021370500430416505,0.069172932330827,0.3499999999999999,0.39528470752104744
2014-02-03,0.05000000000000001,3.0,1.0,50.0,0.10000000000000002,0.3004615706511759,0.0902771554381716,0.2559048905968666,-0.0860409676772524,-0.3984962406015036,0.9,
2014-03-03,0.05000000000000001,3.0,5.0,50.0,0.0,0.3038182642736639,0.09230553770626189,0.2619746759533882,-0.1104425588723234,-0.4466165413533834,0.6999999999999998,0.0
2014-04-01,0.05000000000000001,3.0,5.0,50.0,0.10000000000000002,0.2857302563980674,0.0816417794213053,0.2515309333801269,0.0178432550820409,0.1834586466165413,0.5,0.4020151261036848
2014-05-01,0.05000000000000001,3.0,5.0,50.0,0.0,0.2887846460658593,0.0833965718033836,0.2587677597999572,-0.0032670292136374,0.156390977443609,0.55,0.4264014327112209
2014-06-02,0.05000000000000001,3.0,5.0,50.0,0.0,0.3017168592112963,0.09103306313232921,0.2639515787363052,-0.0951345940731334,-0.144360902255639,0.5,0.4020151261036848
2014-07-01,0.05000000000000001,3.0,5.0,50.0,0.10000000000000002,0.2977961668114603,0.0886825569675991,0.2613749802112579,-0.0668578281816438,-0.2511278195488721,0.4000000000000001,0.37796447300922714
2014-08-01,0.05000000000000001,3.0,5.0,50.0,0.0,0.2871990533407773,0.0824832962398386,0.2430876889824867,0.0077197444831444,0.112781954887218,0.6999999999999998,0.0
2014-09-02,0.05000000000000001,3.0,5.0,50.0,0.0,0.2890880774623622,0.0835719165308847,0.2496330589056015,-0.0053764394692903,-0.0812030075187969,0.5,0.3015113445777636
2014-10-01,0.05000000000000001,3.0,5.0,50.0,0.0,0.2908245070965012,0.0845788939279228,0.24968882948160168,-0.0174904532682449,-0.1819548872180451,0.6999999999999998,0.45069390943299864
2014-11-03,0.05000000000000001,3.0,5.0,50.0,0.0,0.3029482214531438,0.091777624881623,0.2617722362279892,-0.10409172789922479,-0.2842105263157894,0.45,0.0
2014-12-01,0.05000000000000001,3.0,5.0,50.0,0.0,0.2793361424640346,0.0780286804866874,0.2468405500054359,0.061309106927068,0.2676691729323308,0.5,0.4000000000000001
2015-01-02,0.05000000000000001,3.0,5.0,50.0,0.0,0.2959769548452144,0.0876023577994461,0.2567616147182655,-0.0541483721866682,-0.0631578947368421,0.1578947368421052,0.24253562503633294
2015-02-02,0.05000000000000001,3.0,5.0,50.0,0.10000000000000002,0.2848260484541956,0.0811258778780318,0.2458217797847336,0.0237852695343506,0.2543859649122807,0.7894736842105262,0.5400617248673216
2015-03-02,0.05000000000000001,3.0,5.0,50.0,0.0,0.2825155642773721,0.0798150440589619,0.24828010475536458,0.0395589698238242,0.0701754385964912,0.1578947368421052,0.0
2015-04-01,0.05000000000000001,3.0,5.0,50.0,0.10000000000000002,0.2883923814706947,0.0831701656903386,0.249196345373534,-0.0008143271404088,0.0122807017543859,0.5263157894736842,0.0
2015-05-01,0.05000000000000001,3.0,5.0,50.0,0.0,0.2981074558243026,0.08886805521803849,0.2570689535207035,-0.0693789311237305,-0.1403508771929824,0.5789473684210527,0.5163977794943222
2015-06-01,0.05000000000000001,3.0,5.0,50.0,0.0,0.2897920874519397,0.0839794539497527,0.249302523205485,-0.0105527625286907,0.0263157894736842,0.4210526315789473,0.4629100498862757
2015-07-01,0.05000000000000001,3.0,5.0,50.0,0.0,0.2979864307529379,0.0887959129128754,0.2555023352525241,-0.0685108187182681,-0.4105263157894737,0.6842105263157895,0.3922322702763681
2015-08-03,0.05000000000000001,3.0,5.0,50.0,0.10000000000000002,0.3128186144081019,0.09785548552020469,0.2745796829214386,-0.17752767575979736,-0.5151382681081585,0.2105263157894736,
2015-09-01,0.05000000000000001,3.0,5.0,50.0,0.0,0.284054416075173,0.0806869112918075,0.2480178470426649,0.0290675007885831,0.09298245614035079,0.5789473684210527,0.0
2015-10-01,0.05000000000000001,3.0,5.0,50.0,0.0,0.3002503340325601,0.0901502630866639,0.2607002802337635,-0.0848081658095225,-0.2298245614035087,0.6842105263157895,0.0
2015-11-02,0.05000000000000001,3.0,1.0,50.0,0.10000000000000002,0.3175183724474761,0.1008179168416941,0.2846297840497501,-0.2131755993283868,-0.4000000000000001,0.2631578947368421,0.0
2015-12-01,0.05000000000000001,3.0,5.0,50.0,0.10000000000000002,0.2908540470857206,0.0845960767061426,0.2483479470014572,-0.0176971633821667,0.0721804511278195,0.4000000000000001,0.4364357804719847
2016-01-04,0.05000000000000001,3.0,5.0,50.0,0.0,0.2994591007869783,0.0896757530441456,0.2567871400713921,-0.0788060516588953,-0.231578947368421,0.55,0.49236596391733095
2016-02-01,0.05000000000000001,3.0,5.0,50.0,0.0,0.3026183898515828,0.0915778898763645,0.2679470285773277,-0.101688900768295,-0.0526315789473684,0.45,0.4688072309384954
2016-03-01,0.05000000000000001,3.0,1.0,50.0,0.10000000000000002,0.2866298302628483,0.0821566595965092,0.24765212208032614,0.0116492078615429,0.1759398496240601,0.6999999999999998,0.8164965809277259
2016-04-01,0.05000000000000001,3.0,5.0,50.0,0.10000000000000002,0.2940128109033655,0.0864435329752981,0.2537348598241805,-0.0399222012065947,0.0090225563909774,0.45,0.4264014327112207
2016-05-02,0.05000000000000001,3.0,5.0,50.0,0.0,0.2911763293222282,0.0847836547575666,0.2506631311774253,-0.019953741444411,-0.0180451127819548,0.5,0.4364357804719847
2016-06-01,0.05000000000000001,3.0,5.0,50.0,0.0,0.3101546931194802,0.0961959336640389,0.2723681554198265,-0.1572443147553559,-0.6676691729323309,0.25,0.0
2016-07-01,0.05000000000000001,3.0,5.0,50.0,0.0,0.2946836050256906,0.0868384270709372,0.2548243060708046,-0.0446728068684179,-0.2962406015037593,0.55,0.3450327796711771
2016-08-01,0.05000000000000001,3.0,5.0,50.0,0.10000000000000002,0.2947634383814703,0.08688548460646679,0.2514548867940903,-0.0452389125589995,0.0135338345864661,0.75,0.7412493166611012
2016-09-01,0.05000000000000001,3.0,5.0,50.0,0.10000000000000002,0.2741366416704222,0.0751508983063374,0.2361330971121788,0.0959290429312785,0.4105263157894736,0.6,0.5945883900105632
2016-10-03,0.05000000000000001,3.0,5.0,50.0,0.0,0.2792253305317977,0.0779667852105917,0.2467001289129257,0.062053711752280104,0.23909774436090223,0.45,0.4264014327112207
2016-11-01,0.05000000000000001,3.0,5.0,50.0,0.0,0.2832838153070221,0.080249720014903,0.2476576834917068,0.0345898344071815,0.10977443609022548,0.6,0.45643546458763834
2016-12-01,0.05000000000000001,3.0,5.0,50.0,0.10000000000000002,0.2989086641989136,0.0893463895331789,0.2616425842046738,-0.0748437838577917,-0.12481203007518789,0.6,0.0
2017-01-03,0.05000000000000001,3.0,5.0,50.0,0.0,0.2997174718145385,0.0898305629108987,0.2557614040374756,-0.0806684259957741,-0.150375939849624,0.5,0.3015113445777636
2017-02-01,0.05000000000000001,3.0,5.0,50.0,0.10000000000000002,0.2925121575348966,0.0855633623057201,0.2579105019569397,-0.029333681873325097,-0.2165413533834586,0.6999999999999998,0.0
2017-03-01,0.05000000000000001,3.0,5.0,50.0,0.0,0.2858449742574671,0.081707349308252,0.2412589773535728,0.0170544444120059,0.1037593984962405,0.5,0.4677071733467426
2017-04-03,0.05000000000000001,3.0,5.0,50.0,0.0,0.2892565816027151,0.0836693700004882,0.2495388627052307,-0.006548812035948401,-0.0390977443609022,0.3499999999999999,0.3314967720658979
2017-05-01,0.05000000000000001,3.0,5.0,50.0,0.10000000000000002,0.2903945482444729,0.0843289936501115,0.2471176847815513,-0.0144841341366801,-0.0075187969924812,0.6999999999999998,0.6356417261637282
2017-06-01,0.05000000000000001,3.0,5.0,50.0,0.0,0.2990302260398869,0.0894190760854658,0.2576337426900864,-0.0757182085469578,-0.1541933166583705,0.3499999999999999,0.3227486121839514
2017-07-03,0.05000000000000001,3.0,5.0,50.0,0.0,0.3052826847117479,0.09319751758481239,0.2615687951445579,-0.1211731438774432,-0.43909774436090226,0.5,0.0
2017-08-01,0.05000000000000001,3.0,5.0,50.0,0.10000000000000002,0.3058235159663352,0.09352802291801128,0.2679209023714065,-0.1251491478858499,-0.3112781954887217,0.5,0.49236596391733095
2017-09-01,0.05000000000000001,3.0,1.0,50.0,0.10000000000000002,0.2889200114559713,0.0834747730197185,0.2411761820316314,-0.0042077957259376,0.2781954887218045,0.55,0.3314967720658979
2017-10-02,0.05000000000000001,3.0,1.0,50.0,0.0,0.2770274987200015,0.0767442350470604,0.24126873612403874,0.0767610821406264,0.2932330827067668,0.65,0.5416025603090641
2017-11-01,0.05000000000000001,3.0,5.0,50.0,0.0,0.30150381128226,0.0909045482177286,0.2540615540742874,-0.0935885499877131,-0.1774436090225563,0.45,0.0
2017-12-01,0.05000000000000001,3.0,5.0,50.0,0.10000000000000002,0.2907068668958162,0.0845104824603818,0.2533798545598983,-0.016667458170007,0.1624060150375939,0.6999999999999998,0.45069390943299864
2018-01-02,0.05000000000000001,3.0,1.0,50.0,0.10000000000000002,0.2785870681351775,0.077610754532154,0.2445475757122039,0.0663367875831092,0.18796992481203,0.65,0.43301270189221935
2018-02-01,0.05000000000000001,3.0,5.0,50.0,0.10000000000000002,0.280692180715055,0.0787881003145731,0.2419270038604736,0.052173229298368505,0.21954887218045113,0.4000000000000001,0.5423261445466404
2018-03-01,0.05000000000000001,3.0,1.0,50.0,0.0,0.2829779806137589,0.0800765375122408,0.2460598617792129,0.0366732329354478,-0.0406015037593984,0.3,0.3265986323710904
2018-04-02,0.05000000000000001,3.0,5.0,50.0,0.0,0.2927177504885186,0.0856836814510586,0.2569559109210968,-0.030781130238299603,-0.0646616541353383,0.8000000000000002,0.5423261445466404
2018-05-01,0.05000000000000001,3.0,5.0,50.0,0.10000000000000002,0.3000498232965899,0.0900298964603148,0.2519102349877357,-0.0830664235827352,-0.0135338345864661,0.65,0.511766315719159
2018-06-01,0.05000000000000001,3.0,5.0,50.0,0.10000000000000002,0.2993502254737398,0.0896105574911788,0.2550060525536537,-0.0780217442547837,-0.156390977443609,0.45,0.2964997266644404
2018-07-02,0.05000000000000001,3.0,5.0,50.0,0.0,0.294653988294988,0.0868209728181429,0.2570639953017234,-0.044462830894953,-0.0571428571428571,0.65,0.6567895774291853
2018-08-01,0.05000000000000001,3.0,5.0,50.0,0.10000000000000002,0.2898226269685996,0.08399715510298,0.2585260286927223,-0.010492091464421502,0.0345864661654135,0.6,0.0
2018-09-04,0.05000000000000001,3.0,5.0,50.0,0.10000000000000002,0.3064844481362094,0.0939327169493568,0.2626811355352401,-0.1300176475110595,-0.1969924812030075,0.4000000000000001,0.3464101615137754
2018-10-01,0.05000000000000001,3.0,5.0,50.0,0.10000000000000002,0.2855422469779612,0.081534374809223,0.2502037450671196,0.0191353406409263,0.112781954887218,0.45,0.4879500364742666
2018-11-01,0.05000000000000001,3.0,5.0,50.0,0.10000000000000002,0.3084663835051478,0.0951515097527449,0.264740301668644,-0.1446798165743752,-0.3774436090225563,0.65,0.43301270189221935
2018-12-03,0.05000000000000001,3.0,5.0,50.0,0.10000000000000002,0.2967609517700341,0.08806706249545641,0.2538295269012451,-0.0594533834039876,-0.2766917293233082,0.25,
2019-01-02,0.05000000000000001,3.0,5.0,50.0,0.0,0.2758968694814305,0.0761190825896535,0.2418108582496643,0.08428171320717599,0.5293233082706766,0.85,0.6666666666666666
2019-02-01,0.05000000000000001,3.0,1.0,50.0,0.0,0.2784259953889195,0.0775210349083106,0.2422568932175635,0.0674161214037819,0.3969924812030075,0.65,0.43301270189221935
2019-03-01,0.05000000000000001,3.0,1.0,50.0,0.10000000000000002,0.2916872432654605,0.0850814478838039,0.2552835628390312,-0.0235362151435061,-0.0721804511278195,0.6,0.3829708431025352
2019-04-01,0.05000000000000001,3.0,5.0,50.0,0.10000000000000002,0.2878732358152251,0.0828709998987282,0.2461353939771652,0.0030556403160511996,0.0721804511278195,0.45,0.38188130791298674
2019-05-01,0.05000000000000001,3.0,1.0,50.0,0.10000000000000002,0.3056899170308283,0.0934463253743147,0.2640507370233535,-0.1241663202925078,-0.1909774436090225,0.3,0.2795084971874737
2019-06-03,0.05000000000000001,3.0,5.0,50.0,0.0,0.251755829701031,0.0633809977884545,0.21748042970895756,0.2375218311163366,0.6406015037593984,0.65,
2019-07-01,0.05000000000000001,3.0,5.0,50.0,0.0,0.2841349409073517,0.0807326646444242,0.2551640808582306,0.0287799742024147,0.2300751879699248,0.65,0.6123724356957945
2019-08-01,0.05000000000000001,3.0,5.0,50.0,0.0,0.3024261618878951,0.0914615833942433,0.2581584185361862,-0.10028972504352858,-0.2947368421052631,0.55,0.5504818825631803
2019-09-03,0.05000000000000001,3.0,5.0,50.0,0.10000000000000002,0.2941402976655639,0.08651851471078649,0.2541225031018257,-0.0408242371222438,-0.0706766917293233,0.5,0.0
2019-10-01,0.05000000000000001,3.0,5.0,50.0,0.10000000000000002,0.2689425546306323,0.0723300976912506,0.236551196873188,0.1298634864210447,0.5473684210526315,0.8000000000000002,0.7409585736349483
2019-11-01,0.05000000000000001,3.0,5.0,50.0,0.10000000000000002,0.2842878262287545,0.0808195681418705,0.2399036824703216,0.0277345185940384,0.16992481203007506,0.65,0.43301270189221935
2019-12-02,0.05000000000000001,3.0,5.0,50.0,0.0,0.2806875394392362,0.0787854947964527,0.2426684200763702,0.0522045738772598,0.2601503759398496,0.75,
2020-01-02,0.05000000000000001,3.0,1.0,50.0,0.0,0.2862549083323473,0.0819418725443605,0.2471559628844261,0.0142331122482939,0.1428571428571428,0.45,0.3760507165451774
2020-02-03,0.05000000000000001,3.0,5.0,50.0,0.10000000000000002,0.3005436003765879,0.0903264557273221,0.2599924594163895,-0.0866340538625223,-0.2421052631578947,0.3,
2020-03-02,0.05000000000000001,3.0,5.0,50.0,0.10000000000000002,0.2915538561645416,0.0850036510444142,0.2448950275778771,-0.022600313316261705,0.2150375939849624,0.15,
2020-04-01,0.10000000000000002,3.0,5.0,50.0,0.10000000000000002,0.2980688466874118,0.0888450373655638,0.2559850946068763,-0.0688124795857298,-0.0360902255639097,0.8000000000000002,
2020-05-01,0.05000000000000001,3.0,1.0,50.0,0.10000000000000002,0.2762320967156632,0.0763041712559314,0.2444617286324501,0.0820550826354106,0.5518796992481202,0.6999999999999998,0.8271701918685112
2020-06-01,0.05000000000000001,3.0,5.0,50.0,0.10000000000000002,0.2948645214910317,0.08694508603413502,0.2580515265464783,-0.0459559222151588,0.0195488721804511,0.45,0.5163977794943222
2020-07-01,0.05000000000000001,3.0,1.0,50.0,0.0,0.2856296577327138,0.0815843013765072,0.24855216890573492,0.0185347202826197,0.1052631578947368,0.65,0.4850712500726659
2020-08-03,0.05000000000000001,3.0,5.0,50.0,0.10000000000000002,0.2913295726815516,0.0848729199188154,0.2485447764396668,-0.0210276080458997,0.0781954887218045,0.75,0.0
2020-09-01,0.05000000000000001,3.0,5.0,50.0,0.10000000000000002,0.307103692387361,0.09431267787795079,0.2695132330060005,-0.1345886060505365,-0.3293233082706767,0.25,0.282842712474619
2020-10-01,0.05000000000000001,3.0,5.0,50.0,0.0,0.2856970109620278,0.081622782072637,0.2474394932389259,0.018071794614893,0.193984962406015,0.4000000000000001,0.5773502691896257
2020-11-02,0.05000000000000001,3.0,5.0,50.0,0.0,0.2754600724438996,0.0758782515107984,0.244594669342041,0.08717892919340249,0.300751879699248,0.65,
2020-12-01,0.05000000000000001,3.0,5.0,50.0,0.10000000000000002,0.2799845566513191,0.0783913519632357,0.2430052921175956,0.0569461417956601,0.2616541353383458,0.6,0.4879500364742666
2021-01-04,0.05000000000000001,3.0,5.0,50.0,0.0,0.2796641551518933,0.0782120396768222,0.2429363265633583,0.05910328208334129,0.0330827067669172,0.5,0.4605661864718383
2021-02-01,0.05000000000000001,3.0,5.0,50.0,0.10000000000000002,0.2871754382691853,0.0824697323450986,0.24521949440240856,0.0078829191567078,0.2827067669172932,0.55,0.4242640687119285
2021-03-01,0.05000000000000001,3.0,1.0,50.0,0.0,0.3049464972010187,0.09299236615517088,0.2582737177610398,-0.1187051567539356,0.0932330827067669,0.6,0.5656854249492381
2021-04-01,0.05000000000000001,3.0,5.0,50.0,0.10000000000000002,0.2824599424346346,0.0797836190801771,0.2337820601463317,0.0401970636971175,0.20451127819548867,0.75,0.7140055472954167
2021-05-03,0.05000000000000001,3.0,5.0,50.0,0.10000000000000002,0.2989349632437801,0.0893621122495601,0.2511507153511046,-0.0750329293180167,-0.1233082706766917,0.45,0.4242640687119285
2021-06-01,0.05000000000000001,3.0,1.0,50.0,0.10000000000000002,0.2821394767321557,0.0796026843306946,0.2485002338886261,0.0423737223375081,0.2601503759398496,0.6,0.45643546458763834
2021-07-01,0.05000000000000001,3.0,1.0,50.0,0.0,0.2947888774042382,0.086900482241251,0.2586356893181801,-0.0454193352330951,-0.0210526315789473,0.6,0.5447047794019222
2021-08-02,0.05000000000000001,3.0,5.0,50.0,0.0,0.2693702894913579,0.0725603528606579,0.23490091532468801,0.1270934994206565,0.4646616541353384,0.55,0.5303300858899106
2021-09-01,0.05000000000000001,3.0,5.0,50.0,0.10000000000000002,0.3091273039503431,0.0955596900476078,0.2635642853379249,-0.1495902562118238,-0.4872180451127819,0.3,0.3535533905932738
2021-10-01,0.05000000000000001,3.0,5.0,50.0,0.10000000000000002,0.279610213862764,0.0781818716963806,0.2392295658588409,0.0594662051563232,0.2421052631578947,0.6,0.4879500364742666
2021-11-01,0.05000000000000001,3.0,5.0,50.0,0.10000000000000002,0.3060263815886853,0.09365214622826361,0.2699158787727356,-0.1266423606407654,-0.4736842105263157,0.3,0.3273268353539885
2021-12-01,0.05000000000000001,3.0,5.0,50.0,0.10000000000000002,0.3083475215454084,0.095078194043196,0.2676906168460846,-0.1437978230760432,-0.1729323308270676,0.6999999999999998,0.0
2022-01-03,0.05000000000000001,3.0,5.0,50.0,0.10000000000000002,0.3303451854499336,0.109127941549951,0.2867208838462829,-0.3128173419542976,-0.6075187969924812,0.25,0.3061862178478972
2022-02-01,0.05000000000000001,3.0,5.0,50.0,0.10000000000000002,0.2922461938651759,0.0854078378286819,0.2519413635134697,-0.0274627107209859,-0.0917293233082706,0.4000000000000001,0.43301270189221935
2022-03-01,0.05000000000000001,3.0,1.0,50.0,0.10000000000000002,0.2934312812873921,0.0861019168379606,0.2554006308317184,-0.035812533389,-0.2180451127819548,0.55,0.0
2022-04-01,0.05000000000000001,3.0,5.0,50.0,0.0,0.2931645979657054,0.0859454815003936,0.2533745110034943,-0.0339306045160145,-0.20451127819548867,0.25,0.3429971702850177
2022-05-02,0.10000000000000002,3.0,1.0,100.0,0.10000000000000002,0.3066898286681864,0.0940586510085215,0.26546351313591,-0.1315326437115369,-0.3248120300751879,0.3,0.3086066999241838
2022-06-01,0.05000000000000001,3.0,5.0,50.0,0.0,0.300494034603555,0.0902966648323225,0.2646942242980003,-0.08627566715575959,-0.3187969924812029,0.3499999999999999,0.5270462766947299
2022-07-01,0.05000000000000001,3.0,5.0,50.0,0.10000000000000002,0.2801036934664809,0.0784580790935642,0.2417659968137741,0.0561434094007304,0.269172932330827,0.55,0.39528470752104744
2022-08-01,0.05000000000000001,3.0,5.0,50.0,0.0,0.2873151413809274,0.0825499904667422,0.2447054222226143,0.006917407918889801,0.2842105263157894,0.3,0.4200840252084029
2022-09-01,0.05000000000000001,3.0,5.0,50.0,0.0,0.3002251054725229,0.0901351139559875,0.2575375035405159,-0.0843321979667672,-0.23909774436090223,0.15,
2022-10-03,0.05000000000000001,3.0,5.0,50.0,0.10000000000000002,0.2981624065261641,0.0889008206654735,0.2539898619055748,-0.0694835568778771,-0.1142857142857142,0.6,0.3829708431025352
2022-11-01,0.05000000000000001,3.0,5.0,50.0,0.0,0.2910154585570097,0.0846899971191466,0.251056818664074,-0.0188270330122906,0.12481203007518789,0.65,0.0
2022-12-01,0.05000000000000001,3.0,5.0,50.0,0.10000000000000002,0.3104152768803425,0.0963576441206996,0.263377259671688,-0.1591897037076655,-0.3639097744360902,0.25,0.3429971702850177
2023-01-03,0.05000000000000001,3.0,5.0,50.0,0.0,0.2673282199646346,0.07146437718946,0.2314064633846283,0.1402781691493525,0.47218045112781953,0.85,0.8326663997864531
2023-02-01,0.05000000000000001,3.0,5.0,50.0,0.10000000000000002,0.2809357995815005,0.078924923486497,0.2452567175030708,0.0505272362526677,0.2977443609022556,0.3,0.3265986323710904
2023-03-01,0.05000000000000001,3.0,5.0,50.0,0.10000000000000002,0.3008852198694096,0.09053191553586289,0.2587977555394172,-0.0891057508073738,-0.263157894736842,0.75,0.5239368319955838
2023-04-03,0.05000000000000001,3.0,5.0,50.0,0.10000000000000002,0.3008785108272626,0.0905278782776312,0.2590304061770438,-0.0890571822872925,-0.3097744360902255,0.55,0.3651483716701107
2023-05-01,0.05000000000000001,3.0,5.0,50.0,0.10000000000000002,0.2683583782681121,0.0720162191866911,0.22716178745031348,0.1336394684307829,0.42255639097744363,0.6,0.60380736442456
2023-06-01,0.05000000000000001,3.0,5.0,50.0,0.0,0.2937054915080407,0.0862629157419797,0.251639637351036,-0.0377493623095315,-0.022556390977443597,0.6999999999999998,0.0
2023-07-03,0.05000000000000001,3.0,1.0,50.0,0.10000000000000002,0.2718541306627153,0.0739046683583806,0.2344466772675514,0.1109212829066983,0.3458646616541352,0.6999999999999998,0.5345224838248488
2023-08-01,0.05000000000000001,3.0,5.0,50.0,0.10000000000000002,0.2849550661639501,0.0811993897325012,0.24423365712165826,0.023165236300737597,0.1578947368421052,0.6,0.5222329678670935
2023-09-01,0.05000000000000001,3.0,5.0,50.0,0.10000000000000002,0.289986465659399,0.08409215026562981,0.2493785110116005,-0.0116348904135916,0.0165413533834586,0.5,0.5773502691896257
2023-10-02,0.05000000000000001,3.0,5.0,50.0,0.0,0.3043775701991666,0.0926457052403486,0.2572071874141693,-0.1145347998838932,-0.2421052631578947,0.5,0.5135525910130955
2023-11-01,0.05000000000000001,3.0,5.0,50.0,0.10000000000000002,0.2642604907577103,0.0698336069755059,0.22408072203397747,0.1598964574375228,0.4541353383458646,0.75,0.8498365855987974
2023-12-01,0.05000000000000001,3.0,5.0,50.0,0.10000000000000002,0.2829670051692198,0.0800703260144373,0.2444415059685706,0.0367479577210552,0.3082706766917293,0.65,0.4916891718944416
2024-01-02,0.05000000000000001,3.0,5.0,50.0,0.10000000000000002,0.2930912903133961,0.0859025044575714,0.2517509654164314,-0.0334135874595065,-0.1007518796992481,0.6,0.0
2024-02-01,0.05000000000000001,3.0,5.0,50.0,0.10000000000000002,0.2829590619239273,0.0800658307248689,0.2567469805479049,0.0368020363925546,0.20902255639097742,0.65,0.5863019699779287
2024-03-01,0.05000000000000001,3.0,5.0,50.0,0.0,0.2941687572148358,0.086535257721321,0.2577625542879104,-0.041025656797847,-0.0556390977443608,0.45,0.2886751345948128
2024-04-01,0.05000000000000001,3.0,5.0,50.0,0.10000000000000002,0.3002019113656112,0.0901211875875663,0.2553858801722526,-0.0841646627075649,-0.2421052631578947,0.45,0.4688072309384954
2024-05-01,0.05000000000000001,3.0,5.0,50.0,0.10000000000000002,0.2689653207074098,0.0723423437432398,0.239201034605503,0.1297161654948595,0.2526315789473684,0.75,0.5239368319955838
2024-06-03,0.05000000000000001,3.0,1.0,50.0,0.10000000000000002,0.2675140587433451,0.0715637716253378,0.2312366470694541,0.1390824466124766,0.5203007518796992,0.6999999999999998,0.45069390943299864
2024-07-01,0.05000000000000001,3.0,5.0,50.0,0.10000000000000002,0.2982731779480638,0.08896688868323728,0.2581016063690185,-0.0702783600990955,-0.09022556390977439,0.4000000000000001,0.3481553119113956
2024-08-01,0.05000000000000001,3.0,5.0,50.0,0.0,0.2815240783166995,0.0792558066720672,0.23997354358434672,0.0465466866518229,0.2526315789473684,0.65,0.0
2024-09-03,0.05000000000000001,3.0,5.0,50.0,0.0,0.2715944951469415,0.073763569794122,0.2269570142030716,0.1126187092436441,0.4601503759398496,0.6,0.5447047794019222
2024-10-01,0.05000000000000001,3.0,5.0,50.0,0.0,0.2979489708399789,0.0887735892246026,0.2580877631902695,-0.0679529530779261,-0.1278195488721804,0.45,0.45643546458763834
2024-11-01,0.05000000000000001,3.0,5.0,50.0,0.0,0.3134893471877913,0.09827557080022749,0.2763131126761436,-0.1822625058673996,-0.2150375939849624,0.55,0.5303300858899106
2024-12-02,0.05000000000000001,3.0,5.0,50.0,0.10000000000000002,0.281544872440233,0.079267515197387,0.2506966948509216,0.0464058322118848,0.112781954887218,0.5,0.5773502691896257
2025-01-02,0.05000000000000001,3.0,5.0,50.0,0.0,0.2891491302514536,0.0836072195251721,0.2461437812447547,-0.0058011371449278,-0.0180451127819548,0.6999999999999998,0.4163331998932265
2025-02-03,0.05000000000000001,3.0,1.0,50.0,0.0,0.305141828071717,0.09311153523894929,0.2647215753793716,-0.1201387697918709,-0.3774436090225563,0.3499999999999999,0.3178208630818641
2025-03-03,0.05000000000000001,3.0,5.0,50.0,0.10000000000000002,0.3099383479553654,0.0960617795333011,0.2700354129076004,-0.1556304304758031,-0.4210526315789473,0.3,0.3131121455425747
2025-04-01,0.05000000000000001,3.0,5.0,50.0,0.10000000000000002,0.2791956219029585,0.0779501952897797,0.2456534102559089,0.06225328974701,0.2075187969924811,0.55,0.3162277660168379
2025-05-01,0.05000000000000001,3.0,5.0,50.0,0.0,0.2736593403558006,0.0748894345639719,0.2404802292585372,0.0990744714108641,0.3759398496240601,0.6,0.5163977794943222
2025-06-02,0.05000000000000001,3.0,1.0,50.0,0.0,0.2956074651388123,0.08738377344579411,0.2559310060739517,-0.05123336476143311,-0.0766917293233082,0.6999999999999998,0.6629935441317959
2025-07-01,0.05000000000000001,3.0,5.0,50.0,0.10000000000000002,0.2822970617386615,0.0796916310662816,0.2466879189014434,0.0413036864206716,0.23458646616541343,0.55,0.49236596391733095
2025-08-01,0.05000000000000001,3.0,5.0,100.0,0.10000000000000002,0.3028171514638845,0.0916982272207012,0.2622585326433181,-0.103136568068586,-0.1774436090225563,0.65,0.5976143046671968
2025-09-02,0.05000000000000001,3.0,5.0,50.0,0.0,0.2557138528516242,0.0653895745402221,0.220298823416233,0.21335850177176377,0.6977443609022554,0.8000000000000002,0.7774288420142415
2025-10-01,0.05000000000000001,3.0,5.0,50.0,0.10000000000000002,0.2989516533322025,0.08937209103005732,0.2589126735925674,-0.0751529747976829,-0.1548872180451127,0.3,0.22821773229381917
2025-11-03,0.05000000000000001,3.0,5.0,50.0,0.10000000000000002,0.3102584524340389,0.09626030730676478,0.2683507159352302,-0.158018734517471,-0.24670930665339288,0.45,0.2842676218074805
2025-12-01,0.05000000000000001,3.0,5.0,50.0,0.10000000000000002,0.2942816499983389,0.0866016895257448,0.2496270850300789,-0.0418248363999378,-0.1593984962406014,0.4000000000000001,0.2659080117391552
