rebalance_date,invest_year,select_year,ticker,assigned_weight,n_stocks,turnover,tc_drag_bps
1998-01-02,1998,1997,KO,0.05,20,1.0,50.0
1998-01-02,1998,1997,MSFT,0.05,20,0.0,0.0
1998-01-02,1998,1997,XOM,0.05,20,0.0,0.0
1998-01-02,1998,1997,GE,0.05,20,0.0,0.0
1998-01-02,1998,1997,INTC,0.05,20,0.0,0.0
1998-01-02,1998,1997,MRK,0.05,20,0.0,0.0
1998-01-02,1998,1997,PG,0.05,20,0.0,0.0
1998-01-02,1998,1997,IBM,0.05,20,0.0,0.0
1998-01-02,1998,1997,PFE,0.05,20,0.0,0.0
1998-01-02,1998,1997,BMY,0.05,20,0.0,0.0
1998-01-02,1998,1997,WMT,0.05,20,0.0,0.0
1998-01-02,1998,1997,JNJ,0.05,20,0.0,0.0
1998-01-02,1998,1997,LLY,0.05,20,0.0,0.0
1998-01-02,1998,1997,VZ,0.05,20,0.0,0.0
1998-01-02,1998,1997,DIS,0.05,20,0.0,0.0
1998-01-02,1998,1997,AIG,0.05,20,0.0,0.0
1998-01-02,1998,1997,C,0.05,20,0.0,0.0
1998-01-02,1998,1997,CSCO,0.05,20,0.0,0.0
1998-01-02,1998,1997,PEP,0.05,20,0.0,0.0
1998-01-02,1998,1997,T,0.05,20,0.0,0.0
1998-04-01,1998,1997,KO,0.05,20,0.071384,3.5692
1998-04-01,1998,1997,MSFT,0.05,20,0.0,0.0
1998-04-01,1998,1997,XOM,0.05,20,0.0,0.0
1998-04-01,1998,1997,GE,0.05,20,0.0,0.0
1998-04-01,1998,1997,INTC,0.05,20,0.0,0.0
1998-04-01,1998,1997,MRK,0.05,20,0.0,0.0
1998-04-01,1998,1997,PG,0.05,20,0.0,0.0
1998-04-01,1998,1997,IBM,0.05,20,0.0,0.0
1998-04-01,1998,1997,PFE,0.05,20,0.0,0.0
1998-04-01,1998,1997,BMY,0.05,20,0.0,0.0
1998-04-01,1998,1997,WMT,0.05,20,0.0,0.0
1998-04-01,1998,1997,JNJ,0.05,20,0.0,0.0
1998-04-01,1998,1997,LLY,0.05,20,0.0,0.0
1998-04-01,1998,1997,VZ,0.05,20,0.0,0.0
1998-04-01,1998,1997,DIS,0.05,20,0.0,0.0
1998-04-01,1998,1997,AIG,0.05,20,0.0,0.0
1998-04-01,1998,1997,C,0.05,20,0.0,0.0
1998-04-01,1998,1997,CSCO,0.05,20,0.0,0.0
1998-04-01,1998,1997,PEP,0.05,20,0.0,0.0
1998-04-01,1998,1997,T,0.05,20,0.0,0.0
1998-07-01,1998,1997,KO,0.05,20,0.07499,3.7495
1998-07-01,1998,1997,MSFT,0.05,20,0.0,0.0
1998-07-01,1998,1997,XOM,0.05,20,0.0,0.0
1998-07-01,1998,1997,GE,0.05,20,0.0,0.0
1998-07-01,1998,1997,INTC,0.05,20,0.0,0.0
1998-07-01,1998,1997,MRK,0.05,20,0.0,0.0
1998-07-01,1998,1997,PG,0.05,20,0.0,0.0
1998-07-01,1998,1997,IBM,0.05,20,0.0,0.0
1998-07-01,1998,1997,PFE,0.05,20,0.0,0.0
1998-07-01,1998,1997,BMY,0.05,20,0.0,0.0
1998-07-01,1998,1997,WMT,0.05,20,0.0,0.0
1998-07-01,1998,1997,JNJ,0.05,20,0.0,0.0
1998-07-01,1998,1997,LLY,0.05,20,0.0,0.0
1998-07-01,1998,1997,VZ,0.05,20,0.0,0.0
1998-07-01,1998,1997,DIS,0.05,20,0.0,0.0
1998-07-01,1998,1997,AIG,0.05,20,0.0,0.0
1998-07-01,1998,1997,C,0.05,20,0.0,0.0
1998-07-01,1998,1997,CSCO,0.05,20,0.0,0.0
1998-07-01,1998,1997,PEP,0.05,20,0.0,0.0
1998-07-01,1998,1997,T,0.05,20,0.0,0.0
1998-10-01,1998,1997,KO,0.05,20,0.149368,7.4684
1998-10-01,1998,1997,MSFT,0.05,20,0.0,0.0
1998-10-01,1998,1997,XOM,0.05,20,0.0,0.0
1998-10-01,1998,1997,GE,0.05,20,0.0,0.0
1998-10-01,1998,1997,INTC,0.05,20,0.0,0.0
1998-10-01,1998,1997,MRK,0.05,20,0.0,0.0
1998-10-01,1998,1997,PG,0.05,20,0.0,0.0
1998-10-01,1998,1997,IBM,0.05,20,0.0,0.0
1998-10-01,1998,1997,PFE,0.05,20,0.0,0.0
1998-10-01,1998,1997,BMY,0.05,20,0.0,0.0
1998-10-01,1998,1997,WMT,0.05,20,0.0,0.0
1998-10-01,1998,1997,JNJ,0.05,20,0.0,0.0
1998-10-01,1998,1997,LLY,0.05,20,0.0,0.0
1998-10-01,1998,1997,VZ,0.05,20,0.0,0.0
1998-10-01,1998,1997,DIS,0.05,20,0.0,0.0
1998-10-01,1998,1997,AIG,0.05,20,0.0,0.0
1998-10-01,1998,1997,C,0.05,20,0.0,0.0
1998-10-01,1998,1997,CSCO,0.05,20,0.0,0.0
1998-10-01,1998,1997,PEP,0.05,20,0.0,0.0
1998-10-01,1998,1997,T,0.05,20,0.0,0.0
1999-01-04,1999,1998,MSFT,0.05,20,0.279898,13.9949
1999-01-04,1999,1998,GE,0.05,20,0.0,0.0
1999-01-04,1999,1998,INTC,0.05,20,0.0,0.0
1999-01-04,1999,1998,WMT,0.05,20,0.0,0.0
1999-01-04,1999,1998,XOM,0.05,20,0.0,0.0
1999-01-04,1999,1998,KO,0.05,20,0.0,0.0
1999-01-04,1999,1998,IBM,0.05,20,0.0,0.0
1999-01-04,1999,1998,MRK,0.05,20,0.0,0.0
1999-01-04,1999,1998,PFE,0.05,20,0.0,0.0
1999-01-04,1999,1998,CSCO,0.05,20,0.0,0.0
1999-01-04,1999,1998,BMY,0.05,20,0.0,0.0
1999-01-04,1999,1998,PG,0.05,20,0.0,0.0
1999-01-04,1999,1998,C,0.05,20,0.0,0.0
1999-01-04,1999,1998,JNJ,0.05,20,0.0,0.0
1999-01-04,1999,1998,BAC,0.05,20,0.0,0.0
1999-01-04,1999,1998,LLY,0.05,20,0.0,0.0
1999-01-04,1999,1998,VZ,0.05,20,0.0,0.0
1999-01-04,1999,1998,HD,0.05,20,0.0,0.0
1999-01-04,1999,1998,AIG,0.05,20,0.0,0.0
1999-01-04,1999,1998,T,0.05,20,0.0,0.0
1999-04-01,1999,1998,MSFT,0.05,20,0.094265,4.7133
1999-04-01,1999,1998,GE,0.05,20,0.0,0.0
1999-04-01,1999,1998,INTC,0.05,20,0.0,0.0
1999-04-01,1999,1998,WMT,0.05,20,0.0,0.0
1999-04-01,1999,1998,XOM,0.05,20,0.0,0.0
1999-04-01,1999,1998,KO,0.05,20,0.0,0.0
1999-04-01,1999,1998,IBM,0.05,20,0.0,0.0
1999-04-01,1999,1998,MRK,0.05,20,0.0,0.0
1999-04-01,1999,1998,PFE,0.05,20,0.0,0.0
1999-04-01,1999,1998,CSCO,0.05,20,0.0,0.0
1999-04-01,1999,1998,BMY,0.05,20,0.0,0.0
1999-04-01,1999,1998,PG,0.05,20,0.0,0.0
1999-04-01,1999,1998,C,0.05,20,0.0,0.0
1999-04-01,1999,1998,JNJ,0.05,20,0.0,0.0
1999-04-01,1999,1998,BAC,0.05,20,0.0,0.0
1999-04-01,1999,1998,LLY,0.05,20,0.0,0.0
1999-04-01,1999,1998,VZ,0.05,20,0.0,0.0
1999-04-01,1999,1998,HD,0.05,20,0.0,0.0
1999-04-01,1999,1998,AIG,0.05,20,0.0,0.0
1999-04-01,1999,1998,T,0.05,20,0.0,0.0
1999-07-01,1999,1998,MSFT,0.05,20,0.101741,5.0871
1999-07-01,1999,1998,GE,0.05,20,0.0,0.0
1999-07-01,1999,1998,INTC,0.05,20,0.0,0.0
1999-07-01,1999,1998,WMT,0.05,20,0.0,0.0
1999-07-01,1999,1998,XOM,0.05,20,0.0,0.0
1999-07-01,1999,1998,KO,0.05,20,0.0,0.0
1999-07-01,1999,1998,IBM,0.05,20,0.0,0.0
1999-07-01,1999,1998,MRK,0.05,20,0.0,0.0
1999-07-01,1999,1998,PFE,0.05,20,0.0,0.0
1999-07-01,1999,1998,CSCO,0.05,20,0.0,0.0
1999-07-01,1999,1998,BMY,0.05,20,0.0,0.0
1999-07-01,1999,1998,PG,0.05,20,0.0,0.0
1999-07-01,1999,1998,C,0.05,20,0.0,0.0
1999-07-01,1999,1998,JNJ,0.05,20,0.0,0.0
1999-07-01,1999,1998,BAC,0.05,20,0.0,0.0
1999-07-01,1999,1998,LLY,0.05,20,0.0,0.0
1999-07-01,1999,1998,VZ,0.05,20,0.0,0.0
1999-07-01,1999,1998,HD,0.05,20,0.0,0.0
1999-07-01,1999,1998,AIG,0.05,20,0.0,0.0
1999-07-01,1999,1998,T,0.05,20,0.0,0.0
1999-10-01,1999,1998,MSFT,0.05,20,0.082036,4.1018
1999-10-01,1999,1998,GE,0.05,20,0.0,0.0
1999-10-01,1999,1998,INTC,0.05,20,0.0,0.0
1999-10-01,1999,1998,WMT,0.05,20,0.0,0.0
1999-10-01,1999,1998,XOM,0.05,20,0.0,0.0
1999-10-01,1999,1998,KO,0.05,20,0.0,0.0
1999-10-01,1999,1998,IBM,0.05,20,0.0,0.0
1999-10-01,1999,1998,MRK,0.05,20,0.0,0.0
1999-10-01,1999,1998,PFE,0.05,20,0.0,0.0
1999-10-01,1999,1998,CSCO,0.05,20,0.0,0.0
1999-10-01,1999,1998,BMY,0.05,20,0.0,0.0
1999-10-01,1999,1998,PG,0.05,20,0.0,0.0
1999-10-01,1999,1998,C,0.05,20,0.0,0.0
1999-10-01,1999,1998,JNJ,0.05,20,0.0,0.0
1999-10-01,1999,1998,BAC,0.05,20,0.0,0.0
1999-10-01,1999,1998,LLY,0.05,20,0.0,0.0
1999-10-01,1999,1998,VZ,0.05,20,0.0,0.0
1999-10-01,1999,1998,HD,0.05,20,0.0,0.0
1999-10-01,1999,1998,AIG,0.05,20,0.0,0.0
1999-10-01,1999,1998,T,0.05,20,0.0,0.0
2000-01-03,2000,1999,MSFT,0.05,20,0.323733,16.1866
2000-01-03,2000,1999,CSCO,0.05,20,0.0,0.0
2000-01-03,2000,1999,WMT,0.05,20,0.0,0.0
2000-01-03,2000,1999,GE,0.05,20,0.0,0.0
2000-01-03,2000,1999,XOM,0.05,20,0.0,0.0
2000-01-03,2000,1999,INTC,0.05,20,0.0,0.0
2000-01-03,2000,1999,C,0.05,20,0.0,0.0
2000-01-03,2000,1999,IBM,0.05,20,0.0,0.0
2000-01-03,2000,1999,HD,0.05,20,0.0,0.0
2000-01-03,2000,1999,ORCL,0.05,20,0.0,0.0
2000-01-03,2000,1999,KO,0.05,20,0.0,0.0
2000-01-03,2000,1999,PG,0.05,20,0.0,0.0
2000-01-03,2000,1999,MRK,0.05,20,0.0,0.0
2000-01-03,2000,1999,AIG,0.05,20,0.0,0.0
2000-01-03,2000,1999,JNJ,0.05,20,0.0,0.0
2000-01-03,2000,1999,QCOM,0.05,20,0.0,0.0
2000-01-03,2000,1999,BMY,0.05,20,0.0,0.0
2000-01-03,2000,1999,PFE,0.05,20,0.0,0.0
2000-01-03,2000,1999,T,0.05,20,0.0,0.0
2000-01-03,2000,1999,VZ,0.05,20,0.0,0.0
2000-04-03,2000,1999,MSFT,0.05,20,0.175204,8.7602
2000-04-03,2000,1999,CSCO,0.05,20,0.0,0.0
2000-04-03,2000,1999,WMT,0.05,20,0.0,0.0
2000-04-03,2000,1999,GE,0.05,20,0.0,0.0
2000-04-03,2000,1999,XOM,0.05,20,0.0,0.0
2000-04-03,2000,1999,INTC,0.05,20,0.0,0.0
2000-04-03,2000,1999,C,0.05,20,0.0,0.0
2000-04-03,2000,1999,IBM,0.05,20,0.0,0.0
2000-04-03,2000,1999,HD,0.05,20,0.0,0.0
2000-04-03,2000,1999,ORCL,0.05,20,0.0,0.0
2000-04-03,2000,1999,KO,0.05,20,0.0,0.0
2000-04-03,2000,1999,PG,0.05,20,0.0,0.0
2000-04-03,2000,1999,MRK,0.05,20,0.0,0.0
2000-04-03,2000,1999,AIG,0.05,20,0.0,0.0
2000-04-03,2000,1999,JNJ,0.05,20,0.0,0.0
2000-04-03,2000,1999,QCOM,0.05,20,0.0,0.0
2000-04-03,2000,1999,BMY,0.05,20,0.0,0.0
2000-04-03,2000,1999,PFE,0.05,20,0.0,0.0
2000-04-03,2000,1999,T,0.05,20,0.0,0.0
2000-04-03,2000,1999,VZ,0.05,20,0.0,0.0
2000-07-03,2000,1999,MSFT,0.05,20,0.149844,7.4922
2000-07-03,2000,1999,CSCO,0.05,20,0.0,0.0
2000-07-03,2000,1999,WMT,0.05,20,0.0,0.0
2000-07-03,2000,1999,GE,0.05,20,0.0,0.0
2000-07-03,2000,1999,XOM,0.05,20,0.0,0.0
2000-07-03,2000,1999,INTC,0.05,20,0.0,0.0
2000-07-03,2000,1999,C,0.05,20,0.0,0.0
2000-07-03,2000,1999,IBM,0.05,20,0.0,0.0
2000-07-03,2000,1999,HD,0.05,20,0.0,0.0
2000-07-03,2000,1999,ORCL,0.05,20,0.0,0.0
2000-07-03,2000,1999,KO,0.05,20,0.0,0.0
2000-07-03,2000,1999,PG,0.05,20,0.0,0.0
2000-07-03,2000,1999,MRK,0.05,20,0.0,0.0
2000-07-03,2000,1999,AIG,0.05,20,0.0,0.0
2000-07-03,2000,1999,JNJ,0.05,20,0.0,0.0
2000-07-03,2000,1999,QCOM,0.05,20,0.0,0.0
2000-07-03,2000,1999,BMY,0.05,20,0.0,0.0
2000-07-03,2000,1999,PFE,0.05,20,0.0,0.0
2000-07-03,2000,1999,T,0.05,20,0.0,0.0
2000-07-03,2000,1999,VZ,0.05,20,0.0,0.0
2000-10-02,2000,1999,MSFT,0.05,20,0.12464,6.232
2000-10-02,2000,1999,CSCO,0.05,20,0.0,0.0
2000-10-02,2000,1999,WMT,0.05,20,0.0,0.0
2000-10-02,2000,1999,GE,0.05,20,0.0,0.0
2000-10-02,2000,1999,XOM,0.05,20,0.0,0.0
2000-10-02,2000,1999,INTC,0.05,20,0.0,0.0
2000-10-02,2000,1999,C,0.05,20,0.0,0.0
2000-10-02,2000,1999,IBM,0.05,20,0.0,0.0
2000-10-02,2000,1999,HD,0.05,20,0.0,0.0
2000-10-02,2000,1999,ORCL,0.05,20,0.0,0.0
2000-10-02,2000,1999,KO,0.05,20,0.0,0.0
2000-10-02,2000,1999,PG,0.05,20,0.0,0.0
2000-10-02,2000,1999,MRK,0.05,20,0.0,0.0
2000-10-02,2000,1999,AIG,0.05,20,0.0,0.0
2000-10-02,2000,1999,JNJ,0.05,20,0.0,0.0
2000-10-02,2000,1999,QCOM,0.05,20,0.0,0.0
2000-10-02,2000,1999,BMY,0.05,20,0.0,0.0
2000-10-02,2000,1999,PFE,0.05,20,0.0,0.0
2000-10-02,2000,1999,T,0.05,20,0.0,0.0
2000-10-02,2000,1999,VZ,0.05,20,0.0,0.0
2001-01-02,2001,2000,XOM,0.05,20,0.259246,12.9623
2001-01-02,2001,2000,GE,0.05,20,0.0,0.0
2001-01-02,2001,2000,CSCO,0.05,20,0.0,0.0
2001-01-02,2001,2000,PFE,0.05,20,0.0,0.0
2001-01-02,2001,2000,WMT,0.05,20,0.0,0.0
2001-01-02,2001,2000,MSFT,0.05,20,0.0,0.0
2001-01-02,2001,2000,C,0.05,20,0.0,0.0
2001-01-02,2001,2000,INTC,0.05,20,0.0,0.0
2001-01-02,2001,2000,MRK,0.05,20,0.0,0.0
2001-01-02,2001,2000,AIG,0.05,20,0.0,0.0
2001-01-02,2001,2000,ORCL,0.05,20,0.0,0.0
2001-01-02,2001,2000,KO,0.05,20,0.0,0.0
2001-01-02,2001,2000,JNJ,0.05,20,0.0,0.0
2001-01-02,2001,2000,IBM,0.05,20,0.0,0.0
2001-01-02,2001,2000,BMY,0.05,20,0.0,0.0
2001-01-02,2001,2000,VZ,0.05,20,0.0,0.0
2001-01-02,2001,2000,T,0.05,20,0.0,0.0
2001-01-02,2001,2000,HD,0.05,20,0.0,0.0
2001-01-02,2001,2000,LLY,0.05,20,0.0,0.0
2001-01-02,2001,2000,PG,0.05,20,0.0,0.0
2001-04-02,2001,2000,XOM,0.05,20,0.139056,6.9528
2001-04-02,2001,2000,GE,0.05,20,0.0,0.0
2001-04-02,2001,2000,CSCO,0.05,20,0.0,0.0
2001-04-02,2001,2000,PFE,0.05,20,0.0,0.0
2001-04-02,2001,2000,WMT,0.05,20,0.0,0.0
2001-04-02,2001,2000,MSFT,0.05,20,0.0,0.0
2001-04-02,2001,2000,C,0.05,20,0.0,0.0
2001-04-02,2001,2000,INTC,0.05,20,0.0,0.0
2001-04-02,2001,2000,MRK,0.05,20,0.0,0.0
2001-04-02,2001,2000,AIG,0.05,20,0.0,0.0
2001-04-02,2001,2000,ORCL,0.05,20,0.0,0.0
2001-04-02,2001,2000,KO,0.05,20,0.0,0.0
2001-04-02,2001,2000,JNJ,0.05,20,0.0,0.0
2001-04-02,2001,2000,IBM,0.05,20,0.0,0.0
2001-04-02,2001,2000,BMY,0.05,20,0.0,0.0
2001-04-02,2001,2000,VZ,0.05,20,0.0,0.0
2001-04-02,2001,2000,T,0.05,20,0.0,0.0
2001-04-02,2001,2000,HD,0.05,20,0.0,0.0
2001-04-02,2001,2000,LLY,0.05,20,0.0,0.0
2001-04-02,2001,2000,PG,0.05,20,0.0,0.0
2001-07-02,2001,2000,XOM,0.05,20,0.096143,4.8072
2001-07-02,2001,2000,GE,0.05,20,0.0,0.0
2001-07-02,2001,2000,CSCO,0.05,20,0.0,0.0
2001-07-02,2001,2000,PFE,0.05,20,0.0,0.0
2001-07-02,2001,2000,WMT,0.05,20,0.0,0.0
2001-07-02,2001,2000,MSFT,0.05,20,0.0,0.0
2001-07-02,2001,2000,C,0.05,20,0.0,0.0
2001-07-02,2001,2000,INTC,0.05,20,0.0,0.0
2001-07-02,2001,2000,MRK,0.05,20,0.0,0.0
2001-07-02,2001,2000,AIG,0.05,20,0.0,0.0
2001-07-02,2001,2000,ORCL,0.05,20,0.0,0.0
2001-07-02,2001,2000,KO,0.05,20,0.0,0.0
2001-07-02,2001,2000,JNJ,0.05,20,0.0,0.0
2001-07-02,2001,2000,IBM,0.05,20,0.0,0.0
2001-07-02,2001,2000,BMY,0.05,20,0.0,0.0
2001-07-02,2001,2000,VZ,0.05,20,0.0,0.0
2001-07-02,2001,2000,T,0.05,20,0.0,0.0
2001-07-02,2001,2000,HD,0.05,20,0.0,0.0
2001-07-02,2001,2000,LLY,0.05,20,0.0,0.0
2001-07-02,2001,2000,PG,0.05,20,0.0,0.0
2001-10-01,2001,2000,XOM,0.05,20,0.166787,8.3393
2001-10-01,2001,2000,GE,0.05,20,0.0,0.0
2001-10-01,2001,2000,CSCO,0.05,20,0.0,0.0
2001-10-01,2001,2000,PFE,0.05,20,0.0,0.0
2001-10-01,2001,2000,WMT,0.05,20,0.0,0.0
2001-10-01,2001,2000,MSFT,0.05,20,0.0,0.0
2001-10-01,2001,2000,C,0.05,20,0.0,0.0
2001-10-01,2001,2000,INTC,0.05,20,0.0,0.0
2001-10-01,2001,2000,MRK,0.05,20,0.0,0.0
2001-10-01,2001,2000,AIG,0.05,20,0.0,0.0
2001-10-01,2001,2000,ORCL,0.05,20,0.0,0.0
2001-10-01,2001,2000,KO,0.05,20,0.0,0.0
2001-10-01,2001,2000,JNJ,0.05,20,0.0,0.0
2001-10-01,2001,2000,IBM,0.05,20,0.0,0.0
2001-10-01,2001,2000,BMY,0.05,20,0.0,0.0
2001-10-01,2001,2000,VZ,0.05,20,0.0,0.0
2001-10-01,2001,2000,T,0.05,20,0.0,0.0
2001-10-01,2001,2000,HD,0.05,20,0.0,0.0
2001-10-01,2001,2000,LLY,0.05,20,0.0,0.0
2001-10-01,2001,2000,PG,0.05,20,0.0,0.0
2002-01-02,2002,2001,MSFT,0.05,20,0.329621,16.481
2002-01-02,2002,2001,XOM,0.05,20,0.0,0.0
2002-01-02,2002,2001,C,0.05,20,0.0,0.0
2002-01-02,2002,2001,WMT,0.05,20,0.0,0.0
2002-01-02,2002,2001,GE,0.05,20,0.0,0.0
2002-01-02,2002,2001,PFE,0.05,20,0.0,0.0
2002-01-02,2002,2001,INTC,0.05,20,0.0,0.0
2002-01-02,2002,2001,IBM,0.05,20,0.0,0.0
2002-01-02,2002,2001,JNJ,0.05,20,0.0,0.0
2002-01-02,2002,2001,AIG,0.05,20,0.0,0.0
2002-01-02,2002,2001,CSCO,0.05,20,0.0,0.0
2002-01-02,2002,2001,VZ,0.05,20,0.0,0.0
2002-01-02,2002,2001,MRK,0.05,20,0.0,0.0
2002-01-02,2002,2001,HD,0.05,20,0.0,0.0
2002-01-02,2002,2001,KO,0.05,20,0.0,0.0
2002-01-02,2002,2001,PG,0.05,20,0.0,0.0
2002-01-02,2002,2001,BMY,0.05,20,0.0,0.0
2002-01-02,2002,2001,T,0.05,20,0.0,0.0
2002-01-02,2002,2001,BAC,0.05,20,0.0,0.0
2002-01-02,2002,2001,CVX,0.05,20,0.0,0.0
2002-04-01,2002,2001,MSFT,0.05,20,0.072501,3.625
2002-04-01,2002,2001,XOM,0.05,20,0.0,0.0
2002-04-01,2002,2001,C,0.05,20,0.0,0.0
2002-04-01,2002,2001,WMT,0.05,20,0.0,0.0
2002-04-01,2002,2001,GE,0.05,20,0.0,0.0
2002-04-01,2002,2001,PFE,0.05,20,0.0,0.0
2002-04-01,2002,2001,INTC,0.05,20,0.0,0.0
2002-04-01,2002,2001,IBM,0.05,20,0.0,0.0
2002-04-01,2002,2001,JNJ,0.05,20,0.0,0.0
2002-04-01,2002,2001,AIG,0.05,20,0.0,0.0
2002-04-01,2002,2001,CSCO,0.05,20,0.0,0.0
2002-04-01,2002,2001,VZ,0.05,20,0.0,0.0
2002-04-01,2002,2001,MRK,0.05,20,0.0,0.0
2002-04-01,2002,2001,HD,0.05,20,0.0,0.0
2002-04-01,2002,2001,KO,0.05,20,0.0,0.0
2002-04-01,2002,2001,PG,0.05,20,0.0,0.0
2002-04-01,2002,2001,BMY,0.05,20,0.0,0.0
2002-04-01,2002,2001,T,0.05,20,0.0,0.0
2002-04-01,2002,2001,BAC,0.05,20,0.0,0.0
2002-04-01,2002,2001,CVX,0.05,20,0.0,0.0
2002-07-01,2002,2001,MSFT,0.05,20,0.117708,5.8854
2002-07-01,2002,2001,XOM,0.05,20,0.0,0.0
2002-07-01,2002,2001,C,0.05,20,0.0,0.0
2002-07-01,2002,2001,WMT,0.05,20,0.0,0.0
2002-07-01,2002,2001,GE,0.05,20,0.0,0.0
2002-07-01,2002,2001,PFE,0.05,20,0.0,0.0
2002-07-01,2002,2001,INTC,0.05,20,0.0,0.0
2002-07-01,2002,2001,IBM,0.05,20,0.0,0.0
2002-07-01,2002,2001,JNJ,0.05,20,0.0,0.0
2002-07-01,2002,2001,AIG,0.05,20,0.0,0.0
2002-07-01,2002,2001,CSCO,0.05,20,0.0,0.0
2002-07-01,2002,2001,VZ,0.05,20,0.0,0.0
2002-07-01,2002,2001,MRK,0.05,20,0.0,0.0
2002-07-01,2002,2001,HD,0.05,20,0.0,0.0
2002-07-01,2002,2001,KO,0.05,20,0.0,0.0
2002-07-01,2002,2001,PG,0.05,20,0.0,0.0
2002-07-01,2002,2001,BMY,0.05,20,0.0,0.0
2002-07-01,2002,2001,T,0.05,20,0.0,0.0
2002-07-01,2002,2001,BAC,0.05,20,0.0,0.0
2002-07-01,2002,2001,CVX,0.05,20,0.0,0.0
2002-10-01,2002,2001,MSFT,0.05,20,0.091272,4.5636
2002-10-01,2002,2001,XOM,0.05,20,0.0,0.0
2002-10-01,2002,2001,C,0.05,20,0.0,0.0
2002-10-01,2002,2001,WMT,0.05,20,0.0,0.0
2002-10-01,2002,2001,GE,0.05,20,0.0,0.0
2002-10-01,2002,2001,PFE,0.05,20,0.0,0.0
2002-10-01,2002,2001,INTC,0.05,20,0.0,0.0
2002-10-01,2002,2001,IBM,0.05,20,0.0,0.0
2002-10-01,2002,2001,JNJ,0.05,20,0.0,0.0
2002-10-01,2002,2001,AIG,0.05,20,0.0,0.0
2002-10-01,2002,2001,CSCO,0.05,20,0.0,0.0
2002-10-01,2002,2001,VZ,0.05,20,0.0,0.0
2002-10-01,2002,2001,MRK,0.05,20,0.0,0.0
2002-10-01,2002,2001,HD,0.05,20,0.0,0.0
2002-10-01,2002,2001,KO,0.05,20,0.0,0.0
2002-10-01,2002,2001,PG,0.05,20,0.0,0.0
2002-10-01,2002,2001,BMY,0.05,20,0.0,0.0
2002-10-01,2002,2001,T,0.05,20,0.0,0.0
2002-10-01,2002,2001,BAC,0.05,20,0.0,0.0
2002-10-01,2002,2001,CVX,0.05,20,0.0,0.0
2003-01-02,2003,2002,MSFT,0.05,20,0.383266,19.1633
2003-01-02,2003,2002,XOM,0.05,20,0.0,0.0
2003-01-02,2003,2002,WMT,0.05,20,0.0,0.0
2003-01-02,2003,2002,C,0.05,20,0.0,0.0
2003-01-02,2003,2002,PFE,0.05,20,0.0,0.0
2003-01-02,2003,2002,JNJ,0.05,20,0.0,0.0
2003-01-02,2003,2002,GE,0.05,20,0.0,0.0
2003-01-02,2003,2002,IBM,0.05,20,0.0,0.0
2003-01-02,2003,2002,AIG,0.05,20,0.0,0.0
2003-01-02,2003,2002,MRK,0.05,20,0.0,0.0
2003-01-02,2003,2002,PG,0.05,20,0.0,0.0
2003-01-02,2003,2002,KO,0.05,20,0.0,0.0
2003-01-02,2003,2002,VZ,0.05,20,0.0,0.0
2003-01-02,2003,2002,BAC,0.05,20,0.0,0.0
2003-01-02,2003,2002,INTC,0.05,20,0.0,0.0
2003-01-02,2003,2002,CSCO,0.05,20,0.0,0.0
2003-01-02,2003,2002,WFC,0.05,20,0.0,0.0
2003-01-02,2003,2002,PEP,0.05,20,0.0,0.0
2003-01-02,2003,2002,LLY,0.05,20,0.0,0.0
2003-01-02,2003,2002,CVX,0.05,20,0.0,0.0
2003-04-01,2003,2002,MSFT,0.05,20,0.044932,2.2466
2003-04-01,2003,2002,XOM,0.05,20,0.0,0.0
2003-04-01,2003,2002,WMT,0.05,20,0.0,0.0
2003-04-01,2003,2002,C,0.05,20,0.0,0.0
2003-04-01,2003,2002,PFE,0.05,20,0.0,0.0
2003-04-01,2003,2002,JNJ,0.05,20,0.0,0.0
2003-04-01,2003,2002,GE,0.05,20,0.0,0.0
2003-04-01,2003,2002,IBM,0.05,20,0.0,0.0
2003-04-01,2003,2002,AIG,0.05,20,0.0,0.0
2003-04-01,2003,2002,MRK,0.05,20,0.0,0.0
2003-04-01,2003,2002,PG,0.05,20,0.0,0.0
2003-04-01,2003,2002,KO,0.05,20,0.0,0.0
2003-04-01,2003,2002,VZ,0.05,20,0.0,0.0
2003-04-01,2003,2002,BAC,0.05,20,0.0,0.0
2003-04-01,2003,2002,INTC,0.05,20,0.0,0.0
2003-04-01,2003,2002,CSCO,0.05,20,0.0,0.0
2003-04-01,2003,2002,WFC,0.05,20,0.0,0.0
2003-04-01,2003,2002,PEP,0.05,20,0.0,0.0
2003-04-01,2003,2002,LLY,0.05,20,0.0,0.0
2003-04-01,2003,2002,CVX,0.05,20,0.0,0.0
2003-07-01,2003,2002,MSFT,0.05,20,0.060845,3.0422
2003-07-01,2003,2002,XOM,0.05,20,0.0,0.0
2003-07-01,2003,2002,WMT,0.05,20,0.0,0.0
2003-07-01,2003,2002,C,0.05,20,0.0,0.0
2003-07-01,2003,2002,PFE,0.05,20,0.0,0.0
2003-07-01,2003,2002,JNJ,0.05,20,0.0,0.0
2003-07-01,2003,2002,GE,0.05,20,0.0,0.0
2003-07-01,2003,2002,IBM,0.05,20,0.0,0.0
2003-07-01,2003,2002,AIG,0.05,20,0.0,0.0
2003-07-01,2003,2002,MRK,0.05,20,0.0,0.0
2003-07-01,2003,2002,PG,0.05,20,0.0,0.0
2003-07-01,2003,2002,KO,0.05,20,0.0,0.0
2003-07-01,2003,2002,VZ,0.05,20,0.0,0.0
2003-07-01,2003,2002,BAC,0.05,20,0.0,0.0
2003-07-01,2003,2002,INTC,0.05,20,0.0,0.0
2003-07-01,2003,2002,CSCO,0.05,20,0.0,0.0
2003-07-01,2003,2002,WFC,0.05,20,0.0,0.0
2003-07-01,2003,2002,PEP,0.05,20,0.0,0.0
2003-07-01,2003,2002,LLY,0.05,20,0.0,0.0
2003-07-01,2003,2002,CVX,0.05,20,0.0,0.0
2003-10-01,2003,2002,MSFT,0.05,20,0.076066,3.8033
2003-10-01,2003,2002,XOM,0.05,20,0.0,0.0
2003-10-01,2003,2002,WMT,0.05,20,0.0,0.0
2003-10-01,2003,2002,C,0.05,20,0.0,0.0
2003-10-01,2003,2002,PFE,0.05,20,0.0,0.0
2003-10-01,2003,2002,JNJ,0.05,20,0.0,0.0
2003-10-01,2003,2002,GE,0.05,20,0.0,0.0
2003-10-01,2003,2002,IBM,0.05,20,0.0,0.0
2003-10-01,2003,2002,AIG,0.05,20,0.0,0.0
2003-10-01,2003,2002,MRK,0.05,20,0.0,0.0
2003-10-01,2003,2002,PG,0.05,20,0.0,0.0
2003-10-01,2003,2002,KO,0.05,20,0.0,0.0
2003-10-01,2003,2002,VZ,0.05,20,0.0,0.0
2003-10-01,2003,2002,BAC,0.05,20,0.0,0.0
2003-10-01,2003,2002,INTC,0.05,20,0.0,0.0
2003-10-01,2003,2002,CSCO,0.05,20,0.0,0.0
2003-10-01,2003,2002,WFC,0.05,20,0.0,0.0
2003-10-01,2003,2002,PEP,0.05,20,0.0,0.0
2003-10-01,2003,2002,LLY,0.05,20,0.0,0.0
2003-10-01,2003,2002,CVX,0.05,20,0.0,0.0
2004-01-02,2004,2003,MSFT,0.05,20,0.260204,13.0102
2004-01-02,2004,2003,XOM,0.05,20,0.0,0.0
2004-01-02,2004,2003,PFE,0.05,20,0.0,0.0
2004-01-02,2004,2003,C,0.05,20,0.0,0.0
2004-01-02,2004,2003,WMT,0.05,20,0.0,0.0
2004-01-02,2004,2003,INTC,0.05,20,0.0,0.0
2004-01-02,2004,2003,GE,0.05,20,0.0,0.0
2004-01-02,2004,2003,CSCO,0.05,20,0.0,0.0
2004-01-02,2004,2003,JNJ,0.05,20,0.0,0.0
2004-01-02,2004,2003,IBM,0.05,20,0.0,0.0
2004-01-02,2004,2003,AIG,0.05,20,0.0,0.0
2004-01-02,2004,2003,PG,0.05,20,0.0,0.0
2004-01-02,2004,2003,KO,0.05,20,0.0,0.0
2004-01-02,2004,2003,BAC,0.05,20,0.0,0.0
2004-01-02,2004,2003,WFC,0.05,20,0.0,0.0
2004-01-02,2004,2003,MRK,0.05,20,0.0,0.0
2004-01-02,2004,2003,VZ,0.05,20,0.0,0.0
2004-01-02,2004,2003,CVX,0.05,20,0.0,0.0
2004-01-02,2004,2003,UPS,0.05,20,0.0,0.0
2004-01-02,2004,2003,HD,0.05,20,0.0,0.0
2004-04-01,2004,2003,MSFT,0.05,20,0.046846,2.3423
2004-04-01,2004,2003,XOM,0.05,20,0.0,0.0
2004-04-01,2004,2003,PFE,0.05,20,0.0,0.0
2004-04-01,2004,2003,C,0.05,20,0.0,0.0
2004-04-01,2004,2003,WMT,0.05,20,0.0,0.0
2004-04-01,2004,2003,INTC,0.05,20,0.0,0.0
2004-04-01,2004,2003,GE,0.05,20,0.0,0.0
2004-04-01,2004,2003,CSCO,0.05,20,0.0,0.0
2004-04-01,2004,2003,JNJ,0.05,20,0.0,0.0
2004-04-01,2004,2003,IBM,0.05,20,0.0,0.0
2004-04-01,2004,2003,AIG,0.05,20,0.0,0.0
2004-04-01,2004,2003,PG,0.05,20,0.0,0.0
2004-04-01,2004,2003,KO,0.05,20,0.0,0.0
2004-04-01,2004,2003,BAC,0.05,20,0.0,0.0
2004-04-01,2004,2003,WFC,0.05,20,0.0,0.0
2004-04-01,2004,2003,MRK,0.05,20,0.0,0.0
2004-04-01,2004,2003,VZ,0.05,20,0.0,0.0
2004-04-01,2004,2003,CVX,0.05,20,0.0,0.0
2004-04-01,2004,2003,UPS,0.05,20,0.0,0.0
2004-04-01,2004,2003,HD,0.05,20,0.0,0.0
2004-07-01,2004,2003,MSFT,0.05,20,0.051551,2.5775
2004-07-01,2004,2003,XOM,0.05,20,0.0,0.0
2004-07-01,2004,2003,PFE,0.05,20,0.0,0.0
2004-07-01,2004,2003,C,0.05,20,0.0,0.0
2004-07-01,2004,2003,WMT,0.05,20,0.0,0.0
2004-07-01,2004,2003,INTC,0.05,20,0.0,0.0
2004-07-01,2004,2003,GE,0.05,20,0.0,0.0
2004-07-01,2004,2003,CSCO,0.05,20,0.0,0.0
2004-07-01,2004,2003,JNJ,0.05,20,0.0,0.0
2004-07-01,2004,2003,IBM,0.05,20,0.0,0.0
2004-07-01,2004,2003,AIG,0.05,20,0.0,0.0
2004-07-01,2004,2003,PG,0.05,20,0.0,0.0
2004-07-01,2004,2003,KO,0.05,20,0.0,0.0
2004-07-01,2004,2003,BAC,0.05,20,0.0,0.0
2004-07-01,2004,2003,WFC,0.05,20,0.0,0.0
2004-07-01,2004,2003,MRK,0.05,20,0.0,0.0
2004-07-01,2004,2003,VZ,0.05,20,0.0,0.0
2004-07-01,2004,2003,CVX,0.05,20,0.0,0.0
2004-07-01,2004,2003,UPS,0.05,20,0.0,0.0
2004-07-01,2004,2003,HD,0.05,20,0.0,0.0
2004-10-01,2004,2003,MSFT,0.05,20,0.101385,5.0693
2004-10-01,2004,2003,XOM,0.05,20,0.0,0.0
2004-10-01,2004,2003,PFE,0.05,20,0.0,0.0
2004-10-01,2004,2003,C,0.05,20,0.0,0.0
2004-10-01,2004,2003,WMT,0.05,20,0.0,0.0
2004-10-01,2004,2003,INTC,0.05,20,0.0,0.0
2004-10-01,2004,2003,GE,0.05,20,0.0,0.0
2004-10-01,2004,2003,CSCO,0.05,20,0.0,0.0
2004-10-01,2004,2003,JNJ,0.05,20,0.0,0.0
2004-10-01,2004,2003,IBM,0.05,20,0.0,0.0
2004-10-01,2004,2003,AIG,0.05,20,0.0,0.0
2004-10-01,2004,2003,PG,0.05,20,0.0,0.0
2004-10-01,2004,2003,KO,0.05,20,0.0,0.0
2004-10-01,2004,2003,BAC,0.05,20,0.0,0.0
2004-10-01,2004,2003,WFC,0.05,20,0.0,0.0
2004-10-01,2004,2003,MRK,0.05,20,0.0,0.0
2004-10-01,2004,2003,VZ,0.05,20,0.0,0.0
2004-10-01,2004,2003,CVX,0.05,20,0.0,0.0
2004-10-01,2004,2003,UPS,0.05,20,0.0,0.0
2004-10-01,2004,2003,HD,0.05,20,0.0,0.0
2005-01-03,2005,2004,XOM,0.05,20,0.144473,7.2237
2005-01-03,2005,2004,MSFT,0.05,20,0.0,0.0
2005-01-03,2005,2004,C,0.05,20,0.0,0.0
2005-01-03,2005,2004,GE,0.05,20,0.0,0.0
2005-01-03,2005,2004,WMT,0.05,20,0.0,0.0
2005-01-03,2005,2004,BAC,0.05,20,0.0,0.0
2005-01-03,2005,2004,PFE,0.05,20,0.0,0.0
2005-01-03,2005,2004,JNJ,0.05,20,0.0,0.0
2005-01-03,2005,2004,IBM,0.05,20,0.0,0.0
2005-01-03,2005,2004,INTC,0.05,20,0.0,0.0
2005-01-03,2005,2004,AIG,0.05,20,0.0,0.0
2005-01-03,2005,2004,PG,0.05,20,0.0,0.0
2005-01-03,2005,2004,JPM,0.05,20,0.0,0.0
2005-01-03,2005,2004,CSCO,0.05,20,0.0,0.0
2005-01-03,2005,2004,VZ,0.05,20,0.0,0.0
2005-01-03,2005,2004,CVX,0.05,20,0.0,0.0
2005-01-03,2005,2004,WFC,0.05,20,0.0,0.0
2005-01-03,2005,2004,KO,0.05,20,0.0,0.0
2005-01-03,2005,2004,UPS,0.05,20,0.0,0.0
2005-01-03,2005,2004,HD,0.05,20,0.0,0.0
2005-04-01,2005,2004,XOM,0.05,20,0.063108,3.1554
2005-04-01,2005,2004,MSFT,0.05,20,0.0,0.0
2005-04-01,2005,2004,C,0.05,20,0.0,0.0
2005-04-01,2005,2004,GE,0.05,20,0.0,0.0
2005-04-01,2005,2004,WMT,0.05,20,0.0,0.0
2005-04-01,2005,2004,BAC,0.05,20,0.0,0.0
2005-04-01,2005,2004,PFE,0.05,20,0.0,0.0
2005-04-01,2005,2004,JNJ,0.05,20,0.0,0.0
2005-04-01,2005,2004,IBM,0.05,20,0.0,0.0
2005-04-01,2005,2004,INTC,0.05,20,0.0,0.0
2005-04-01,2005,2004,AIG,0.05,20,0.0,0.0
2005-04-01,2005,2004,PG,0.05,20,0.0,0.0
2005-04-01,2005,2004,JPM,0.05,20,0.0,0.0
2005-04-01,2005,2004,CSCO,0.05,20,0.0,0.0
2005-04-01,2005,2004,VZ,0.05,20,0.0,0.0
2005-04-01,2005,2004,CVX,0.05,20,0.0,0.0
2005-04-01,2005,2004,WFC,0.05,20,0.0,0.0
2005-04-01,2005,2004,KO,0.05,20,0.0,0.0
2005-04-01,2005,2004,UPS,0.05,20,0.0,0.0
2005-04-01,2005,2004,HD,0.05,20,0.0,0.0
2005-07-01,2005,2004,XOM,0.05,20,0.044952,2.2476
2005-07-01,2005,2004,MSFT,0.05,20,0.0,0.0
2005-07-01,2005,2004,C,0.05,20,0.0,0.0
2005-07-01,2005,2004,GE,0.05,20,0.0,0.0
2005-07-01,2005,2004,WMT,0.05,20,0.0,0.0
2005-07-01,2005,2004,BAC,0.05,20,0.0,0.0
2005-07-01,2005,2004,PFE,0.05,20,0.0,0.0
2005-07-01,2005,2004,JNJ,0.05,20,0.0,0.0
2005-07-01,2005,2004,IBM,0.05,20,0.0,0.0
2005-07-01,2005,2004,INTC,0.05,20,0.0,0.0
2005-07-01,2005,2004,AIG,0.05,20,0.0,0.0
2005-07-01,2005,2004,PG,0.05,20,0.0,0.0
2005-07-01,2005,2004,JPM,0.05,20,0.0,0.0
2005-07-01,2005,2004,CSCO,0.05,20,0.0,0.0
2005-07-01,2005,2004,VZ,0.05,20,0.0,0.0
2005-07-01,2005,2004,CVX,0.05,20,0.0,0.0
2005-07-01,2005,2004,WFC,0.05,20,0.0,0.0
2005-07-01,2005,2004,KO,0.05,20,0.0,0.0
2005-07-01,2005,2004,UPS,0.05,20,0.0,0.0
2005-07-01,2005,2004,HD,0.05,20,0.0,0.0
2005-10-03,2005,2004,XOM,0.05,20,0.059943,2.9971
2005-10-03,2005,2004,MSFT,0.05,20,0.0,0.0
2005-10-03,2005,2004,C,0.05,20,0.0,0.0
2005-10-03,2005,2004,GE,0.05,20,0.0,0.0
2005-10-03,2005,2004,WMT,0.05,20,0.0,0.0
2005-10-03,2005,2004,BAC,0.05,20,0.0,0.0
2005-10-03,2005,2004,PFE,0.05,20,0.0,0.0
2005-10-03,2005,2004,JNJ,0.05,20,0.0,0.0
2005-10-03,2005,2004,IBM,0.05,20,0.0,0.0
2005-10-03,2005,2004,INTC,0.05,20,0.0,0.0
2005-10-03,2005,2004,AIG,0.05,20,0.0,0.0
2005-10-03,2005,2004,PG,0.05,20,0.0,0.0
2005-10-03,2005,2004,JPM,0.05,20,0.0,0.0
2005-10-03,2005,2004,CSCO,0.05,20,0.0,0.0
2005-10-03,2005,2004,VZ,0.05,20,0.0,0.0
2005-10-03,2005,2004,CVX,0.05,20,0.0,0.0
2005-10-03,2005,2004,WFC,0.05,20,0.0,0.0
2005-10-03,2005,2004,KO,0.05,20,0.0,0.0
2005-10-03,2005,2004,UPS,0.05,20,0.0,0.0
2005-10-03,2005,2004,HD,0.05,20,0.0,0.0
2006-01-03,2006,2005,XOM,0.05,20,0.2577,12.885
2006-01-03,2006,2005,MSFT,0.05,20,0.0,0.0
2006-01-03,2006,2005,C,0.05,20,0.0,0.0
2006-01-03,2006,2005,GE,0.05,20,0.0,0.0
2006-01-03,2006,2005,WMT,0.05,20,0.0,0.0
2006-01-03,2006,2005,BAC,0.05,20,0.0,0.0
2006-01-03,2006,2005,JNJ,0.05,20,0.0,0.0
2006-01-03,2006,2005,PFE,0.05,20,0.0,0.0
2006-01-03,2006,2005,INTC,0.05,20,0.0,0.0
2006-01-03,2006,2005,AIG,0.05,20,0.0,0.0
2006-01-03,2006,2005,JPM,0.05,20,0.0,0.0
2006-01-03,2006,2005,PG,0.05,20,0.0,0.0
2006-01-03,2006,2005,CVX,0.05,20,0.0,0.0
2006-01-03,2006,2005,IBM,0.05,20,0.0,0.0
2006-01-03,2006,2005,CSCO,0.05,20,0.0,0.0
2006-01-03,2006,2005,WFC,0.05,20,0.0,0.0
2006-01-03,2006,2005,PEP,0.05,20,0.0,0.0
2006-01-03,2006,2005,AMGN,0.05,20,0.0,0.0
2006-01-03,2006,2005,KO,0.05,20,0.0,0.0
2006-01-03,2006,2005,HD,0.05,20,0.0,0.0
2006-04-03,2006,2005,XOM,0.05,20,0.052548,2.6274
2006-04-03,2006,2005,MSFT,0.05,20,0.0,0.0
2006-04-03,2006,2005,C,0.05,20,0.0,0.0
2006-04-03,2006,2005,GE,0.05,20,0.0,0.0
2006-04-03,2006,2005,WMT,0.05,20,0.0,0.0
2006-04-03,2006,2005,BAC,0.05,20,0.0,0.0
2006-04-03,2006,2005,JNJ,0.05,20,0.0,0.0
2006-04-03,2006,2005,PFE,0.05,20,0.0,0.0
2006-04-03,2006,2005,INTC,0.05,20,0.0,0.0
2006-04-03,2006,2005,AIG,0.05,20,0.0,0.0
2006-04-03,2006,2005,JPM,0.05,20,0.0,0.0
2006-04-03,2006,2005,PG,0.05,20,0.0,0.0
2006-04-03,2006,2005,CVX,0.05,20,0.0,0.0
2006-04-03,2006,2005,IBM,0.05,20,0.0,0.0
2006-04-03,2006,2005,CSCO,0.05,20,0.0,0.0
2006-04-03,2006,2005,WFC,0.05,20,0.0,0.0
2006-04-03,2006,2005,PEP,0.05,20,0.0,0.0
2006-04-03,2006,2005,AMGN,0.05,20,0.0,0.0
2006-04-03,2006,2005,KO,0.05,20,0.0,0.0
2006-04-03,2006,2005,HD,0.05,20,0.0,0.0
2006-07-03,2006,2005,XOM,0.05,20,0.061164,3.0582
2006-07-03,2006,2005,MSFT,0.05,20,0.0,0.0
2006-07-03,2006,2005,C,0.05,20,0.0,0.0
2006-07-03,2006,2005,GE,0.05,20,0.0,0.0
2006-07-03,2006,2005,WMT,0.05,20,0.0,0.0
2006-07-03,2006,2005,BAC,0.05,20,0.0,0.0
2006-07-03,2006,2005,JNJ,0.05,20,0.0,0.0
2006-07-03,2006,2005,PFE,0.05,20,0.0,0.0
2006-07-03,2006,2005,INTC,0.05,20,0.0,0.0
2006-07-03,2006,2005,AIG,0.05,20,0.0,0.0
2006-07-03,2006,2005,JPM,0.05,20,0.0,0.0
2006-07-03,2006,2005,PG,0.05,20,0.0,0.0
2006-07-03,2006,2005,CVX,0.05,20,0.0,0.0
2006-07-03,2006,2005,IBM,0.05,20,0.0,0.0
2006-07-03,2006,2005,CSCO,0.05,20,0.0,0.0
2006-07-03,2006,2005,WFC,0.05,20,0.0,0.0
2006-07-03,2006,2005,PEP,0.05,20,0.0,0.0
2006-07-03,2006,2005,AMGN,0.05,20,0.0,0.0
2006-07-03,2006,2005,KO,0.05,20,0.0,0.0
2006-07-03,2006,2005,HD,0.05,20,0.0,0.0
2006-10-02,2006,2005,XOM,0.05,20,0.035316,1.7658
2006-10-02,2006,2005,MSFT,0.05,20,0.0,0.0
2006-10-02,2006,2005,C,0.05,20,0.0,0.0
2006-10-02,2006,2005,GE,0.05,20,0.0,0.0
2006-10-02,2006,2005,WMT,0.05,20,0.0,0.0
2006-10-02,2006,2005,BAC,0.05,20,0.0,0.0
2006-10-02,2006,2005,JNJ,0.05,20,0.0,0.0
2006-10-02,2006,2005,PFE,0.05,20,0.0,0.0
2006-10-02,2006,2005,INTC,0.05,20,0.0,0.0
2006-10-02,2006,2005,AIG,0.05,20,0.0,0.0
2006-10-02,2006,2005,JPM,0.05,20,0.0,0.0
2006-10-02,2006,2005,PG,0.05,20,0.0,0.0
2006-10-02,2006,2005,CVX,0.05,20,0.0,0.0
2006-10-02,2006,2005,IBM,0.05,20,0.0,0.0
2006-10-02,2006,2005,CSCO,0.05,20,0.0,0.0
2006-10-02,2006,2005,WFC,0.05,20,0.0,0.0
2006-10-02,2006,2005,PEP,0.05,20,0.0,0.0
2006-10-02,2006,2005,AMGN,0.05,20,0.0,0.0
2006-10-02,2006,2005,KO,0.05,20,0.0,0.0
2006-10-02,2006,2005,HD,0.05,20,0.0,0.0
2007-01-03,2007,2006,XOM,0.05,20,0.346929,17.3465
2007-01-03,2007,2006,MSFT,0.05,20,0.0,0.0
2007-01-03,2007,2006,C,0.05,20,0.0,0.0
2007-01-03,2007,2006,BAC,0.05,20,0.0,0.0
2007-01-03,2007,2006,GE,0.05,20,0.0,0.0
2007-01-03,2007,2006,PG,0.05,20,0.0,0.0
2007-01-03,2007,2006,WMT,0.05,20,0.0,0.0
2007-01-03,2007,2006,JNJ,0.05,20,0.0,0.0
2007-01-03,2007,2006,PFE,0.05,20,0.0,0.0
2007-01-03,2007,2006,JPM,0.05,20,0.0,0.0
2007-01-03,2007,2006,CSCO,0.05,20,0.0,0.0
2007-01-03,2007,2006,CVX,0.05,20,0.0,0.0
2007-01-03,2007,2006,AIG,0.05,20,0.0,0.0
2007-01-03,2007,2006,GOOGL,0.05,20,0.0,0.0
2007-01-03,2007,2006,IBM,0.05,20,0.0,0.0
2007-01-03,2007,2006,WFC,0.05,20,0.0,0.0
2007-01-03,2007,2006,INTC,0.05,20,0.0,0.0
2007-01-03,2007,2006,KO,0.05,20,0.0,0.0
2007-01-03,2007,2006,VZ,0.05,20,0.0,0.0
2007-01-03,2007,2006,T,0.05,20,0.0,0.0
2007-04-02,2007,2006,XOM,0.05,20,0.033999,1.6999
2007-04-02,2007,2006,MSFT,0.05,20,0.0,0.0
2007-04-02,2007,2006,C,0.05,20,0.0,0.0
2007-04-02,2007,2006,BAC,0.05,20,0.0,0.0
2007-04-02,2007,2006,GE,0.05,20,0.0,0.0
2007-04-02,2007,2006,PG,0.05,20,0.0,0.0
2007-04-02,2007,2006,WMT,0.05,20,0.0,0.0
2007-04-02,2007,2006,JNJ,0.05,20,0.0,0.0
2007-04-02,2007,2006,PFE,0.05,20,0.0,0.0
2007-04-02,2007,2006,JPM,0.05,20,0.0,0.0
2007-04-02,2007,2006,CSCO,0.05,20,0.0,0.0
2007-04-02,2007,2006,CVX,0.05,20,0.0,0.0
2007-04-02,2007,2006,AIG,0.05,20,0.0,0.0
2007-04-02,2007,2006,GOOGL,0.05,20,0.0,0.0
2007-04-02,2007,2006,IBM,0.05,20,0.0,0.0
2007-04-02,2007,2006,WFC,0.05,20,0.0,0.0
2007-04-02,2007,2006,INTC,0.05,20,0.0,0.0
2007-04-02,2007,2006,KO,0.05,20,0.0,0.0
2007-04-02,2007,2006,VZ,0.05,20,0.0,0.0
2007-04-02,2007,2006,T,0.05,20,0.0,0.0
2007-07-02,2007,2006,XOM,0.05,20,0.048879,2.444
2007-07-02,2007,2006,MSFT,0.05,20,0.0,0.0
2007-07-02,2007,2006,C,0.05,20,0.0,0.0
2007-07-02,2007,2006,BAC,0.05,20,0.0,0.0
2007-07-02,2007,2006,GE,0.05,20,0.0,0.0
2007-07-02,2007,2006,PG,0.05,20,0.0,0.0
2007-07-02,2007,2006,WMT,0.05,20,0.0,0.0
2007-07-02,2007,2006,JNJ,0.05,20,0.0,0.0
2007-07-02,2007,2006,PFE,0.05,20,0.0,0.0
2007-07-02,2007,2006,JPM,0.05,20,0.0,0.0
2007-07-02,2007,2006,CSCO,0.05,20,0.0,0.0
2007-07-02,2007,2006,CVX,0.05,20,0.0,0.0
2007-07-02,2007,2006,AIG,0.05,20,0.0,0.0
2007-07-02,2007,2006,GOOGL,0.05,20,0.0,0.0
2007-07-02,2007,2006,IBM,0.05,20,0.0,0.0
2007-07-02,2007,2006,WFC,0.05,20,0.0,0.0
2007-07-02,2007,2006,INTC,0.05,20,0.0,0.0
2007-07-02,2007,2006,KO,0.05,20,0.0,0.0
2007-07-02,2007,2006,VZ,0.05,20,0.0,0.0
2007-07-02,2007,2006,T,0.05,20,0.0,0.0
2007-10-01,2007,2006,XOM,0.05,20,0.061996,3.0998
2007-10-01,2007,2006,MSFT,0.05,20,0.0,0.0
2007-10-01,2007,2006,C,0.05,20,0.0,0.0
2007-10-01,2007,2006,BAC,0.05,20,0.0,0.0
2007-10-01,2007,2006,GE,0.05,20,0.0,0.0
2007-10-01,2007,2006,PG,0.05,20,0.0,0.0
2007-10-01,2007,2006,WMT,0.05,20,0.0,0.0
2007-10-01,2007,2006,JNJ,0.05,20,0.0,0.0
2007-10-01,2007,2006,PFE,0.05,20,0.0,0.0
2007-10-01,2007,2006,JPM,0.05,20,0.0,0.0
2007-10-01,2007,2006,CSCO,0.05,20,0.0,0.0
2007-10-01,2007,2006,CVX,0.05,20,0.0,0.0
2007-10-01,2007,2006,AIG,0.05,20,0.0,0.0
2007-10-01,2007,2006,GOOGL,0.05,20,0.0,0.0
2007-10-01,2007,2006,IBM,0.05,20,0.0,0.0
2007-10-01,2007,2006,WFC,0.05,20,0.0,0.0
2007-10-01,2007,2006,INTC,0.05,20,0.0,0.0
2007-10-01,2007,2006,KO,0.05,20,0.0,0.0
2007-10-01,2007,2006,VZ,0.05,20,0.0,0.0
2007-10-01,2007,2006,T,0.05,20,0.0,0.0
2008-01-02,2008,2007,XOM,0.05,20,0.192549,9.6274
2008-01-02,2008,2007,MSFT,0.05,20,0.0,0.0
2008-01-02,2008,2007,PG,0.05,20,0.0,0.0
2008-01-02,2008,2007,GE,0.05,20,0.0,0.0
2008-01-02,2008,2007,GOOGL,0.05,20,0.0,0.0
2008-01-02,2008,2007,CVX,0.05,20,0.0,0.0
2008-01-02,2008,2007,WMT,0.05,20,0.0,0.0
2008-01-02,2008,2007,T,0.05,20,0.0,0.0
2008-01-02,2008,2007,JNJ,0.05,20,0.0,0.0
2008-01-02,2008,2007,BAC,0.05,20,0.0,0.0
2008-01-02,2008,2007,AAPL,0.05,20,0.0,0.0
2008-01-02,2008,2007,CSCO,0.05,20,0.0,0.0
2008-01-02,2008,2007,C,0.05,20,0.0,0.0
2008-01-02,2008,2007,INTC,0.05,20,0.0,0.0
2008-01-02,2008,2007,JPM,0.05,20,0.0,0.0
2008-01-02,2008,2007,PFE,0.05,20,0.0,0.0
2008-01-02,2008,2007,IBM,0.05,20,0.0,0.0
2008-01-02,2008,2007,KO,0.05,20,0.0,0.0
2008-01-02,2008,2007,VZ,0.05,20,0.0,0.0
2008-01-02,2008,2007,AIG,0.05,20,0.0,0.0
2008-04-01,2008,2007,XOM,0.05,20,0.110991,5.5495
2008-04-01,2008,2007,MSFT,0.05,20,0.0,0.0
2008-04-01,2008,2007,PG,0.05,20,0.0,0.0
2008-04-01,2008,2007,GE,0.05,20,0.0,0.0
2008-04-01,2008,2007,GOOGL,0.05,20,0.0,0.0
2008-04-01,2008,2007,CVX,0.05,20,0.0,0.0
2008-04-01,2008,2007,WMT,0.05,20,0.0,0.0
2008-04-01,2008,2007,T,0.05,20,0.0,0.0
2008-04-01,2008,2007,JNJ,0.05,20,0.0,0.0
2008-04-01,2008,2007,BAC,0.05,20,0.0,0.0
2008-04-01,2008,2007,AAPL,0.05,20,0.0,0.0
2008-04-01,2008,2007,CSCO,0.05,20,0.0,0.0
2008-04-01,2008,2007,C,0.05,20,0.0,0.0
2008-04-01,2008,2007,INTC,0.05,20,0.0,0.0
2008-04-01,2008,2007,JPM,0.05,20,0.0,0.0
2008-04-01,2008,2007,PFE,0.05,20,0.0,0.0
2008-04-01,2008,2007,IBM,0.05,20,0.0,0.0
2008-04-01,2008,2007,KO,0.05,20,0.0,0.0
2008-04-01,2008,2007,VZ,0.05,20,0.0,0.0
2008-04-01,2008,2007,AIG,0.05,20,0.0,0.0
2008-07-01,2008,2007,XOM,0.05,20,0.144649,7.2325
2008-07-01,2008,2007,MSFT,0.05,20,0.0,0.0
2008-07-01,2008,2007,PG,0.05,20,0.0,0.0
2008-07-01,2008,2007,GE,0.05,20,0.0,0.0
2008-07-01,2008,2007,GOOGL,0.05,20,0.0,0.0
2008-07-01,2008,2007,CVX,0.05,20,0.0,0.0
2008-07-01,2008,2007,WMT,0.05,20,0.0,0.0
2008-07-01,2008,2007,T,0.05,20,0.0,0.0
2008-07-01,2008,2007,JNJ,0.05,20,0.0,0.0
2008-07-01,2008,2007,BAC,0.05,20,0.0,0.0
2008-07-01,2008,2007,AAPL,0.05,20,0.0,0.0
2008-07-01,2008,2007,CSCO,0.05,20,0.0,0.0
2008-07-01,2008,2007,C,0.05,20,0.0,0.0
2008-07-01,2008,2007,INTC,0.05,20,0.0,0.0
2008-07-01,2008,2007,JPM,0.05,20,0.0,0.0
2008-07-01,2008,2007,PFE,0.05,20,0.0,0.0
2008-07-01,2008,2007,IBM,0.05,20,0.0,0.0
2008-07-01,2008,2007,KO,0.05,20,0.0,0.0
2008-07-01,2008,2007,VZ,0.05,20,0.0,0.0
2008-07-01,2008,2007,AIG,0.05,20,0.0,0.0
2008-10-01,2008,2007,XOM,0.05,20,0.187336,9.3668
2008-10-01,2008,2007,MSFT,0.05,20,0.0,0.0
2008-10-01,2008,2007,PG,0.05,20,0.0,0.0
2008-10-01,2008,2007,GE,0.05,20,0.0,0.0
2008-10-01,2008,2007,GOOGL,0.05,20,0.0,0.0
2008-10-01,2008,2007,CVX,0.05,20,0.0,0.0
2008-10-01,2008,2007,WMT,0.05,20,0.0,0.0
2008-10-01,2008,2007,T,0.05,20,0.0,0.0
2008-10-01,2008,2007,JNJ,0.05,20,0.0,0.0
2008-10-01,2008,2007,BAC,0.05,20,0.0,0.0
2008-10-01,2008,2007,AAPL,0.05,20,0.0,0.0
2008-10-01,2008,2007,CSCO,0.05,20,0.0,0.0
2008-10-01,2008,2007,C,0.05,20,0.0,0.0
2008-10-01,2008,2007,INTC,0.05,20,0.0,0.0
2008-10-01,2008,2007,JPM,0.05,20,0.0,0.0
2008-10-01,2008,2007,PFE,0.05,20,0.0,0.0
2008-10-01,2008,2007,IBM,0.05,20,0.0,0.0
2008-10-01,2008,2007,KO,0.05,20,0.0,0.0
2008-10-01,2008,2007,VZ,0.05,20,0.0,0.0
2008-10-01,2008,2007,AIG,0.05,20,0.0,0.0
2009-01-02,2009,2008,XOM,0.05,20,0.452872,22.6436
2009-01-02,2009,2008,WMT,0.05,20,0.0,0.0
2009-01-02,2009,2008,PG,0.05,20,0.0,0.0
2009-01-02,2009,2008,MSFT,0.05,20,0.0,0.0
2009-01-02,2009,2008,JNJ,0.05,20,0.0,0.0
2009-01-02,2009,2008,CVX,0.05,20,0.0,0.0
2009-01-02,2009,2008,T,0.05,20,0.0,0.0
2009-01-02,2009,2008,JPM,0.05,20,0.0,0.0
2009-01-02,2009,2008,PFE,0.05,20,0.0,0.0
2009-01-02,2009,2008,IBM,0.05,20,0.0,0.0
2009-01-02,2009,2008,KO,0.05,20,0.0,0.0
2009-01-02,2009,2008,VZ,0.05,20,0.0,0.0
2009-01-02,2009,2008,WFC,0.05,20,0.0,0.0
2009-01-02,2009,2008,GOOGL,0.05,20,0.0,0.0
2009-01-02,2009,2008,GE,0.05,20,0.0,0.0
2009-01-02,2009,2008,CSCO,0.05,20,0.0,0.0
2009-01-02,2009,2008,ORCL,0.05,20,0.0,0.0
2009-01-02,2009,2008,PM,0.05,20,0.0,0.0
2009-01-02,2009,2008,PEP,0.05,20,0.0,0.0
2009-01-02,2009,2008,INTC,0.05,20,0.0,0.0
2009-04-01,2009,2008,XOM,0.05,20,0.121627,6.0814
2009-04-01,2009,2008,WMT,0.05,20,0.0,0.0
2009-04-01,2009,2008,PG,0.05,20,0.0,0.0
2009-04-01,2009,2008,MSFT,0.05,20,0.0,0.0
2009-04-01,2009,2008,JNJ,0.05,20,0.0,0.0
2009-04-01,2009,2008,CVX,0.05,20,0.0,0.0
2009-04-01,2009,2008,T,0.05,20,0.0,0.0
2009-04-01,2009,2008,JPM,0.05,20,0.0,0.0
2009-04-01,2009,2008,PFE,0.05,20,0.0,0.0
2009-04-01,2009,2008,IBM,0.05,20,0.0,0.0
2009-04-01,2009,2008,KO,0.05,20,0.0,0.0
2009-04-01,2009,2008,VZ,0.05,20,0.0,0.0
2009-04-01,2009,2008,WFC,0.05,20,0.0,0.0
2009-04-01,2009,2008,GOOGL,0.05,20,0.0,0.0
2009-04-01,2009,2008,GE,0.05,20,0.0,0.0
2009-04-01,2009,2008,CSCO,0.05,20,0.0,0.0
2009-04-01,2009,2008,ORCL,0.05,20,0.0,0.0
2009-04-01,2009,2008,PM,0.05,20,0.0,0.0
2009-04-01,2009,2008,PEP,0.05,20,0.0,0.0
2009-04-01,2009,2008,INTC,0.05,20,0.0,0.0
2009-07-01,2009,2008,XOM,0.05,20,0.095684,4.7842
2009-07-01,2009,2008,WMT,0.05,20,0.0,0.0
2009-07-01,2009,2008,PG,0.05,20,0.0,0.0
2009-07-01,2009,2008,MSFT,0.05,20,0.0,0.0
2009-07-01,2009,2008,JNJ,0.05,20,0.0,0.0
2009-07-01,2009,2008,CVX,0.05,20,0.0,0.0
2009-07-01,2009,2008,T,0.05,20,0.0,0.0
2009-07-01,2009,2008,JPM,0.05,20,0.0,0.0
2009-07-01,2009,2008,PFE,0.05,20,0.0,0.0
2009-07-01,2009,2008,IBM,0.05,20,0.0,0.0
2009-07-01,2009,2008,KO,0.05,20,0.0,0.0
2009-07-01,2009,2008,VZ,0.05,20,0.0,0.0
2009-07-01,2009,2008,WFC,0.05,20,0.0,0.0
2009-07-01,2009,2008,GOOGL,0.05,20,0.0,0.0
2009-07-01,2009,2008,GE,0.05,20,0.0,0.0
2009-07-01,2009,2008,CSCO,0.05,20,0.0,0.0
2009-07-01,2009,2008,ORCL,0.05,20,0.0,0.0
2009-07-01,2009,2008,PM,0.05,20,0.0,0.0
2009-07-01,2009,2008,PEP,0.05,20,0.0,0.0
2009-07-01,2009,2008,INTC,0.05,20,0.0,0.0
2009-10-01,2009,2008,XOM,0.05,20,0.067106,3.3553
2009-10-01,2009,2008,WMT,0.05,20,0.0,0.0
2009-10-01,2009,2008,PG,0.05,20,0.0,0.0
2009-10-01,2009,2008,MSFT,0.05,20,0.0,0.0
2009-10-01,2009,2008,JNJ,0.05,20,0.0,0.0
2009-10-01,2009,2008,CVX,0.05,20,0.0,0.0
2009-10-01,2009,2008,T,0.05,20,0.0,0.0
2009-10-01,2009,2008,JPM,0.05,20,0.0,0.0
2009-10-01,2009,2008,PFE,0.05,20,0.0,0.0
2009-10-01,2009,2008,IBM,0.05,20,0.0,0.0
2009-10-01,2009,2008,KO,0.05,20,0.0,0.0
2009-10-01,2009,2008,VZ,0.05,20,0.0,0.0
2009-10-01,2009,2008,WFC,0.05,20,0.0,0.0
2009-10-01,2009,2008,GOOGL,0.05,20,0.0,0.0
2009-10-01,2009,2008,GE,0.05,20,0.0,0.0
2009-10-01,2009,2008,CSCO,0.05,20,0.0,0.0
2009-10-01,2009,2008,ORCL,0.05,20,0.0,0.0
2009-10-01,2009,2008,PM,0.05,20,0.0,0.0
2009-10-01,2009,2008,PEP,0.05,20,0.0,0.0
2009-10-01,2009,2008,INTC,0.05,20,0.0,0.0
2010-01-04,2010,2009,XOM,0.05,20,0.335297,16.7649
2010-01-04,2010,2009,MSFT,0.05,20,0.0,0.0
2010-01-04,2010,2009,WMT,0.05,20,0.0,0.0
2010-01-04,2010,2009,GOOGL,0.05,20,0.0,0.0
2010-01-04,2010,2009,AAPL,0.05,20,0.0,0.0
2010-01-04,2010,2009,JNJ,0.05,20,0.0,0.0
2010-01-04,2010,2009,PG,0.05,20,0.0,0.0
2010-01-04,2010,2009,JPM,0.05,20,0.0,0.0
2010-01-04,2010,2009,IBM,0.05,20,0.0,0.0
2010-01-04,2010,2009,CVX,0.05,20,0.0,0.0
2010-01-04,2010,2009,WFC,0.05,20,0.0,0.0
2010-01-04,2010,2009,PFE,0.05,20,0.0,0.0
2010-01-04,2010,2009,CSCO,0.05,20,0.0,0.0
2010-01-04,2010,2009,KO,0.05,20,0.0,0.0
2010-01-04,2010,2009,BAC,0.05,20,0.0,0.0
2010-01-04,2010,2009,T,0.05,20,0.0,0.0
2010-01-04,2010,2009,ORCL,0.05,20,0.0,0.0
2010-01-04,2010,2009,INTC,0.05,20,0.0,0.0
2010-01-04,2010,2009,MRK,0.05,20,0.0,0.0
2010-01-04,2010,2009,VZ,0.05,20,0.0,0.0
2010-04-01,2010,2009,XOM,0.05,20,0.059191,2.9595
2010-04-01,2010,2009,MSFT,0.05,20,0.0,0.0
2010-04-01,2010,2009,WMT,0.05,20,0.0,0.0
2010-04-01,2010,2009,GOOGL,0.05,20,0.0,0.0
2010-04-01,2010,2009,AAPL,0.05,20,0.0,0.0
2010-04-01,2010,2009,JNJ,0.05,20,0.0,0.0
2010-04-01,2010,2009,PG,0.05,20,0.0,0.0
2010-04-01,2010,2009,JPM,0.05,20,0.0,0.0
2010-04-01,2010,2009,IBM,0.05,20,0.0,0.0
2010-04-01,2010,2009,CVX,0.05,20,0.0,0.0
2010-04-01,2010,2009,WFC,0.05,20,0.0,0.0
2010-04-01,2010,2009,PFE,0.05,20,0.0,0.0
2010-04-01,2010,2009,CSCO,0.05,20,0.0,0.0
2010-04-01,2010,2009,KO,0.05,20,0.0,0.0
2010-04-01,2010,2009,BAC,0.05,20,0.0,0.0
2010-04-01,2010,2009,T,0.05,20,0.0,0.0
2010-04-01,2010,2009,ORCL,0.05,20,0.0,0.0
2010-04-01,2010,2009,INTC,0.05,20,0.0,0.0
2010-04-01,2010,2009,MRK,0.05,20,0.0,0.0
2010-04-01,2010,2009,VZ,0.05,20,0.0,0.0
2010-07-01,2010,2009,XOM,0.05,20,0.067547,3.3773
2010-07-01,2010,2009,MSFT,0.05,20,0.0,0.0
2010-07-01,2010,2009,WMT,0.05,20,0.0,0.0
2010-07-01,2010,2009,GOOGL,0.05,20,0.0,0.0
2010-07-01,2010,2009,AAPL,0.05,20,0.0,0.0
2010-07-01,2010,2009,JNJ,0.05,20,0.0,0.0
2010-07-01,2010,2009,PG,0.05,20,0.0,0.0
2010-07-01,2010,2009,JPM,0.05,20,0.0,0.0
2010-07-01,2010,2009,IBM,0.05,20,0.0,0.0
2010-07-01,2010,2009,CVX,0.05,20,0.0,0.0
2010-07-01,2010,2009,WFC,0.05,20,0.0,0.0
2010-07-01,2010,2009,PFE,0.05,20,0.0,0.0
2010-07-01,2010,2009,CSCO,0.05,20,0.0,0.0
2010-07-01,2010,2009,KO,0.05,20,0.0,0.0
2010-07-01,2010,2009,BAC,0.05,20,0.0,0.0
2010-07-01,2010,2009,T,0.05,20,0.0,0.0
2010-07-01,2010,2009,ORCL,0.05,20,0.0,0.0
2010-07-01,2010,2009,INTC,0.05,20,0.0,0.0
2010-07-01,2010,2009,MRK,0.05,20,0.0,0.0
2010-07-01,2010,2009,VZ,0.05,20,0.0,0.0
2010-10-01,2010,2009,XOM,0.05,20,0.073493,3.6747
2010-10-01,2010,2009,MSFT,0.05,20,0.0,0.0
2010-10-01,2010,2009,WMT,0.05,20,0.0,0.0
2010-10-01,2010,2009,GOOGL,0.05,20,0.0,0.0
2010-10-01,2010,2009,AAPL,0.05,20,0.0,0.0
2010-10-01,2010,2009,JNJ,0.05,20,0.0,0.0
2010-10-01,2010,2009,PG,0.05,20,0.0,0.0
2010-10-01,2010,2009,JPM,0.05,20,0.0,0.0
2010-10-01,2010,2009,IBM,0.05,20,0.0,0.0
2010-10-01,2010,2009,CVX,0.05,20,0.0,0.0
2010-10-01,2010,2009,WFC,0.05,20,0.0,0.0
2010-10-01,2010,2009,PFE,0.05,20,0.0,0.0
2010-10-01,2010,2009,CSCO,0.05,20,0.0,0.0
2010-10-01,2010,2009,KO,0.05,20,0.0,0.0
2010-10-01,2010,2009,BAC,0.05,20,0.0,0.0
2010-10-01,2010,2009,T,0.05,20,0.0,0.0
2010-10-01,2010,2009,ORCL,0.05,20,0.0,0.0
2010-10-01,2010,2009,INTC,0.05,20,0.0,0.0
2010-10-01,2010,2009,MRK,0.05,20,0.0,0.0
2010-10-01,2010,2009,VZ,0.05,20,0.0,0.0
2011-01-03,2011,2010,XOM,0.05,20,0.331895,16.5948
2011-01-03,2011,2010,AAPL,0.05,20,0.0,0.0
2011-01-03,2011,2010,MSFT,0.05,20,0.0,0.0
2011-01-03,2011,2010,BRK-B,0.05,20,0.0,0.0
2011-01-03,2011,2010,WMT,0.05,20,0.0,0.0
2011-01-03,2011,2010,GOOGL,0.05,20,0.0,0.0
2011-01-03,2011,2010,CVX,0.05,20,0.0,0.0
2011-01-03,2011,2010,PG,0.05,20,0.0,0.0
2011-01-03,2011,2010,IBM,0.05,20,0.0,0.0
2011-01-03,2011,2010,JNJ,0.05,20,0.0,0.0
2011-01-03,2011,2010,JPM,0.05,20,0.0,0.0
2011-01-03,2011,2010,WFC,0.05,20,0.0,0.0
2011-01-03,2011,2010,ORCL,0.05,20,0.0,0.0
2011-01-03,2011,2010,KO,0.05,20,0.0,0.0
2011-01-03,2011,2010,C,0.05,20,0.0,0.0
2011-01-03,2011,2010,BAC,0.05,20,0.0,0.0
2011-01-03,2011,2010,PFE,0.05,20,0.0,0.0
2011-01-03,2011,2010,T,0.05,20,0.0,0.0
2011-01-03,2011,2010,GE,0.05,20,0.0,0.0
2011-01-03,2011,2010,INTC,0.05,20,0.0,0.0
2011-04-01,2011,2010,XOM,0.05,20,0.063744,3.1872
2011-04-01,2011,2010,AAPL,0.05,20,0.0,0.0
2011-04-01,2011,2010,MSFT,0.05,20,0.0,0.0
2011-04-01,2011,2010,BRK-B,0.05,20,0.0,0.0
2011-04-01,2011,2010,WMT,0.05,20,0.0,0.0
2011-04-01,2011,2010,GOOGL,0.05,20,0.0,0.0
2011-04-01,2011,2010,CVX,0.05,20,0.0,0.0
2011-04-01,2011,2010,PG,0.05,20,0.0,0.0
2011-04-01,2011,2010,IBM,0.05,20,0.0,0.0
2011-04-01,2011,2010,JNJ,0.05,20,0.0,0.0
2011-04-01,2011,2010,JPM,0.05,20,0.0,0.0
2011-04-01,2011,2010,WFC,0.05,20,0.0,0.0
2011-04-01,2011,2010,ORCL,0.05,20,0.0,0.0
2011-04-01,2011,2010,KO,0.05,20,0.0,0.0
2011-04-01,2011,2010,C,0.05,20,0.0,0.0
2011-04-01,2011,2010,BAC,0.05,20,0.0,0.0
2011-04-01,2011,2010,PFE,0.05,20,0.0,0.0
2011-04-01,2011,2010,T,0.05,20,0.0,0.0
2011-04-01,2011,2010,GE,0.05,20,0.0,0.0
2011-04-01,2011,2010,INTC,0.05,20,0.0,0.0
2011-07-01,2011,2010,XOM,0.05,20,0.065572,3.2786
2011-07-01,2011,2010,AAPL,0.05,20,0.0,0.0
2011-07-01,2011,2010,MSFT,0.05,20,0.0,0.0
2011-07-01,2011,2010,BRK-B,0.05,20,0.0,0.0
2011-07-01,2011,2010,WMT,0.05,20,0.0,0.0
2011-07-01,2011,2010,GOOGL,0.05,20,0.0,0.0
2011-07-01,2011,2010,CVX,0.05,20,0.0,0.0
2011-07-01,2011,2010,PG,0.05,20,0.0,0.0
2011-07-01,2011,2010,IBM,0.05,20,0.0,0.0
2011-07-01,2011,2010,JNJ,0.05,20,0.0,0.0
2011-07-01,2011,2010,JPM,0.05,20,0.0,0.0
2011-07-01,2011,2010,WFC,0.05,20,0.0,0.0
2011-07-01,2011,2010,ORCL,0.05,20,0.0,0.0
2011-07-01,2011,2010,KO,0.05,20,0.0,0.0
2011-07-01,2011,2010,C,0.05,20,0.0,0.0
2011-07-01,2011,2010,BAC,0.05,20,0.0,0.0
2011-07-01,2011,2010,PFE,0.05,20,0.0,0.0
2011-07-01,2011,2010,T,0.05,20,0.0,0.0
2011-07-01,2011,2010,GE,0.05,20,0.0,0.0
2011-07-01,2011,2010,INTC,0.05,20,0.0,0.0
2011-10-03,2011,2010,XOM,0.05,20,0.109616,5.4808
2011-10-03,2011,2010,AAPL,0.05,20,0.0,0.0
2011-10-03,2011,2010,MSFT,0.05,20,0.0,0.0
2011-10-03,2011,2010,BRK-B,0.05,20,0.0,0.0
2011-10-03,2011,2010,WMT,0.05,20,0.0,0.0
2011-10-03,2011,2010,GOOGL,0.05,20,0.0,0.0
2011-10-03,2011,2010,CVX,0.05,20,0.0,0.0
2011-10-03,2011,2010,PG,0.05,20,0.0,0.0
2011-10-03,2011,2010,IBM,0.05,20,0.0,0.0
2011-10-03,2011,2010,JNJ,0.05,20,0.0,0.0
2011-10-03,2011,2010,JPM,0.05,20,0.0,0.0
2011-10-03,2011,2010,WFC,0.05,20,0.0,0.0
2011-10-03,2011,2010,ORCL,0.05,20,0.0,0.0
2011-10-03,2011,2010,KO,0.05,20,0.0,0.0
2011-10-03,2011,2010,C,0.05,20,0.0,0.0
2011-10-03,2011,2010,BAC,0.05,20,0.0,0.0
2011-10-03,2011,2010,PFE,0.05,20,0.0,0.0
2011-10-03,2011,2010,T,0.05,20,0.0,0.0
2011-10-03,2011,2010,GE,0.05,20,0.0,0.0
2011-10-03,2011,2010,INTC,0.05,20,0.0,0.0
2012-01-03,2012,2011,XOM,0.05,20,0.243924,12.1962
2012-01-03,2012,2011,AAPL,0.05,20,0.0,0.0
2012-01-03,2012,2011,MSFT,0.05,20,0.0,0.0
2012-01-03,2012,2011,CVX,0.05,20,0.0,0.0
2012-01-03,2012,2011,GOOGL,0.05,20,0.0,0.0
2012-01-03,2012,2011,IBM,0.05,20,0.0,0.0
2012-01-03,2012,2011,WMT,0.05,20,0.0,0.0
2012-01-03,2012,2011,BRK-B,0.05,20,0.0,0.0
2012-01-03,2012,2011,PG,0.05,20,0.0,0.0
2012-01-03,2012,2011,JNJ,0.05,20,0.0,0.0
2012-01-03,2012,2011,KO,0.05,20,0.0,0.0
2012-01-03,2012,2011,PFE,0.05,20,0.0,0.0
2012-01-03,2012,2011,WFC,0.05,20,0.0,0.0
2012-01-03,2012,2011,PM,0.05,20,0.0,0.0
2012-01-03,2012,2011,T,0.05,20,0.0,0.0
2012-01-03,2012,2011,ORCL,0.05,20,0.0,0.0
2012-01-03,2012,2011,JPM,0.05,20,0.0,0.0
2012-01-03,2012,2011,INTC,0.05,20,0.0,0.0
2012-01-03,2012,2011,VZ,0.05,20,0.0,0.0
2012-01-03,2012,2011,GE,0.05,20,0.0,0.0
2012-04-02,2012,2011,XOM,0.05,20,0.090422,4.5211
2012-04-02,2012,2011,AAPL,0.05,20,0.0,0.0
2012-04-02,2012,2011,MSFT,0.05,20,0.0,0.0
2012-04-02,2012,2011,CVX,0.05,20,0.0,0.0
2012-04-02,2012,2011,GOOGL,0.05,20,0.0,0.0
2012-04-02,2012,2011,IBM,0.05,20,0.0,0.0
2012-04-02,2012,2011,WMT,0.05,20,0.0,0.0
2012-04-02,2012,2011,BRK-B,0.05,20,0.0,0.0
2012-04-02,2012,2011,PG,0.05,20,0.0,0.0
2012-04-02,2012,2011,JNJ,0.05,20,0.0,0.0
2012-04-02,2012,2011,KO,0.05,20,0.0,0.0
2012-04-02,2012,2011,PFE,0.05,20,0.0,0.0
2012-04-02,2012,2011,WFC,0.05,20,0.0,0.0
2012-04-02,2012,2011,PM,0.05,20,0.0,0.0
2012-04-02,2012,2011,T,0.05,20,0.0,0.0
2012-04-02,2012,2011,ORCL,0.05,20,0.0,0.0
2012-04-02,2012,2011,JPM,0.05,20,0.0,0.0
2012-04-02,2012,2011,INTC,0.05,20,0.0,0.0
2012-04-02,2012,2011,VZ,0.05,20,0.0,0.0
2012-04-02,2012,2011,GE,0.05,20,0.0,0.0
2012-07-02,2012,2011,XOM,0.05,20,0.065831,3.2916
2012-07-02,2012,2011,AAPL,0.05,20,0.0,0.0
2012-07-02,2012,2011,MSFT,0.05,20,0.0,0.0
2012-07-02,2012,2011,CVX,0.05,20,0.0,0.0
2012-07-02,2012,2011,GOOGL,0.05,20,0.0,0.0
2012-07-02,2012,2011,IBM,0.05,20,0.0,0.0
2012-07-02,2012,2011,WMT,0.05,20,0.0,0.0
2012-07-02,2012,2011,BRK-B,0.05,20,0.0,0.0
2012-07-02,2012,2011,PG,0.05,20,0.0,0.0
2012-07-02,2012,2011,JNJ,0.05,20,0.0,0.0
2012-07-02,2012,2011,KO,0.05,20,0.0,0.0
2012-07-02,2012,2011,PFE,0.05,20,0.0,0.0
2012-07-02,2012,2011,WFC,0.05,20,0.0,0.0
2012-07-02,2012,2011,PM,0.05,20,0.0,0.0
2012-07-02,2012,2011,T,0.05,20,0.0,0.0
2012-07-02,2012,2011,ORCL,0.05,20,0.0,0.0
2012-07-02,2012,2011,JPM,0.05,20,0.0,0.0
2012-07-02,2012,2011,INTC,0.05,20,0.0,0.0
2012-07-02,2012,2011,VZ,0.05,20,0.0,0.0
2012-07-02,2012,2011,GE,0.05,20,0.0,0.0
2012-10-01,2012,2011,XOM,0.05,20,0.052135,2.6068
2012-10-01,2012,2011,AAPL,0.05,20,0.0,0.0
2012-10-01,2012,2011,MSFT,0.05,20,0.0,0.0
2012-10-01,2012,2011,CVX,0.05,20,0.0,0.0
2012-10-01,2012,2011,GOOGL,0.05,20,0.0,0.0
2012-10-01,2012,2011,IBM,0.05,20,0.0,0.0
2012-10-01,2012,2011,WMT,0.05,20,0.0,0.0
2012-10-01,2012,2011,BRK-B,0.05,20,0.0,0.0
2012-10-01,2012,2011,PG,0.05,20,0.0,0.0
2012-10-01,2012,2011,JNJ,0.05,20,0.0,0.0
2012-10-01,2012,2011,KO,0.05,20,0.0,0.0
2012-10-01,2012,2011,PFE,0.05,20,0.0,0.0
2012-10-01,2012,2011,WFC,0.05,20,0.0,0.0
2012-10-01,2012,2011,PM,0.05,20,0.0,0.0
2012-10-01,2012,2011,T,0.05,20,0.0,0.0
2012-10-01,2012,2011,ORCL,0.05,20,0.0,0.0
2012-10-01,2012,2011,JPM,0.05,20,0.0,0.0
2012-10-01,2012,2011,INTC,0.05,20,0.0,0.0
2012-10-01,2012,2011,VZ,0.05,20,0.0,0.0
2012-10-01,2012,2011,GE,0.05,20,0.0,0.0
2013-01-02,2013,2012,AAPL,0.05,20,0.146209,7.3104
2013-01-02,2013,2012,XOM,0.05,20,0.0,0.0
2013-01-02,2013,2012,GOOGL,0.05,20,0.0,0.0
2013-01-02,2013,2012,WMT,0.05,20,0.0,0.0
2013-01-02,2013,2012,MSFT,0.05,20,0.0,0.0
2013-01-02,2013,2012,BRK-B,0.05,20,0.0,0.0
2013-01-02,2013,2012,CVX,0.05,20,0.0,0.0
2013-01-02,2013,2012,IBM,0.05,20,0.0,0.0
2013-01-02,2013,2012,JNJ,0.05,20,0.0,0.0
2013-01-02,2013,2012,PG,0.05,20,0.0,0.0
2013-01-02,2013,2012,WFC,0.05,20,0.0,0.0
2013-01-02,2013,2012,PFE,0.05,20,0.0,0.0
2013-01-02,2013,2012,JPM,0.05,20,0.0,0.0
2013-01-02,2013,2012,KO,0.05,20,0.0,0.0
2013-01-02,2013,2012,ORCL,0.05,20,0.0,0.0
2013-01-02,2013,2012,T,0.05,20,0.0,0.0
2013-01-02,2013,2012,PM,0.05,20,0.0,0.0
2013-01-02,2013,2012,GE,0.05,20,0.0,0.0
2013-01-02,2013,2012,BAC,0.05,20,0.0,0.0
2013-01-02,2013,2012,VZ,0.05,20,0.0,0.0
2013-04-01,2013,2012,AAPL,0.05,20,0.044838,2.2419
2013-04-01,2013,2012,XOM,0.05,20,0.0,0.0
2013-04-01,2013,2012,GOOGL,0.05,20,0.0,0.0
2013-04-01,2013,2012,WMT,0.05,20,0.0,0.0
2013-04-01,2013,2012,MSFT,0.05,20,0.0,0.0
2013-04-01,2013,2012,BRK-B,0.05,20,0.0,0.0
2013-04-01,2013,2012,CVX,0.05,20,0.0,0.0
2013-04-01,2013,2012,IBM,0.05,20,0.0,0.0
2013-04-01,2013,2012,JNJ,0.05,20,0.0,0.0
2013-04-01,2013,2012,PG,0.05,20,0.0,0.0
2013-04-01,2013,2012,WFC,0.05,20,0.0,0.0
2013-04-01,2013,2012,PFE,0.05,20,0.0,0.0
2013-04-01,2013,2012,JPM,0.05,20,0.0,0.0
2013-04-01,2013,2012,KO,0.05,20,0.0,0.0
2013-04-01,2013,2012,ORCL,0.05,20,0.0,0.0
2013-04-01,2013,2012,T,0.05,20,0.0,0.0
2013-04-01,2013,2012,PM,0.05,20,0.0,0.0
2013-04-01,2013,2012,GE,0.05,20,0.0,0.0
2013-04-01,2013,2012,BAC,0.05,20,0.0,0.0
2013-04-01,2013,2012,VZ,0.05,20,0.0,0.0
2013-07-01,2013,2012,AAPL,0.05,20,0.058856,2.9428
2013-07-01,2013,2012,XOM,0.05,20,0.0,0.0
2013-07-01,2013,2012,GOOGL,0.05,20,0.0,0.0
2013-07-01,2013,2012,WMT,0.05,20,0.0,0.0
2013-07-01,2013,2012,MSFT,0.05,20,0.0,0.0
2013-07-01,2013,2012,BRK-B,0.05,20,0.0,0.0
2013-07-01,2013,2012,CVX,0.05,20,0.0,0.0
2013-07-01,2013,2012,IBM,0.05,20,0.0,0.0
2013-07-01,2013,2012,JNJ,0.05,20,0.0,0.0
2013-07-01,2013,2012,PG,0.05,20,0.0,0.0
2013-07-01,2013,2012,WFC,0.05,20,0.0,0.0
2013-07-01,2013,2012,PFE,0.05,20,0.0,0.0
2013-07-01,2013,2012,JPM,0.05,20,0.0,0.0
2013-07-01,2013,2012,KO,0.05,20,0.0,0.0
2013-07-01,2013,2012,ORCL,0.05,20,0.0,0.0
2013-07-01,2013,2012,T,0.05,20,0.0,0.0
2013-07-01,2013,2012,PM,0.05,20,0.0,0.0
2013-07-01,2013,2012,GE,0.05,20,0.0,0.0
2013-07-01,2013,2012,BAC,0.05,20,0.0,0.0
2013-07-01,2013,2012,VZ,0.05,20,0.0,0.0
2013-10-01,2013,2012,AAPL,0.05,20,0.03992,1.996
2013-10-01,2013,2012,XOM,0.05,20,0.0,0.0
2013-10-01,2013,2012,GOOGL,0.05,20,0.0,0.0
2013-10-01,2013,2012,WMT,0.05,20,0.0,0.0
2013-10-01,2013,2012,MSFT,0.05,20,0.0,0.0
2013-10-01,2013,2012,BRK-B,0.05,20,0.0,0.0
2013-10-01,2013,2012,CVX,0.05,20,0.0,0.0
2013-10-01,2013,2012,IBM,0.05,20,0.0,0.0
2013-10-01,2013,2012,JNJ,0.05,20,0.0,0.0
2013-10-01,2013,2012,PG,0.05,20,0.0,0.0
2013-10-01,2013,2012,WFC,0.05,20,0.0,0.0
2013-10-01,2013,2012,PFE,0.05,20,0.0,0.0
2013-10-01,2013,2012,JPM,0.05,20,0.0,0.0
2013-10-01,2013,2012,KO,0.05,20,0.0,0.0
2013-10-01,2013,2012,ORCL,0.05,20,0.0,0.0
2013-10-01,2013,2012,T,0.05,20,0.0,0.0
2013-10-01,2013,2012,PM,0.05,20,0.0,0.0
2013-10-01,2013,2012,GE,0.05,20,0.0,0.0
2013-10-01,2013,2012,BAC,0.05,20,0.0,0.0
2013-10-01,2013,2012,VZ,0.05,20,0.0,0.0
2014-01-02,2014,2013,AAPL,0.05,20,0.236243,11.8121
2014-01-02,2014,2013,XOM,0.05,20,0.0,0.0
2014-01-02,2014,2013,GOOGL,0.05,20,0.0,0.0
2014-01-02,2014,2013,MSFT,0.05,20,0.0,0.0
2014-01-02,2014,2013,BRK-B,0.05,20,0.0,0.0
2014-01-02,2014,2013,JNJ,0.05,20,0.0,0.0
2014-01-02,2014,2013,WMT,0.05,20,0.0,0.0
2014-01-02,2014,2013,CVX,0.05,20,0.0,0.0
2014-01-02,2014,2013,WFC,0.05,20,0.0,0.0
2014-01-02,2014,2013,PG,0.05,20,0.0,0.0
2014-01-02,2014,2013,JPM,0.05,20,0.0,0.0
2014-01-02,2014,2013,IBM,0.05,20,0.0,0.0
2014-01-02,2014,2013,PFE,0.05,20,0.0,0.0
2014-01-02,2014,2013,AMZN,0.05,20,0.0,0.0
2014-01-02,2014,2013,KO,0.05,20,0.0,0.0
2014-01-02,2014,2013,ORCL,0.05,20,0.0,0.0
2014-01-02,2014,2013,GE,0.05,20,0.0,0.0
2014-01-02,2014,2013,BAC,0.05,20,0.0,0.0
2014-01-02,2014,2013,C,0.05,20,0.0,0.0
2014-01-02,2014,2013,VZ,0.05,20,0.0,0.0
2014-04-01,2014,2013,AAPL,0.05,20,0.059173,2.9586
2014-04-01,2014,2013,XOM,0.05,20,0.0,0.0
2014-04-01,2014,2013,GOOGL,0.05,20,0.0,0.0
2014-04-01,2014,2013,MSFT,0.05,20,0.0,0.0
2014-04-01,2014,2013,BRK-B,0.05,20,0.0,0.0
2014-04-01,2014,2013,JNJ,0.05,20,0.0,0.0
2014-04-01,2014,2013,WMT,0.05,20,0.0,0.0
2014-04-01,2014,2013,CVX,0.05,20,0.0,0.0
2014-04-01,2014,2013,WFC,0.05,20,0.0,0.0
2014-04-01,2014,2013,PG,0.05,20,0.0,0.0
2014-04-01,2014,2013,JPM,0.05,20,0.0,0.0
2014-04-01,2014,2013,IBM,0.05,20,0.0,0.0
2014-04-01,2014,2013,PFE,0.05,20,0.0,0.0
2014-04-01,2014,2013,AMZN,0.05,20,0.0,0.0
2014-04-01,2014,2013,KO,0.05,20,0.0,0.0
2014-04-01,2014,2013,ORCL,0.05,20,0.0,0.0
2014-04-01,2014,2013,GE,0.05,20,0.0,0.0
2014-04-01,2014,2013,BAC,0.05,20,0.0,0.0
2014-04-01,2014,2013,C,0.05,20,0.0,0.0
2014-04-01,2014,2013,VZ,0.05,20,0.0,0.0
2014-07-01,2014,2013,AAPL,0.05,20,0.052888,2.6444
2014-07-01,2014,2013,XOM,0.05,20,0.0,0.0
2014-07-01,2014,2013,GOOGL,0.05,20,0.0,0.0
2014-07-01,2014,2013,MSFT,0.05,20,0.0,0.0
2014-07-01,2014,2013,BRK-B,0.05,20,0.0,0.0
2014-07-01,2014,2013,JNJ,0.05,20,0.0,0.0
2014-07-01,2014,2013,WMT,0.05,20,0.0,0.0
2014-07-01,2014,2013,CVX,0.05,20,0.0,0.0
2014-07-01,2014,2013,WFC,0.05,20,0.0,0.0
2014-07-01,2014,2013,PG,0.05,20,0.0,0.0
2014-07-01,2014,2013,JPM,0.05,20,0.0,0.0
2014-07-01,2014,2013,IBM,0.05,20,0.0,0.0
2014-07-01,2014,2013,PFE,0.05,20,0.0,0.0
2014-07-01,2014,2013,AMZN,0.05,20,0.0,0.0
2014-07-01,2014,2013,KO,0.05,20,0.0,0.0
2014-07-01,2014,2013,ORCL,0.05,20,0.0,0.0
2014-07-01,2014,2013,GE,0.05,20,0.0,0.0
2014-07-01,2014,2013,BAC,0.05,20,0.0,0.0
2014-07-01,2014,2013,C,0.05,20,0.0,0.0
2014-07-01,2014,2013,VZ,0.05,20,0.0,0.0
2014-10-01,2014,2013,AAPL,0.05,20,0.045073,2.2536
2014-10-01,2014,2013,XOM,0.05,20,0.0,0.0
2014-10-01,2014,2013,GOOGL,0.05,20,0.0,0.0
2014-10-01,2014,2013,MSFT,0.05,20,0.0,0.0
2014-10-01,2014,2013,BRK-B,0.05,20,0.0,0.0
2014-10-01,2014,2013,JNJ,0.05,20,0.0,0.0
2014-10-01,2014,2013,WMT,0.05,20,0.0,0.0
2014-10-01,2014,2013,CVX,0.05,20,0.0,0.0
2014-10-01,2014,2013,WFC,0.05,20,0.0,0.0
2014-10-01,2014,2013,PG,0.05,20,0.0,0.0
2014-10-01,2014,2013,JPM,0.05,20,0.0,0.0
2014-10-01,2014,2013,IBM,0.05,20,0.0,0.0
2014-10-01,2014,2013,PFE,0.05,20,0.0,0.0
2014-10-01,2014,2013,AMZN,0.05,20,0.0,0.0
2014-10-01,2014,2013,KO,0.05,20,0.0,0.0
2014-10-01,2014,2013,ORCL,0.05,20,0.0,0.0
2014-10-01,2014,2013,GE,0.05,20,0.0,0.0
2014-10-01,2014,2013,BAC,0.05,20,0.0,0.0
2014-10-01,2014,2013,C,0.05,20,0.0,0.0
2014-10-01,2014,2013,VZ,0.05,20,0.0,0.0
2015-01-02,2015,2014,AAPL,0.05,20,0.336939,16.8469
2015-01-02,2015,2014,XOM,0.05,20,0.0,0.0
2015-01-02,2015,2014,MSFT,0.05,20,0.0,0.0
2015-01-02,2015,2014,BRK-B,0.05,20,0.0,0.0
2015-01-02,2015,2014,GOOGL,0.05,20,0.0,0.0
2015-01-02,2015,2014,JNJ,0.05,20,0.0,0.0
2015-01-02,2015,2014,WFC,0.05,20,0.0,0.0
2015-01-02,2015,2014,WMT,0.05,20,0.0,0.0
2015-01-02,2015,2014,PG,0.05,20,0.0,0.0
2015-01-02,2015,2014,JPM,0.05,20,0.0,0.0
2015-01-02,2015,2014,META,0.05,20,0.0,0.0
2015-01-02,2015,2014,CVX,0.05,20,0.0,0.0
2015-01-02,2015,2014,ORCL,0.05,20,0.0,0.0
2015-01-02,2015,2014,VZ,0.05,20,0.0,0.0
2015-01-02,2015,2014,BAC,0.05,20,0.0,0.0
2015-01-02,2015,2014,PFE,0.05,20,0.0,0.0
2015-01-02,2015,2014,KO,0.05,20,0.0,0.0
2015-01-02,2015,2014,INTC,0.05,20,0.0,0.0
2015-01-02,2015,2014,C,0.05,20,0.0,0.0
2015-01-02,2015,2014,DIS,0.05,20,0.0,0.0
2015-04-01,2015,2014,AAPL,0.05,20,0.065115,3.2557
2015-04-01,2015,2014,XOM,0.05,20,0.0,0.0
2015-04-01,2015,2014,MSFT,0.05,20,0.0,0.0
2015-04-01,2015,2014,BRK-B,0.05,20,0.0,0.0
2015-04-01,2015,2014,GOOGL,0.05,20,0.0,0.0
2015-04-01,2015,2014,JNJ,0.05,20,0.0,0.0
2015-04-01,2015,2014,WFC,0.05,20,0.0,0.0
2015-04-01,2015,2014,WMT,0.05,20,0.0,0.0
2015-04-01,2015,2014,PG,0.05,20,0.0,0.0
2015-04-01,2015,2014,JPM,0.05,20,0.0,0.0
2015-04-01,2015,2014,META,0.05,20,0.0,0.0
2015-04-01,2015,2014,CVX,0.05,20,0.0,0.0
2015-04-01,2015,2014,ORCL,0.05,20,0.0,0.0
2015-04-01,2015,2014,VZ,0.05,20,0.0,0.0
2015-04-01,2015,2014,BAC,0.05,20,0.0,0.0
2015-04-01,2015,2014,PFE,0.05,20,0.0,0.0
2015-04-01,2015,2014,KO,0.05,20,0.0,0.0
2015-04-01,2015,2014,INTC,0.05,20,0.0,0.0
2015-04-01,2015,2014,C,0.05,20,0.0,0.0
2015-04-01,2015,2014,DIS,0.05,20,0.0,0.0
2015-07-01,2015,2014,AAPL,0.05,20,0.056126,2.8063
2015-07-01,2015,2014,XOM,0.05,20,0.0,0.0
2015-07-01,2015,2014,MSFT,0.05,20,0.0,0.0
2015-07-01,2015,2014,BRK-B,0.05,20,0.0,0.0
2015-07-01,2015,2014,GOOGL,0.05,20,0.0,0.0
2015-07-01,2015,2014,JNJ,0.05,20,0.0,0.0
2015-07-01,2015,2014,WFC,0.05,20,0.0,0.0
2015-07-01,2015,2014,WMT,0.05,20,0.0,0.0
2015-07-01,2015,2014,PG,0.05,20,0.0,0.0
2015-07-01,2015,2014,JPM,0.05,20,0.0,0.0
2015-07-01,2015,2014,META,0.05,20,0.0,0.0
2015-07-01,2015,2014,CVX,0.05,20,0.0,0.0
2015-07-01,2015,2014,ORCL,0.05,20,0.0,0.0
2015-07-01,2015,2014,VZ,0.05,20,0.0,0.0
2015-07-01,2015,2014,BAC,0.05,20,0.0,0.0
2015-07-01,2015,2014,PFE,0.05,20,0.0,0.0
2015-07-01,2015,2014,KO,0.05,20,0.0,0.0
2015-07-01,2015,2014,INTC,0.05,20,0.0,0.0
2015-07-01,2015,2014,C,0.05,20,0.0,0.0
2015-07-01,2015,2014,DIS,0.05,20,0.0,0.0
2015-10-01,2015,2014,AAPL,0.05,20,0.057788,2.8894
2015-10-01,2015,2014,XOM,0.05,20,0.0,0.0
2015-10-01,2015,2014,MSFT,0.05,20,0.0,0.0
2015-10-01,2015,2014,BRK-B,0.05,20,0.0,0.0
2015-10-01,2015,2014,GOOGL,0.05,20,0.0,0.0
2015-10-01,2015,2014,JNJ,0.05,20,0.0,0.0
2015-10-01,2015,2014,WFC,0.05,20,0.0,0.0
2015-10-01,2015,2014,WMT,0.05,20,0.0,0.0
2015-10-01,2015,2014,PG,0.05,20,0.0,0.0
2015-10-01,2015,2014,JPM,0.05,20,0.0,0.0
2015-10-01,2015,2014,META,0.05,20,0.0,0.0
2015-10-01,2015,2014,CVX,0.05,20,0.0,0.0
2015-10-01,2015,2014,ORCL,0.05,20,0.0,0.0
2015-10-01,2015,2014,VZ,0.05,20,0.0,0.0
2015-10-01,2015,2014,BAC,0.05,20,0.0,0.0
2015-10-01,2015,2014,PFE,0.05,20,0.0,0.0
2015-10-01,2015,2014,KO,0.05,20,0.0,0.0
2015-10-01,2015,2014,INTC,0.05,20,0.0,0.0
2015-10-01,2015,2014,C,0.05,20,0.0,0.0
2015-10-01,2015,2014,DIS,0.05,20,0.0,0.0
2016-01-04,2016,2015,AAPL,0.05,20,0.344557,17.2278
2016-01-04,2016,2015,GOOGL,0.05,20,0.0,0.0
2016-01-04,2016,2015,MSFT,0.05,20,0.0,0.0
2016-01-04,2016,2015,BRK-B,0.05,20,0.0,0.0
2016-01-04,2016,2015,XOM,0.05,20,0.0,0.0
2016-01-04,2016,2015,AMZN,0.05,20,0.0,0.0
2016-01-04,2016,2015,META,0.05,20,0.0,0.0
2016-01-04,2016,2015,JNJ,0.05,20,0.0,0.0
2016-01-04,2016,2015,WFC,0.05,20,0.0,0.0
2016-01-04,2016,2015,JPM,0.05,20,0.0,0.0
2016-01-04,2016,2015,PG,0.05,20,0.0,0.0
2016-01-04,2016,2015,WMT,0.05,20,0.0,0.0
2016-01-04,2016,2015,PFE,0.05,20,0.0,0.0
2016-01-04,2016,2015,VZ,0.05,20,0.0,0.0
2016-01-04,2016,2015,KO,0.05,20,0.0,0.0
2016-01-04,2016,2015,V,0.05,20,0.0,0.0
2016-01-04,2016,2015,GE,0.05,20,0.0,0.0
2016-01-04,2016,2015,BAC,0.05,20,0.0,0.0
2016-01-04,2016,2015,DIS,0.05,20,0.0,0.0
2016-01-04,2016,2015,CVX,0.05,20,0.0,0.0
2016-04-01,2016,2015,AAPL,0.05,20,0.076397,3.8198
2016-04-01,2016,2015,GOOGL,0.05,20,0.0,0.0
2016-04-01,2016,2015,MSFT,0.05,20,0.0,0.0
2016-04-01,2016,2015,BRK-B,0.05,20,0.0,0.0
2016-04-01,2016,2015,XOM,0.05,20,0.0,0.0
2016-04-01,2016,2015,AMZN,0.05,20,0.0,0.0
2016-04-01,2016,2015,META,0.05,20,0.0,0.0
2016-04-01,2016,2015,JNJ,0.05,20,0.0,0.0
2016-04-01,2016,2015,WFC,0.05,20,0.0,0.0
2016-04-01,2016,2015,JPM,0.05,20,0.0,0.0
2016-04-01,2016,2015,PG,0.05,20,0.0,0.0
2016-04-01,2016,2015,WMT,0.05,20,0.0,0.0
2016-04-01,2016,2015,PFE,0.05,20,0.0,0.0
2016-04-01,2016,2015,VZ,0.05,20,0.0,0.0
2016-04-01,2016,2015,KO,0.05,20,0.0,0.0
2016-04-01,2016,2015,V,0.05,20,0.0,0.0
2016-04-01,2016,2015,GE,0.05,20,0.0,0.0
2016-04-01,2016,2015,BAC,0.05,20,0.0,0.0
2016-04-01,2016,2015,DIS,0.05,20,0.0,0.0
2016-04-01,2016,2015,CVX,0.05,20,0.0,0.0
2016-07-01,2016,2015,AAPL,0.05,20,0.066902,3.3451
2016-07-01,2016,2015,GOOGL,0.05,20,0.0,0.0
2016-07-01,2016,2015,MSFT,0.05,20,0.0,0.0
2016-07-01,2016,2015,BRK-B,0.05,20,0.0,0.0
2016-07-01,2016,2015,XOM,0.05,20,0.0,0.0
2016-07-01,2016,2015,AMZN,0.05,20,0.0,0.0
2016-07-01,2016,2015,META,0.05,20,0.0,0.0
2016-07-01,2016,2015,JNJ,0.05,20,0.0,0.0
2016-07-01,2016,2015,WFC,0.05,20,0.0,0.0
2016-07-01,2016,2015,JPM,0.05,20,0.0,0.0
2016-07-01,2016,2015,PG,0.05,20,0.0,0.0
2016-07-01,2016,2015,WMT,0.05,20,0.0,0.0
2016-07-01,2016,2015,PFE,0.05,20,0.0,0.0
2016-07-01,2016,2015,VZ,0.05,20,0.0,0.0
2016-07-01,2016,2015,KO,0.05,20,0.0,0.0
2016-07-01,2016,2015,V,0.05,20,0.0,0.0
2016-07-01,2016,2015,GE,0.05,20,0.0,0.0
2016-07-01,2016,2015,BAC,0.05,20,0.0,0.0
2016-07-01,2016,2015,DIS,0.05,20,0.0,0.0
2016-07-01,2016,2015,CVX,0.05,20,0.0,0.0
2016-10-03,2016,2015,AAPL,0.05,20,0.080986,4.0493
2016-10-03,2016,2015,GOOGL,0.05,20,0.0,0.0
2016-10-03,2016,2015,MSFT,0.05,20,0.0,0.0
2016-10-03,2016,2015,BRK-B,0.05,20,0.0,0.0
2016-10-03,2016,2015,XOM,0.05,20,0.0,0.0
2016-10-03,2016,2015,AMZN,0.05,20,0.0,0.0
2016-10-03,2016,2015,META,0.05,20,0.0,0.0
2016-10-03,2016,2015,JNJ,0.05,20,0.0,0.0
2016-10-03,2016,2015,WFC,0.05,20,0.0,0.0
2016-10-03,2016,2015,JPM,0.05,20,0.0,0.0
2016-10-03,2016,2015,PG,0.05,20,0.0,0.0
2016-10-03,2016,2015,WMT,0.05,20,0.0,0.0
2016-10-03,2016,2015,PFE,0.05,20,0.0,0.0
2016-10-03,2016,2015,VZ,0.05,20,0.0,0.0
2016-10-03,2016,2015,KO,0.05,20,0.0,0.0
2016-10-03,2016,2015,V,0.05,20,0.0,0.0
2016-10-03,2016,2015,GE,0.05,20,0.0,0.0
2016-10-03,2016,2015,BAC,0.05,20,0.0,0.0
2016-10-03,2016,2015,DIS,0.05,20,0.0,0.0
2016-10-03,2016,2015,CVX,0.05,20,0.0,0.0
2017-01-03,2017,2016,AAPL,0.05,20,0.299685,14.9843
2017-01-03,2017,2016,GOOGL,0.05,20,0.0,0.0
2017-01-03,2017,2016,MSFT,0.05,20,0.0,0.0
2017-01-03,2017,2016,BRK-B,0.05,20,0.0,0.0
2017-01-03,2017,2016,XOM,0.05,20,0.0,0.0
2017-01-03,2017,2016,AMZN,0.05,20,0.0,0.0
2017-01-03,2017,2016,META,0.05,20,0.0,0.0
2017-01-03,2017,2016,JNJ,0.05,20,0.0,0.0
2017-01-03,2017,2016,JPM,0.05,20,0.0,0.0
2017-01-03,2017,2016,WFC,0.05,20,0.0,0.0
2017-01-03,2017,2016,PG,0.05,20,0.0,0.0
2017-01-03,2017,2016,BAC,0.05,20,0.0,0.0
2017-01-03,2017,2016,CVX,0.05,20,0.0,0.0
2017-01-03,2017,2016,VZ,0.05,20,0.0,0.0
2017-01-03,2017,2016,WMT,0.05,20,0.0,0.0
2017-01-03,2017,2016,T,0.05,20,0.0,0.0
2017-01-03,2017,2016,PFE,0.05,20,0.0,0.0
2017-01-03,2017,2016,V,0.05,20,0.0,0.0
2017-01-03,2017,2016,KO,0.05,20,0.0,0.0
2017-01-03,2017,2016,INTC,0.05,20,0.0,0.0
2017-04-03,2017,2016,AAPL,0.05,20,0.063347,3.1674
2017-04-03,2017,2016,GOOGL,0.05,20,0.0,0.0
2017-04-03,2017,2016,MSFT,0.05,20,0.0,0.0
2017-04-03,2017,2016,BRK-B,0.05,20,0.0,0.0
2017-04-03,2017,2016,XOM,0.05,20,0.0,0.0
2017-04-03,2017,2016,AMZN,0.05,20,0.0,0.0
2017-04-03,2017,2016,META,0.05,20,0.0,0.0
2017-04-03,2017,2016,JNJ,0.05,20,0.0,0.0
2017-04-03,2017,2016,JPM,0.05,20,0.0,0.0
2017-04-03,2017,2016,WFC,0.05,20,0.0,0.0
2017-04-03,2017,2016,PG,0.05,20,0.0,0.0
2017-04-03,2017,2016,BAC,0.05,20,0.0,0.0
2017-04-03,2017,2016,CVX,0.05,20,0.0,0.0
2017-04-03,2017,2016,VZ,0.05,20,0.0,0.0
2017-04-03,2017,2016,WMT,0.05,20,0.0,0.0
2017-04-03,2017,2016,T,0.05,20,0.0,0.0
2017-04-03,2017,2016,PFE,0.05,20,0.0,0.0
2017-04-03,2017,2016,V,0.05,20,0.0,0.0
2017-04-03,2017,2016,KO,0.05,20,0.0,0.0
2017-04-03,2017,2016,INTC,0.05,20,0.0,0.0
2017-07-03,2017,2016,AAPL,0.05,20,0.042655,2.1327
2017-07-03,2017,2016,GOOGL,0.05,20,0.0,0.0
2017-07-03,2017,2016,MSFT,0.05,20,0.0,0.0
2017-07-03,2017,2016,BRK-B,0.05,20,0.0,0.0
2017-07-03,2017,2016,XOM,0.05,20,0.0,0.0
2017-07-03,2017,2016,AMZN,0.05,20,0.0,0.0
2017-07-03,2017,2016,META,0.05,20,0.0,0.0
2017-07-03,2017,2016,JNJ,0.05,20,0.0,0.0
2017-07-03,2017,2016,JPM,0.05,20,0.0,0.0
2017-07-03,2017,2016,WFC,0.05,20,0.0,0.0
2017-07-03,2017,2016,PG,0.05,20,0.0,0.0
2017-07-03,2017,2016,BAC,0.05,20,0.0,0.0
2017-07-03,2017,2016,CVX,0.05,20,0.0,0.0
2017-07-03,2017,2016,VZ,0.05,20,0.0,0.0
2017-07-03,2017,2016,WMT,0.05,20,0.0,0.0
2017-07-03,2017,2016,T,0.05,20,0.0,0.0
2017-07-03,2017,2016,PFE,0.05,20,0.0,0.0
2017-07-03,2017,2016,V,0.05,20,0.0,0.0
2017-07-03,2017,2016,KO,0.05,20,0.0,0.0
2017-07-03,2017,2016,INTC,0.05,20,0.0,0.0
2017-10-02,2017,2016,AAPL,0.05,20,0.036701,1.8351
2017-10-02,2017,2016,GOOGL,0.05,20,0.0,0.0
2017-10-02,2017,2016,MSFT,0.05,20,0.0,0.0
2017-10-02,2017,2016,BRK-B,0.05,20,0.0,0.0
2017-10-02,2017,2016,XOM,0.05,20,0.0,0.0
2017-10-02,2017,2016,AMZN,0.05,20,0.0,0.0
2017-10-02,2017,2016,META,0.05,20,0.0,0.0
2017-10-02,2017,2016,JNJ,0.05,20,0.0,0.0
2017-10-02,2017,2016,JPM,0.05,20,0.0,0.0
2017-10-02,2017,2016,WFC,0.05,20,0.0,0.0
2017-10-02,2017,2016,PG,0.05,20,0.0,0.0
2017-10-02,2017,2016,BAC,0.05,20,0.0,0.0
2017-10-02,2017,2016,CVX,0.05,20,0.0,0.0
2017-10-02,2017,2016,VZ,0.05,20,0.0,0.0
2017-10-02,2017,2016,WMT,0.05,20,0.0,0.0
2017-10-02,2017,2016,T,0.05,20,0.0,0.0
2017-10-02,2017,2016,PFE,0.05,20,0.0,0.0
2017-10-02,2017,2016,V,0.05,20,0.0,0.0
2017-10-02,2017,2016,KO,0.05,20,0.0,0.0
2017-10-02,2017,2016,INTC,0.05,20,0.0,0.0
2018-01-02,2018,2017,AAPL,0.05,20,0.236916,11.8458
2018-01-02,2018,2017,GOOGL,0.05,20,0.0,0.0
2018-01-02,2018,2017,MSFT,0.05,20,0.0,0.0
2018-01-02,2018,2017,AMZN,0.05,20,0.0,0.0
2018-01-02,2018,2017,META,0.05,20,0.0,0.0
2018-01-02,2018,2017,BRK-B,0.05,20,0.0,0.0
2018-01-02,2018,2017,JNJ,0.05,20,0.0,0.0
2018-01-02,2018,2017,JPM,0.05,20,0.0,0.0
2018-01-02,2018,2017,XOM,0.05,20,0.0,0.0
2018-01-02,2018,2017,BAC,0.05,20,0.0,0.0
2018-01-02,2018,2017,WFC,0.05,20,0.0,0.0
2018-01-02,2018,2017,WMT,0.05,20,0.0,0.0
2018-01-02,2018,2017,V,0.05,20,0.0,0.0
2018-01-02,2018,2017,CVX,0.05,20,0.0,0.0
2018-01-02,2018,2017,PG,0.05,20,0.0,0.0
2018-01-02,2018,2017,HD,0.05,20,0.0,0.0
2018-01-02,2018,2017,INTC,0.05,20,0.0,0.0
2018-01-02,2018,2017,VZ,0.05,20,0.0,0.0
2018-01-02,2018,2017,UNH,0.05,20,0.0,0.0
2018-01-02,2018,2017,PFE,0.05,20,0.0,0.0
2018-04-02,2018,2017,AAPL,0.05,20,0.071092,3.5546
2018-04-02,2018,2017,GOOGL,0.05,20,0.0,0.0
2018-04-02,2018,2017,MSFT,0.05,20,0.0,0.0
2018-04-02,2018,2017,AMZN,0.05,20,0.0,0.0
2018-04-02,2018,2017,META,0.05,20,0.0,0.0
2018-04-02,2018,2017,BRK-B,0.05,20,0.0,0.0
2018-04-02,2018,2017,JNJ,0.05,20,0.0,0.0
2018-04-02,2018,2017,JPM,0.05,20,0.0,0.0
2018-04-02,2018,2017,XOM,0.05,20,0.0,0.0
2018-04-02,2018,2017,BAC,0.05,20,0.0,0.0
2018-04-02,2018,2017,WFC,0.05,20,0.0,0.0
2018-04-02,2018,2017,WMT,0.05,20,0.0,0.0
2018-04-02,2018,2017,V,0.05,20,0.0,0.0
2018-04-02,2018,2017,CVX,0.05,20,0.0,0.0
2018-04-02,2018,2017,PG,0.05,20,0.0,0.0
2018-04-02,2018,2017,HD,0.05,20,0.0,0.0
2018-04-02,2018,2017,INTC,0.05,20,0.0,0.0
2018-04-02,2018,2017,VZ,0.05,20,0.0,0.0
2018-04-02,2018,2017,UNH,0.05,20,0.0,0.0
2018-04-02,2018,2017,PFE,0.05,20,0.0,0.0
2018-07-02,2018,2017,AAPL,0.05,20,0.06777,3.3885
2018-07-02,2018,2017,GOOGL,0.05,20,0.0,0.0
2018-07-02,2018,2017,MSFT,0.05,20,0.0,0.0
2018-07-02,2018,2017,AMZN,0.05,20,0.0,0.0
2018-07-02,2018,2017,META,0.05,20,0.0,0.0
2018-07-02,2018,2017,BRK-B,0.05,20,0.0,0.0
2018-07-02,2018,2017,JNJ,0.05,20,0.0,0.0
2018-07-02,2018,2017,JPM,0.05,20,0.0,0.0
2018-07-02,2018,2017,XOM,0.05,20,0.0,0.0
2018-07-02,2018,2017,BAC,0.05,20,0.0,0.0
2018-07-02,2018,2017,WFC,0.05,20,0.0,0.0
2018-07-02,2018,2017,WMT,0.05,20,0.0,0.0
2018-07-02,2018,2017,V,0.05,20,0.0,0.0
2018-07-02,2018,2017,CVX,0.05,20,0.0,0.0
2018-07-02,2018,2017,PG,0.05,20,0.0,0.0
2018-07-02,2018,2017,HD,0.05,20,0.0,0.0
2018-07-02,2018,2017,INTC,0.05,20,0.0,0.0
2018-07-02,2018,2017,VZ,0.05,20,0.0,0.0
2018-07-02,2018,2017,UNH,0.05,20,0.0,0.0
2018-07-02,2018,2017,PFE,0.05,20,0.0,0.0
2018-10-01,2018,2017,AAPL,0.05,20,0.064353,3.2176
2018-10-01,2018,2017,GOOGL,0.05,20,0.0,0.0
2018-10-01,2018,2017,MSFT,0.05,20,0.0,0.0
2018-10-01,2018,2017,AMZN,0.05,20,0.0,0.0
2018-10-01,2018,2017,META,0.05,20,0.0,0.0
2018-10-01,2018,2017,BRK-B,0.05,20,0.0,0.0
2018-10-01,2018,2017,JNJ,0.05,20,0.0,0.0
2018-10-01,2018,2017,JPM,0.05,20,0.0,0.0
2018-10-01,2018,2017,XOM,0.05,20,0.0,0.0
2018-10-01,2018,2017,BAC,0.05,20,0.0,0.0
2018-10-01,2018,2017,WFC,0.05,20,0.0,0.0
2018-10-01,2018,2017,WMT,0.05,20,0.0,0.0
2018-10-01,2018,2017,V,0.05,20,0.0,0.0
2018-10-01,2018,2017,CVX,0.05,20,0.0,0.0
2018-10-01,2018,2017,PG,0.05,20,0.0,0.0
2018-10-01,2018,2017,HD,0.05,20,0.0,0.0
2018-10-01,2018,2017,INTC,0.05,20,0.0,0.0
2018-10-01,2018,2017,VZ,0.05,20,0.0,0.0
2018-10-01,2018,2017,UNH,0.05,20,0.0,0.0
2018-10-01,2018,2017,PFE,0.05,20,0.0,0.0
2019-01-02,2019,2018,MSFT,0.05,20,0.180548,9.0274
2019-01-02,2019,2018,AAPL,0.05,20,0.0,0.0
2019-01-02,2019,2018,AMZN,0.05,20,0.0,0.0
2019-01-02,2019,2018,GOOGL,0.05,20,0.0,0.0
2019-01-02,2019,2018,BRK-B,0.05,20,0.0,0.0
2019-01-02,2019,2018,META,0.05,20,0.0,0.0
2019-01-02,2019,2018,JNJ,0.05,20,0.0,0.0
2019-01-02,2019,2018,JPM,0.05,20,0.0,0.0
2019-01-02,2019,2018,V,0.05,20,0.0,0.0
2019-01-02,2019,2018,XOM,0.05,20,0.0,0.0
2019-01-02,2019,2018,WMT,0.05,20,0.0,0.0
2019-01-02,2019,2018,UNH,0.05,20,0.0,0.0
2019-01-02,2019,2018,BAC,0.05,20,0.0,0.0
2019-01-02,2019,2018,PFE,0.05,20,0.0,0.0
2019-01-02,2019,2018,VZ,0.05,20,0.0,0.0
2019-01-02,2019,2018,PG,0.05,20,0.0,0.0
2019-01-02,2019,2018,INTC,0.05,20,0.0,0.0
2019-01-02,2019,2018,WFC,0.05,20,0.0,0.0
2019-01-02,2019,2018,CVX,0.05,20,0.0,0.0
2019-01-02,2019,2018,KO,0.05,20,0.0,0.0
2019-04-01,2019,2018,MSFT,0.05,20,0.063938,3.1969
2019-04-01,2019,2018,AAPL,0.05,20,0.0,0.0
2019-04-01,2019,2018,AMZN,0.05,20,0.0,0.0
2019-04-01,2019,2018,GOOGL,0.05,20,0.0,0.0
2019-04-01,2019,2018,BRK-B,0.05,20,0.0,0.0
2019-04-01,2019,2018,META,0.05,20,0.0,0.0
2019-04-01,2019,2018,JNJ,0.05,20,0.0,0.0
2019-04-01,2019,2018,JPM,0.05,20,0.0,0.0
2019-04-01,2019,2018,V,0.05,20,0.0,0.0
2019-04-01,2019,2018,XOM,0.05,20,0.0,0.0
2019-04-01,2019,2018,WMT,0.05,20,0.0,0.0
2019-04-01,2019,2018,UNH,0.05,20,0.0,0.0
2019-04-01,2019,2018,BAC,0.05,20,0.0,0.0
2019-04-01,2019,2018,PFE,0.05,20,0.0,0.0
2019-04-01,2019,2018,VZ,0.05,20,0.0,0.0
2019-04-01,2019,2018,PG,0.05,20,0.0,0.0
2019-04-01,2019,2018,INTC,0.05,20,0.0,0.0
2019-04-01,2019,2018,WFC,0.05,20,0.0,0.0
2019-04-01,2019,2018,CVX,0.05,20,0.0,0.0
2019-04-01,2019,2018,KO,0.05,20,0.0,0.0
2019-07-01,2019,2018,MSFT,0.05,20,0.056567,2.8283
2019-07-01,2019,2018,AAPL,0.05,20,0.0,0.0
2019-07-01,2019,2018,AMZN,0.05,20,0.0,0.0
2019-07-01,2019,2018,GOOGL,0.05,20,0.0,0.0
2019-07-01,2019,2018,BRK-B,0.05,20,0.0,0.0
2019-07-01,2019,2018,META,0.05,20,0.0,0.0
2019-07-01,2019,2018,JNJ,0.05,20,0.0,0.0
2019-07-01,2019,2018,JPM,0.05,20,0.0,0.0
2019-07-01,2019,2018,V,0.05,20,0.0,0.0
2019-07-01,2019,2018,XOM,0.05,20,0.0,0.0
2019-07-01,2019,2018,WMT,0.05,20,0.0,0.0
2019-07-01,2019,2018,UNH,0.05,20,0.0,0.0
2019-07-01,2019,2018,BAC,0.05,20,0.0,0.0
2019-07-01,2019,2018,PFE,0.05,20,0.0,0.0
2019-07-01,2019,2018,VZ,0.05,20,0.0,0.0
2019-07-01,2019,2018,PG,0.05,20,0.0,0.0
2019-07-01,2019,2018,INTC,0.05,20,0.0,0.0
2019-07-01,2019,2018,WFC,0.05,20,0.0,0.0
2019-07-01,2019,2018,CVX,0.05,20,0.0,0.0
2019-07-01,2019,2018,KO,0.05,20,0.0,0.0
2019-10-01,2019,2018,MSFT,0.05,20,0.074399,3.72
2019-10-01,2019,2018,AAPL,0.05,20,0.0,0.0
2019-10-01,2019,2018,AMZN,0.05,20,0.0,0.0
2019-10-01,2019,2018,GOOGL,0.05,20,0.0,0.0
2019-10-01,2019,2018,BRK-B,0.05,20,0.0,0.0
2019-10-01,2019,2018,META,0.05,20,0.0,0.0
2019-10-01,2019,2018,JNJ,0.05,20,0.0,0.0
2019-10-01,2019,2018,JPM,0.05,20,0.0,0.0
2019-10-01,2019,2018,V,0.05,20,0.0,0.0
2019-10-01,2019,2018,XOM,0.05,20,0.0,0.0
2019-10-01,2019,2018,WMT,0.05,20,0.0,0.0
2019-10-01,2019,2018,UNH,0.05,20,0.0,0.0
2019-10-01,2019,2018,BAC,0.05,20,0.0,0.0
2019-10-01,2019,2018,PFE,0.05,20,0.0,0.0
2019-10-01,2019,2018,VZ,0.05,20,0.0,0.0
2019-10-01,2019,2018,PG,0.05,20,0.0,0.0
2019-10-01,2019,2018,INTC,0.05,20,0.0,0.0
2019-10-01,2019,2018,WFC,0.05,20,0.0,0.0
2019-10-01,2019,2018,CVX,0.05,20,0.0,0.0
2019-10-01,2019,2018,KO,0.05,20,0.0,0.0
2020-01-02,2020,2019,AAPL,0.05,20,0.355467,17.7733
2020-01-02,2020,2019,MSFT,0.05,20,0.0,0.0
2020-01-02,2020,2019,GOOGL,0.05,20,0.0,0.0
2020-01-02,2020,2019,AMZN,0.05,20,0.0,0.0
2020-01-02,2020,2019,META,0.05,20,0.0,0.0
2020-01-02,2020,2019,BRK-B,0.05,20,0.0,0.0
2020-01-02,2020,2019,JPM,0.05,20,0.0,0.0
2020-01-02,2020,2019,V,0.05,20,0.0,0.0
2020-01-02,2020,2019,JNJ,0.05,20,0.0,0.0
2020-01-02,2020,2019,WMT,0.05,20,0.0,0.0
2020-01-02,2020,2019,BAC,0.05,20,0.0,0.0
2020-01-02,2020,2019,PG,0.05,20,0.0,0.0
2020-01-02,2020,2019,MA,0.05,20,0.0,0.0
2020-01-02,2020,2019,XOM,0.05,20,0.0,0.0
2020-01-02,2020,2019,UNH,0.05,20,0.0,0.0
2020-01-02,2020,2019,DIS,0.05,20,0.0,0.0
2020-01-02,2020,2019,INTC,0.05,20,0.0,0.0
2020-01-02,2020,2019,VZ,0.05,20,0.0,0.0
2020-01-02,2020,2019,HD,0.05,20,0.0,0.0
2020-01-02,2020,2019,KO,0.05,20,0.0,0.0
2020-04-01,2020,2019,AAPL,0.05,20,0.112593,5.6297
2020-04-01,2020,2019,MSFT,0.05,20,0.0,0.0
2020-04-01,2020,2019,GOOGL,0.05,20,0.0,0.0
2020-04-01,2020,2019,AMZN,0.05,20,0.0,0.0
2020-04-01,2020,2019,META,0.05,20,0.0,0.0
2020-04-01,2020,2019,BRK-B,0.05,20,0.0,0.0
2020-04-01,2020,2019,JPM,0.05,20,0.0,0.0
2020-04-01,2020,2019,V,0.05,20,0.0,0.0
2020-04-01,2020,2019,JNJ,0.05,20,0.0,0.0
2020-04-01,2020,2019,WMT,0.05,20,0.0,0.0
2020-04-01,2020,2019,BAC,0.05,20,0.0,0.0
2020-04-01,2020,2019,PG,0.05,20,0.0,0.0
2020-04-01,2020,2019,MA,0.05,20,0.0,0.0
2020-04-01,2020,2019,XOM,0.05,20,0.0,0.0
2020-04-01,2020,2019,UNH,0.05,20,0.0,0.0
2020-04-01,2020,2019,DIS,0.05,20,0.0,0.0
2020-04-01,2020,2019,INTC,0.05,20,0.0,0.0
2020-04-01,2020,2019,VZ,0.05,20,0.0,0.0
2020-04-01,2020,2019,HD,0.05,20,0.0,0.0
2020-04-01,2020,2019,KO,0.05,20,0.0,0.0
2020-07-01,2020,2019,AAPL,0.05,20,0.092373,4.6187
2020-07-01,2020,2019,MSFT,0.05,20,0.0,0.0
2020-07-01,2020,2019,GOOGL,0.05,20,0.0,0.0
2020-07-01,2020,2019,AMZN,0.05,20,0.0,0.0
2020-07-01,2020,2019,META,0.05,20,0.0,0.0
2020-07-01,2020,2019,BRK-B,0.05,20,0.0,0.0
2020-07-01,2020,2019,JPM,0.05,20,0.0,0.0
2020-07-01,2020,2019,V,0.05,20,0.0,0.0
2020-07-01,2020,2019,JNJ,0.05,20,0.0,0.0
2020-07-01,2020,2019,WMT,0.05,20,0.0,0.0
2020-07-01,2020,2019,BAC,0.05,20,0.0,0.0
2020-07-01,2020,2019,PG,0.05,20,0.0,0.0
2020-07-01,2020,2019,MA,0.05,20,0.0,0.0
2020-07-01,2020,2019,XOM,0.05,20,0.0,0.0
2020-07-01,2020,2019,UNH,0.05,20,0.0,0.0
2020-07-01,2020,2019,DIS,0.05,20,0.0,0.0
2020-07-01,2020,2019,INTC,0.05,20,0.0,0.0
2020-07-01,2020,2019,VZ,0.05,20,0.0,0.0
2020-07-01,2020,2019,HD,0.05,20,0.0,0.0
2020-07-01,2020,2019,KO,0.05,20,0.0,0.0
2020-10-01,2020,2019,AAPL,0.05,20,0.072849,3.6425
2020-10-01,2020,2019,MSFT,0.05,20,0.0,0.0
2020-10-01,2020,2019,GOOGL,0.05,20,0.0,0.0
2020-10-01,2020,2019,AMZN,0.05,20,0.0,0.0
2020-10-01,2020,2019,META,0.05,20,0.0,0.0
2020-10-01,2020,2019,BRK-B,0.05,20,0.0,0.0
2020-10-01,2020,2019,JPM,0.05,20,0.0,0.0
2020-10-01,2020,2019,V,0.05,20,0.0,0.0
2020-10-01,2020,2019,JNJ,0.05,20,0.0,0.0
2020-10-01,2020,2019,WMT,0.05,20,0.0,0.0
2020-10-01,2020,2019,BAC,0.05,20,0.0,0.0
2020-10-01,2020,2019,PG,0.05,20,0.0,0.0
2020-10-01,2020,2019,MA,0.05,20,0.0,0.0
2020-10-01,2020,2019,XOM,0.05,20,0.0,0.0
2020-10-01,2020,2019,UNH,0.05,20,0.0,0.0
2020-10-01,2020,2019,DIS,0.05,20,0.0,0.0
2020-10-01,2020,2019,INTC,0.05,20,0.0,0.0
2020-10-01,2020,2019,VZ,0.05,20,0.0,0.0
2020-10-01,2020,2019,HD,0.05,20,0.0,0.0
2020-10-01,2020,2019,KO,0.05,20,0.0,0.0
2021-01-04,2021,2020,AAPL,0.05,20,0.373335,18.6667
2021-01-04,2021,2020,MSFT,0.05,20,0.0,0.0
2021-01-04,2021,2020,AMZN,0.05,20,0.0,0.0
2021-01-04,2021,2020,GOOGL,0.05,20,0.0,0.0
2021-01-04,2021,2020,META,0.05,20,0.0,0.0
2021-01-04,2021,2020,TSLA,0.05,20,0.0,0.0
2021-01-04,2021,2020,BRK-B,0.05,20,0.0,0.0
2021-01-04,2021,2020,V,0.05,20,0.0,0.0
2021-01-04,2021,2020,JNJ,0.05,20,0.0,0.0
2021-01-04,2021,2020,WMT,0.05,20,0.0,0.0
2021-01-04,2021,2020,JPM,0.05,20,0.0,0.0
2021-01-04,2021,2020,MA,0.05,20,0.0,0.0
2021-01-04,2021,2020,PG,0.05,20,0.0,0.0
2021-01-04,2021,2020,UNH,0.05,20,0.0,0.0
2021-01-04,2021,2020,NVDA,0.05,20,0.0,0.0
2021-01-04,2021,2020,DIS,0.05,20,0.0,0.0
2021-01-04,2021,2020,HD,0.05,20,0.0,0.0
2021-01-04,2021,2020,PYPL,0.05,20,0.0,0.0
2021-01-04,2021,2020,BAC,0.05,20,0.0,0.0
2021-01-04,2021,2020,VZ,0.05,20,0.0,0.0
2021-04-01,2021,2020,AAPL,0.05,20,0.070913,3.5457
2021-04-01,2021,2020,MSFT,0.05,20,0.0,0.0
2021-04-01,2021,2020,AMZN,0.05,20,0.0,0.0
2021-04-01,2021,2020,GOOGL,0.05,20,0.0,0.0
2021-04-01,2021,2020,META,0.05,20,0.0,0.0
2021-04-01,2021,2020,TSLA,0.05,20,0.0,0.0
2021-04-01,2021,2020,BRK-B,0.05,20,0.0,0.0
2021-04-01,2021,2020,V,0.05,20,0.0,0.0
2021-04-01,2021,2020,JNJ,0.05,20,0.0,0.0
2021-04-01,2021,2020,WMT,0.05,20,0.0,0.0
2021-04-01,2021,2020,JPM,0.05,20,0.0,0.0
2021-04-01,2021,2020,MA,0.05,20,0.0,0.0
2021-04-01,2021,2020,PG,0.05,20,0.0,0.0
2021-04-01,2021,2020,UNH,0.05,20,0.0,0.0
2021-04-01,2021,2020,NVDA,0.05,20,0.0,0.0
2021-04-01,2021,2020,DIS,0.05,20,0.0,0.0
2021-04-01,2021,2020,HD,0.05,20,0.0,0.0
2021-04-01,2021,2020,PYPL,0.05,20,0.0,0.0
2021-04-01,2021,2020,BAC,0.05,20,0.0,0.0
2021-04-01,2021,2020,VZ,0.05,20,0.0,0.0
2021-07-01,2021,2020,AAPL,0.05,20,0.072846,3.6423
2021-07-01,2021,2020,MSFT,0.05,20,0.0,0.0
2021-07-01,2021,2020,AMZN,0.05,20,0.0,0.0
2021-07-01,2021,2020,GOOGL,0.05,20,0.0,0.0
2021-07-01,2021,2020,META,0.05,20,0.0,0.0
2021-07-01,2021,2020,TSLA,0.05,20,0.0,0.0
2021-07-01,2021,2020,BRK-B,0.05,20,0.0,0.0
2021-07-01,2021,2020,V,0.05,20,0.0,0.0
2021-07-01,2021,2020,JNJ,0.05,20,0.0,0.0
2021-07-01,2021,2020,WMT,0.05,20,0.0,0.0
2021-07-01,2021,2020,JPM,0.05,20,0.0,0.0
2021-07-01,2021,2020,MA,0.05,20,0.0,0.0
2021-07-01,2021,2020,PG,0.05,20,0.0,0.0
2021-07-01,2021,2020,UNH,0.05,20,0.0,0.0
2021-07-01,2021,2020,NVDA,0.05,20,0.0,0.0
2021-07-01,2021,2020,DIS,0.05,20,0.0,0.0
2021-07-01,2021,2020,HD,0.05,20,0.0,0.0
2021-07-01,2021,2020,PYPL,0.05,20,0.0,0.0
2021-07-01,2021,2020,BAC,0.05,20,0.0,0.0
2021-07-01,2021,2020,VZ,0.05,20,0.0,0.0
2021-10-01,2021,2020,AAPL,0.05,20,0.045936,2.2968
2021-10-01,2021,2020,MSFT,0.05,20,0.0,0.0
2021-10-01,2021,2020,AMZN,0.05,20,0.0,0.0
2021-10-01,2021,2020,GOOGL,0.05,20,0.0,0.0
2021-10-01,2021,2020,META,0.05,20,0.0,0.0
2021-10-01,2021,2020,TSLA,0.05,20,0.0,0.0
2021-10-01,2021,2020,BRK-B,0.05,20,0.0,0.0
2021-10-01,2021,2020,V,0.05,20,0.0,0.0
2021-10-01,2021,2020,JNJ,0.05,20,0.0,0.0
2021-10-01,2021,2020,WMT,0.05,20,0.0,0.0
2021-10-01,2021,2020,JPM,0.05,20,0.0,0.0
2021-10-01,2021,2020,MA,0.05,20,0.0,0.0
2021-10-01,2021,2020,PG,0.05,20,0.0,0.0
2021-10-01,2021,2020,UNH,0.05,20,0.0,0.0
2021-10-01,2021,2020,NVDA,0.05,20,0.0,0.0
2021-10-01,2021,2020,DIS,0.05,20,0.0,0.0
2021-10-01,2021,2020,HD,0.05,20,0.0,0.0
2021-10-01,2021,2020,PYPL,0.05,20,0.0,0.0
2021-10-01,2021,2020,BAC,0.05,20,0.0,0.0
2021-10-01,2021,2020,VZ,0.05,20,0.0,0.0
2022-01-03,2022,2021,AAPL,0.05,20,0.273714,13.6857
2022-01-03,2022,2021,MSFT,0.05,20,0.0,0.0
2022-01-03,2022,2021,GOOGL,0.05,20,0.0,0.0
2022-01-03,2022,2021,AMZN,0.05,20,0.0,0.0
2022-01-03,2022,2021,TSLA,0.05,20,0.0,0.0
2022-01-03,2022,2021,META,0.05,20,0.0,0.0
2022-01-03,2022,2021,NVDA,0.05,20,0.0,0.0
2022-01-03,2022,2021,BRK-B,0.05,20,0.0,0.0
2022-01-03,2022,2021,UNH,0.05,20,0.0,0.0
2022-01-03,2022,2021,JPM,0.05,20,0.0,0.0
2022-01-03,2022,2021,V,0.05,20,0.0,0.0
2022-01-03,2022,2021,JNJ,0.05,20,0.0,0.0
2022-01-03,2022,2021,HD,0.05,20,0.0,0.0
2022-01-03,2022,2021,WMT,0.05,20,0.0,0.0
2022-01-03,2022,2021,PG,0.05,20,0.0,0.0
2022-01-03,2022,2021,BAC,0.05,20,0.0,0.0
2022-01-03,2022,2021,MA,0.05,20,0.0,0.0
2022-01-03,2022,2021,PFE,0.05,20,0.0,0.0
2022-01-03,2022,2021,DIS,0.05,20,0.0,0.0
2022-01-03,2022,2021,AVGO,0.05,20,0.0,0.0
2022-04-01,2022,2021,AAPL,0.05,20,0.082372,4.1186
2022-04-01,2022,2021,MSFT,0.05,20,0.0,0.0
2022-04-01,2022,2021,GOOGL,0.05,20,0.0,0.0
2022-04-01,2022,2021,AMZN,0.05,20,0.0,0.0
2022-04-01,2022,2021,TSLA,0.05,20,0.0,0.0
2022-04-01,2022,2021,META,0.05,20,0.0,0.0
2022-04-01,2022,2021,NVDA,0.05,20,0.0,0.0
2022-04-01,2022,2021,BRK-B,0.05,20,0.0,0.0
2022-04-01,2022,2021,UNH,0.05,20,0.0,0.0
2022-04-01,2022,2021,JPM,0.05,20,0.0,0.0
2022-04-01,2022,2021,V,0.05,20,0.0,0.0
2022-04-01,2022,2021,JNJ,0.05,20,0.0,0.0
2022-04-01,2022,2021,HD,0.05,20,0.0,0.0
2022-04-01,2022,2021,WMT,0.05,20,0.0,0.0
2022-04-01,2022,2021,PG,0.05,20,0.0,0.0
2022-04-01,2022,2021,BAC,0.05,20,0.0,0.0
2022-04-01,2022,2021,MA,0.05,20,0.0,0.0
2022-04-01,2022,2021,PFE,0.05,20,0.0,0.0
2022-04-01,2022,2021,DIS,0.05,20,0.0,0.0
2022-04-01,2022,2021,AVGO,0.05,20,0.0,0.0
2022-07-01,2022,2021,AAPL,0.05,20,0.125442,6.2721
2022-07-01,2022,2021,MSFT,0.05,20,0.0,0.0
2022-07-01,2022,2021,GOOGL,0.05,20,0.0,0.0
2022-07-01,2022,2021,AMZN,0.05,20,0.0,0.0
2022-07-01,2022,2021,TSLA,0.05,20,0.0,0.0
2022-07-01,2022,2021,META,0.05,20,0.0,0.0
2022-07-01,2022,2021,NVDA,0.05,20,0.0,0.0
2022-07-01,2022,2021,BRK-B,0.05,20,0.0,0.0
2022-07-01,2022,2021,UNH,0.05,20,0.0,0.0
2022-07-01,2022,2021,JPM,0.05,20,0.0,0.0
2022-07-01,2022,2021,V,0.05,20,0.0,0.0
2022-07-01,2022,2021,JNJ,0.05,20,0.0,0.0
2022-07-01,2022,2021,HD,0.05,20,0.0,0.0
2022-07-01,2022,2021,WMT,0.05,20,0.0,0.0
2022-07-01,2022,2021,PG,0.05,20,0.0,0.0
2022-07-01,2022,2021,BAC,0.05,20,0.0,0.0
2022-07-01,2022,2021,MA,0.05,20,0.0,0.0
2022-07-01,2022,2021,PFE,0.05,20,0.0,0.0
2022-07-01,2022,2021,DIS,0.05,20,0.0,0.0
2022-07-01,2022,2021,AVGO,0.05,20,0.0,0.0
2022-10-03,2022,2021,AAPL,0.05,20,0.075686,3.7843
2022-10-03,2022,2021,MSFT,0.05,20,0.0,0.0
2022-10-03,2022,2021,GOOGL,0.05,20,0.0,0.0
2022-10-03,2022,2021,AMZN,0.05,20,0.0,0.0
2022-10-03,2022,2021,TSLA,0.05,20,0.0,0.0
2022-10-03,2022,2021,META,0.05,20,0.0,0.0
2022-10-03,2022,2021,NVDA,0.05,20,0.0,0.0
2022-10-03,2022,2021,BRK-B,0.05,20,0.0,0.0
2022-10-03,2022,2021,UNH,0.05,20,0.0,0.0
2022-10-03,2022,2021,JPM,0.05,20,0.0,0.0
2022-10-03,2022,2021,V,0.05,20,0.0,0.0
2022-10-03,2022,2021,JNJ,0.05,20,0.0,0.0
2022-10-03,2022,2021,HD,0.05,20,0.0,0.0
2022-10-03,2022,2021,WMT,0.05,20,0.0,0.0
2022-10-03,2022,2021,PG,0.05,20,0.0,0.0
2022-10-03,2022,2021,BAC,0.05,20,0.0,0.0
2022-10-03,2022,2021,MA,0.05,20,0.0,0.0
2022-10-03,2022,2021,PFE,0.05,20,0.0,0.0
2022-10-03,2022,2021,DIS,0.05,20,0.0,0.0
2022-10-03,2022,2021,AVGO,0.05,20,0.0,0.0
2023-01-03,2023,2022,AAPL,0.05,20,0.427563,21.3782
2023-01-03,2023,2022,MSFT,0.05,20,0.0,0.0
2023-01-03,2023,2022,GOOGL,0.05,20,0.0,0.0
2023-01-03,2023,2022,AMZN,0.05,20,0.0,0.0
2023-01-03,2023,2022,BRK-B,0.05,20,0.0,0.0
2023-01-03,2023,2022,UNH,0.05,20,0.0,0.0
2023-01-03,2023,2022,JNJ,0.05,20,0.0,0.0
2023-01-03,2023,2022,XOM,0.05,20,0.0,0.0
2023-01-03,2023,2022,V,0.05,20,0.0,0.0
2023-01-03,2023,2022,JPM,0.05,20,0.0,0.0
2023-01-03,2023,2022,TSLA,0.05,20,0.0,0.0
2023-01-03,2023,2022,WMT,0.05,20,0.0,0.0
2023-01-03,2023,2022,NVDA,0.05,20,0.0,0.0
2023-01-03,2023,2022,PG,0.05,20,0.0,0.0
2023-01-03,2023,2022,LLY,0.05,20,0.0,0.0
2023-01-03,2023,2022,CVX,0.05,20,0.0,0.0
2023-01-03,2023,2022,MA,0.05,20,0.0,0.0
2023-01-03,2023,2022,HD,0.05,20,0.0,0.0
2023-01-03,2023,2022,META,0.05,20,0.0,0.0
2023-01-03,2023,2022,PFE,0.05,20,0.0,0.0
2023-04-03,2023,2022,AAPL,0.05,20,0.198941,9.9471
2023-04-03,2023,2022,MSFT,0.05,20,0.0,0.0
2023-04-03,2023,2022,GOOGL,0.05,20,0.0,0.0
2023-04-03,2023,2022,AMZN,0.05,20,0.0,0.0
2023-04-03,2023,2022,BRK-B,0.05,20,0.0,0.0
2023-04-03,2023,2022,UNH,0.05,20,0.0,0.0
2023-04-03,2023,2022,JNJ,0.05,20,0.0,0.0
2023-04-03,2023,2022,XOM,0.05,20,0.0,0.0
2023-04-03,2023,2022,V,0.05,20,0.0,0.0
2023-04-03,2023,2022,JPM,0.05,20,0.0,0.0
2023-04-03,2023,2022,TSLA,0.05,20,0.0,0.0
2023-04-03,2023,2022,WMT,0.05,20,0.0,0.0
2023-04-03,2023,2022,NVDA,0.05,20,0.0,0.0
2023-04-03,2023,2022,PG,0.05,20,0.0,0.0
2023-04-03,2023,2022,LLY,0.05,20,0.0,0.0
2023-04-03,2023,2022,CVX,0.05,20,0.0,0.0
2023-04-03,2023,2022,MA,0.05,20,0.0,0.0
2023-04-03,2023,2022,HD,0.05,20,0.0,0.0
2023-04-03,2023,2022,META,0.05,20,0.0,0.0
2023-04-03,2023,2022,PFE,0.05,20,0.0,0.0
2023-07-03,2023,2022,AAPL,0.05,20,0.103148,5.1574
2023-07-03,2023,2022,MSFT,0.05,20,0.0,0.0
2023-07-03,2023,2022,GOOGL,0.05,20,0.0,0.0
2023-07-03,2023,2022,AMZN,0.05,20,0.0,0.0
2023-07-03,2023,2022,BRK-B,0.05,20,0.0,0.0
2023-07-03,2023,2022,UNH,0.05,20,0.0,0.0
2023-07-03,2023,2022,JNJ,0.05,20,0.0,0.0
2023-07-03,2023,2022,XOM,0.05,20,0.0,0.0
2023-07-03,2023,2022,V,0.05,20,0.0,0.0
2023-07-03,2023,2022,JPM,0.05,20,0.0,0.0
2023-07-03,2023,2022,TSLA,0.05,20,0.0,0.0
2023-07-03,2023,2022,WMT,0.05,20,0.0,0.0
2023-07-03,2023,2022,NVDA,0.05,20,0.0,0.0
2023-07-03,2023,2022,PG,0.05,20,0.0,0.0
2023-07-03,2023,2022,LLY,0.05,20,0.0,0.0
2023-07-03,2023,2022,CVX,0.05,20,0.0,0.0
2023-07-03,2023,2022,MA,0.05,20,0.0,0.0
2023-07-03,2023,2022,HD,0.05,20,0.0,0.0
2023-07-03,2023,2022,META,0.05,20,0.0,0.0
2023-07-03,2023,2022,PFE,0.05,20,0.0,0.0
2023-10-02,2023,2022,AAPL,0.05,20,0.0539,2.695
2023-10-02,2023,2022,MSFT,0.05,20,0.0,0.0
2023-10-02,2023,2022,GOOGL,0.05,20,0.0,0.0
2023-10-02,2023,2022,AMZN,0.05,20,0.0,0.0
2023-10-02,2023,2022,BRK-B,0.05,20,0.0,0.0
2023-10-02,2023,2022,UNH,0.05,20,0.0,0.0
2023-10-02,2023,2022,JNJ,0.05,20,0.0,0.0
2023-10-02,2023,2022,XOM,0.05,20,0.0,0.0
2023-10-02,2023,2022,V,0.05,20,0.0,0.0
2023-10-02,2023,2022,JPM,0.05,20,0.0,0.0
2023-10-02,2023,2022,TSLA,0.05,20,0.0,0.0
2023-10-02,2023,2022,WMT,0.05,20,0.0,0.0
2023-10-02,2023,2022,NVDA,0.05,20,0.0,0.0
2023-10-02,2023,2022,PG,0.05,20,0.0,0.0
2023-10-02,2023,2022,LLY,0.05,20,0.0,0.0
2023-10-02,2023,2022,CVX,0.05,20,0.0,0.0
2023-10-02,2023,2022,MA,0.05,20,0.0,0.0
2023-10-02,2023,2022,HD,0.05,20,0.0,0.0
2023-10-02,2023,2022,META,0.05,20,0.0,0.0
2023-10-02,2023,2022,PFE,0.05,20,0.0,0.0
2024-01-02,2024,2023,AAPL,0.05,20,0.247334,12.3667
2024-01-02,2024,2023,MSFT,0.05,20,0.0,0.0
2024-01-02,2024,2023,GOOGL,0.05,20,0.0,0.0
2024-01-02,2024,2023,AMZN,0.05,20,0.0,0.0
2024-01-02,2024,2023,NVDA,0.05,20,0.0,0.0
2024-01-02,2024,2023,META,0.05,20,0.0,0.0
2024-01-02,2024,2023,TSLA,0.05,20,0.0,0.0
2024-01-02,2024,2023,BRK-B,0.05,20,0.0,0.0
2024-01-02,2024,2023,LLY,0.05,20,0.0,0.0
2024-01-02,2024,2023,V,0.05,20,0.0,0.0
2024-01-02,2024,2023,AVGO,0.05,20,0.0,0.0
2024-01-02,2024,2023,JPM,0.05,20,0.0,0.0
2024-01-02,2024,2023,UNH,0.05,20,0.0,0.0
2024-01-02,2024,2023,WMT,0.05,20,0.0,0.0
2024-01-02,2024,2023,MA,0.05,20,0.0,0.0
2024-01-02,2024,2023,XOM,0.05,20,0.0,0.0
2024-01-02,2024,2023,JNJ,0.05,20,0.0,0.0
2024-01-02,2024,2023,PG,0.05,20,0.0,0.0
2024-01-02,2024,2023,HD,0.05,20,0.0,0.0
2024-01-02,2024,2023,COST,0.05,20,0.0,0.0
2024-04-01,2024,2023,AAPL,0.05,20,0.11291,5.6455
2024-04-01,2024,2023,MSFT,0.05,20,0.0,0.0
2024-04-01,2024,2023,GOOGL,0.05,20,0.0,0.0
2024-04-01,2024,2023,AMZN,0.05,20,0.0,0.0
2024-04-01,2024,2023,NVDA,0.05,20,0.0,0.0
2024-04-01,2024,2023,META,0.05,20,0.0,0.0
2024-04-01,2024,2023,TSLA,0.05,20,0.0,0.0
2024-04-01,2024,2023,BRK-B,0.05,20,0.0,0.0
2024-04-01,2024,2023,LLY,0.05,20,0.0,0.0
2024-04-01,2024,2023,V,0.05,20,0.0,0.0
2024-04-01,2024,2023,AVGO,0.05,20,0.0,0.0
2024-04-01,2024,2023,JPM,0.05,20,0.0,0.0
2024-04-01,2024,2023,UNH,0.05,20,0.0,0.0
2024-04-01,2024,2023,WMT,0.05,20,0.0,0.0
2024-04-01,2024,2023,MA,0.05,20,0.0,0.0
2024-04-01,2024,2023,XOM,0.05,20,0.0,0.0
2024-04-01,2024,2023,JNJ,0.05,20,0.0,0.0
2024-04-01,2024,2023,PG,0.05,20,0.0,0.0
2024-04-01,2024,2023,HD,0.05,20,0.0,0.0
2024-04-01,2024,2023,COST,0.05,20,0.0,0.0
2024-07-01,2024,2023,AAPL,0.05,20,0.092869,4.6434
2024-07-01,2024,2023,MSFT,0.05,20,0.0,0.0
2024-07-01,2024,2023,GOOGL,0.05,20,0.0,0.0
2024-07-01,2024,2023,AMZN,0.05,20,0.0,0.0
2024-07-01,2024,2023,NVDA,0.05,20,0.0,0.0
2024-07-01,2024,2023,META,0.05,20,0.0,0.0
2024-07-01,2024,2023,TSLA,0.05,20,0.0,0.0
2024-07-01,2024,2023,BRK-B,0.05,20,0.0,0.0
2024-07-01,2024,2023,LLY,0.05,20,0.0,0.0
2024-07-01,2024,2023,V,0.05,20,0.0,0.0
2024-07-01,2024,2023,AVGO,0.05,20,0.0,0.0
2024-07-01,2024,2023,JPM,0.05,20,0.0,0.0
2024-07-01,2024,2023,UNH,0.05,20,0.0,0.0
2024-07-01,2024,2023,WMT,0.05,20,0.0,0.0
2024-07-01,2024,2023,MA,0.05,20,0.0,0.0
2024-07-01,2024,2023,XOM,0.05,20,0.0,0.0
2024-07-01,2024,2023,JNJ,0.05,20,0.0,0.0
2024-07-01,2024,2023,PG,0.05,20,0.0,0.0
2024-07-01,2024,2023,HD,0.05,20,0.0,0.0
2024-07-01,2024,2023,COST,0.05,20,0.0,0.0
2024-10-01,2024,2023,AAPL,0.05,20,0.0704,3.52
2024-10-01,2024,2023,MSFT,0.05,20,0.0,0.0
2024-10-01,2024,2023,GOOGL,0.05,20,0.0,0.0
2024-10-01,2024,2023,AMZN,0.05,20,0.0,0.0
2024-10-01,2024,2023,NVDA,0.05,20,0.0,0.0
2024-10-01,2024,2023,META,0.05,20,0.0,0.0
2024-10-01,2024,2023,TSLA,0.05,20,0.0,0.0
2024-10-01,2024,2023,BRK-B,0.05,20,0.0,0.0
2024-10-01,2024,2023,LLY,0.05,20,0.0,0.0
2024-10-01,2024,2023,V,0.05,20,0.0,0.0
2024-10-01,2024,2023,AVGO,0.05,20,0.0,0.0
2024-10-01,2024,2023,JPM,0.05,20,0.0,0.0
2024-10-01,2024,2023,UNH,0.05,20,0.0,0.0
2024-10-01,2024,2023,WMT,0.05,20,0.0,0.0
2024-10-01,2024,2023,MA,0.05,20,0.0,0.0
2024-10-01,2024,2023,XOM,0.05,20,0.0,0.0
2024-10-01,2024,2023,JNJ,0.05,20,0.0,0.0
2024-10-01,2024,2023,PG,0.05,20,0.0,0.0
2024-10-01,2024,2023,HD,0.05,20,0.0,0.0
2024-10-01,2024,2023,COST,0.05,20,0.0,0.0
2025-01-02,2025,2024,AAPL,0.05,20,0.193962,9.6981
2025-01-02,2025,2024,NVDA,0.05,20,0.0,0.0
2025-01-02,2025,2024,MSFT,0.05,20,0.0,0.0
2025-01-02,2025,2024,GOOGL,0.05,20,0.0,0.0
2025-01-02,2025,2024,AMZN,0.05,20,0.0,0.0
2025-01-02,2025,2024,META,0.05,20,0.0,0.0
2025-01-02,2025,2024,TSLA,0.05,20,0.0,0.0
2025-01-02,2025,2024,AVGO,0.05,20,0.0,0.0
2025-01-02,2025,2024,BRK-B,0.05,20,0.0,0.0
2025-01-02,2025,2024,WMT,0.05,20,0.0,0.0
2025-01-02,2025,2024,LLY,0.05,20,0.0,0.0
2025-01-02,2025,2024,JPM,0.05,20,0.0,0.0
2025-01-02,2025,2024,V,0.05,20,0.0,0.0
2025-01-02,2025,2024,MA,0.05,20,0.0,0.0
2025-01-02,2025,2024,XOM,0.05,20,0.0,0.0
2025-01-02,2025,2024,ORCL,0.05,20,0.0,0.0
2025-01-02,2025,2024,UNH,0.05,20,0.0,0.0
2025-01-02,2025,2024,COST,0.05,20,0.0,0.0
2025-01-02,2025,2024,PG,0.05,20,0.0,0.0
2025-01-02,2025,2024,HD,0.05,20,0.0,0.0
2025-04-01,2025,2024,AAPL,0.05,20,0.119238,5.9619
2025-04-01,2025,2024,NVDA,0.05,20,0.0,0.0
2025-04-01,2025,2024,MSFT,0.05,20,0.0,0.0
2025-04-01,2025,2024,GOOGL,0.05,20,0.0,0.0
2025-04-01,2025,2024,AMZN,0.05,20,0.0,0.0
2025-04-01,2025,2024,META,0.05,20,0.0,0.0
2025-04-01,2025,2024,TSLA,0.05,20,0.0,0.0
2025-04-01,2025,2024,AVGO,0.05,20,0.0,0.0
2025-04-01,2025,2024,BRK-B,0.05,20,0.0,0.0
2025-04-01,2025,2024,WMT,0.05,20,0.0,0.0
2025-04-01,2025,2024,LLY,0.05,20,0.0,0.0
2025-04-01,2025,2024,JPM,0.05,20,0.0,0.0
2025-04-01,2025,2024,V,0.05,20,0.0,0.0
2025-04-01,2025,2024,MA,0.05,20,0.0,0.0
2025-04-01,2025,2024,XOM,0.05,20,0.0,0.0
2025-04-01,2025,2024,ORCL,0.05,20,0.0,0.0
2025-04-01,2025,2024,UNH,0.05,20,0.0,0.0
2025-04-01,2025,2024,COST,0.05,20,0.0,0.0
2025-04-01,2025,2024,PG,0.05,20,0.0,0.0
2025-04-01,2025,2024,HD,0.05,20,0.0,0.0
2025-07-01,2025,2024,AAPL,0.05,20,0.168814,8.4407
2025-07-01,2025,2024,NVDA,0.05,20,0.0,0.0
2025-07-01,2025,2024,MSFT,0.05,20,0.0,0.0
2025-07-01,2025,2024,GOOGL,0.05,20,0.0,0.0
2025-07-01,2025,2024,AMZN,0.05,20,0.0,0.0
2025-07-01,2025,2024,META,0.05,20,0.0,0.0
2025-07-01,2025,2024,TSLA,0.05,20,0.0,0.0
2025-07-01,2025,2024,AVGO,0.05,20,0.0,0.0
2025-07-01,2025,2024,BRK-B,0.05,20,0.0,0.0
2025-07-01,2025,2024,WMT,0.05,20,0.0,0.0
2025-07-01,2025,2024,LLY,0.05,20,0.0,0.0
2025-07-01,2025,2024,JPM,0.05,20,0.0,0.0
2025-07-01,2025,2024,V,0.05,20,0.0,0.0
2025-07-01,2025,2024,MA,0.05,20,0.0,0.0
2025-07-01,2025,2024,XOM,0.05,20,0.0,0.0
2025-07-01,2025,2024,ORCL,0.05,20,0.0,0.0
2025-07-01,2025,2024,UNH,0.05,20,0.0,0.0
2025-07-01,2025,2024,COST,0.05,20,0.0,0.0
2025-07-01,2025,2024,PG,0.05,20,0.0,0.0
2025-07-01,2025,2024,HD,0.05,20,0.0,0.0
2025-10-01,2025,2024,AAPL,0.05,20,0.099038,4.9519
2025-10-01,2025,2024,NVDA,0.05,20,0.0,0.0
2025-10-01,2025,2024,MSFT,0.05,20,0.0,0.0
2025-10-01,2025,2024,GOOGL,0.05,20,0.0,0.0
2025-10-01,2025,2024,AMZN,0.05,20,0.0,0.0
2025-10-01,2025,2024,META,0.05,20,0.0,0.0
2025-10-01,2025,2024,TSLA,0.05,20,0.0,0.0
2025-10-01,2025,2024,AVGO,0.05,20,0.0,0.0
2025-10-01,2025,2024,BRK-B,0.05,20,0.0,0.0
2025-10-01,2025,2024,WMT,0.05,20,0.0,0.0
2025-10-01,2025,2024,LLY,0.05,20,0.0,0.0
2025-10-01,2025,2024,JPM,0.05,20,0.0,0.0
2025-10-01,2025,2024,V,0.05,20,0.0,0.0
2025-10-01,2025,2024,MA,0.05,20,0.0,0.0
2025-10-01,2025,2024,XOM,0.05,20,0.0,0.0
2025-10-01,2025,2024,ORCL,0.05,20,0.0,0.0
2025-10-01,2025,2024,UNH,0.05,20,0.0,0.0
2025-10-01,2025,2024,COST,0.05,20,0.0,0.0
2025-10-01,2025,2024,PG,0.05,20,0.0,0.0
2025-10-01,2025,2024,HD,0.05,20,0.0,0.0
