rebalance_date,invest_year,select_year,ticker,assigned_weight,hrp_success,turnover,tc_drag_bps
1998-01-02,1998,1997,KO,0.0688956375381458,True,1.0,0.0
1998-01-02,1998,1997,MSFT,0.038404655154601446,True,0.0,0.0
1998-01-02,1998,1997,XOM,0.07153721312247352,True,0.0,0.0
1998-01-02,1998,1997,GE,0.06258777705761645,True,0.0,0.0
1998-01-02,1998,1997,INTC,0.028435348628461206,True,0.0,0.0
1998-01-02,1998,1997,MRK,0.04220039841001717,True,0.0,0.0
1998-01-02,1998,1997,PG,0.06718984865986842,True,0.0,0.0
1998-01-02,1998,1997,IBM,0.039486179272582085,True,0.0,0.0
1998-01-02,1998,1997,PFE,0.03963830231553907,True,0.0,0.0
1998-01-02,1998,1997,BMY,0.06216964486437204,True,0.0,0.0
1998-01-02,1998,1997,WMT,0.03526513873873367,True,0.0,0.0
1998-01-02,1998,1997,JNJ,0.04488528005539738,True,0.0,0.0
1998-01-02,1998,1997,LLY,0.03843381810611215,True,0.0,0.0
1998-01-02,1998,1997,VZ,0.0532286076885505,True,0.0,0.0
1998-01-02,1998,1997,DIS,0.06074030660400411,True,0.0,0.0
1998-01-02,1998,1997,AIG,0.08150855159010298,True,0.0,0.0
1998-01-02,1998,1997,C,0.03531384691431813,True,0.0,0.0
1998-01-02,1998,1997,CSCO,0.015563084629189558,True,0.0,0.0
1998-01-02,1998,1997,PEP,0.06212569465969045,True,0.0,0.0
1998-01-02,1998,1997,T,0.0523906659902238,True,0.0,0.0
1998-07-01,1998,1997,KO,0.06859844140252722,True,0.109825,0.0
1998-07-01,1998,1997,MSFT,0.04068193847414657,True,0.0,0.0
1998-07-01,1998,1997,XOM,0.06494771615015191,True,0.0,0.0
1998-07-01,1998,1997,GE,0.057605632056020324,True,0.0,0.0
1998-07-01,1998,1997,INTC,0.028664200873702524,True,0.0,0.0
1998-07-01,1998,1997,MRK,0.049199838024347076,True,0.0,0.0
1998-07-01,1998,1997,PG,0.06355935408356586,True,0.0,0.0
1998-07-01,1998,1997,IBM,0.035354037848387684,True,0.0,0.0
1998-07-01,1998,1997,PFE,0.04353869301690933,True,0.0,0.0
1998-07-01,1998,1997,BMY,0.06378687059058633,True,0.0,0.0
1998-07-01,1998,1997,WMT,0.03804512553488039,True,0.0,0.0
1998-07-01,1998,1997,JNJ,0.05408325225342026,True,0.0,0.0
1998-07-01,1998,1997,LLY,0.03857770618678491,True,0.0,0.0
1998-07-01,1998,1997,VZ,0.050928801397099384,True,0.0,0.0
1998-07-01,1998,1997,DIS,0.06339261752295224,True,0.0,0.0
1998-07-01,1998,1997,AIG,0.07710627903710603,True,0.0,0.0
1998-07-01,1998,1997,C,0.03863202543898693,True,0.0,0.0
1998-07-01,1998,1997,CSCO,0.01821982030515762,True,0.0,0.0
1998-07-01,1998,1997,PEP,0.058768780484542,True,0.0,0.0
1998-07-01,1998,1997,T,0.04630886931872537,True,0.0,0.0
1999-01-04,1999,1998,MSFT,0.039012682421657695,True,0.311146,0.0
1999-01-04,1999,1998,GE,0.06420950911806941,True,0.0,0.0
1999-01-04,1999,1998,INTC,0.03206740664803895,True,0.0,0.0
1999-01-04,1999,1998,WMT,0.057700266192858896,True,0.0,0.0
1999-01-04,1999,1998,XOM,0.07657537451063785,True,0.0,0.0
1999-01-04,1999,1998,KO,0.05982591436356634,True,0.0,0.0
1999-01-04,1999,1998,IBM,0.044061485880211256,True,0.0,0.0
1999-01-04,1999,1998,MRK,0.05883094718204074,True,0.0,0.0
1999-01-04,1999,1998,PFE,0.048275572529232466,True,0.0,0.0
1999-01-04,1999,1998,CSCO,0.01680270557851179,True,0.0,0.0
1999-01-04,1999,1998,BMY,0.07111957727706485,True,0.0,0.0
1999-01-04,1999,1998,PG,0.05957877356237726,True,0.0,0.0
1999-01-04,1999,1998,C,0.01902017586031016,True,0.0,0.0
1999-01-04,1999,1998,JNJ,0.06061753807542925,True,0.0,0.0
1999-01-04,1999,1998,BAC,0.02941396496814892,True,0.0,0.0
1999-01-04,1999,1998,LLY,0.03651567384128002,True,0.0,0.0
1999-01-04,1999,1998,VZ,0.0547549039037997,True,0.0,0.0
1999-01-04,1999,1998,HD,0.04911342222215685,True,0.0,0.0
1999-01-04,1999,1998,AIG,0.07165965777567561,True,0.0,0.0
1999-01-04,1999,1998,T,0.05084444808893212,True,0.0,0.0
1999-07-01,1999,1998,MSFT,0.043315880282981695,True,0.220885,0.0
1999-07-01,1999,1998,GE,0.0678885887191307,True,0.0,0.0
1999-07-01,1999,1998,INTC,0.031569133711938306,True,0.0,0.0
1999-07-01,1999,1998,WMT,0.0511161691156046,True,0.0,0.0
1999-07-01,1999,1998,XOM,0.08809555341377415,True,0.0,0.0
1999-07-01,1999,1998,KO,0.06542184541479862,True,0.0,0.0
1999-07-01,1999,1998,IBM,0.04546686754023014,True,0.0,0.0
1999-07-01,1999,1998,MRK,0.0598952226859764,True,0.0,0.0
1999-07-01,1999,1998,PFE,0.04613591118579662,True,0.0,0.0
1999-07-01,1999,1998,CSCO,0.022497518596908437,True,0.0,0.0
1999-07-01,1999,1998,BMY,0.04371791515620686,True,0.0,0.0
1999-07-01,1999,1998,PG,0.06620505642696446,True,0.0,0.0
1999-07-01,1999,1998,C,0.021722604588487054,True,0.0,0.0
1999-07-01,1999,1998,JNJ,0.052206173837606,True,0.0,0.0
1999-07-01,1999,1998,BAC,0.04964338280649137,True,0.0,0.0
1999-07-01,1999,1998,LLY,0.052236342994824464,True,0.0,0.0
1999-07-01,1999,1998,VZ,0.05057359697999819,True,0.0,0.0
1999-07-01,1999,1998,HD,0.04824448317760368,True,0.0,0.0
1999-07-01,1999,1998,AIG,0.04208425831396665,True,0.0,0.0
1999-07-01,1999,1998,T,0.05196349505071156,True,0.0,0.0
2000-01-03,2000,1999,MSFT,0.02761841643993508,True,0.358836,0.0
2000-01-03,2000,1999,CSCO,0.018068319931363597,True,0.0,0.0
2000-01-03,2000,1999,WMT,0.05462118646235134,True,0.0,0.0
2000-01-03,2000,1999,GE,0.058667812261534086,True,0.0,0.0
2000-01-03,2000,1999,XOM,0.1,True,0.0,0.0
2000-01-03,2000,1999,INTC,0.032240648544162386,True,0.0,0.0
2000-01-03,2000,1999,C,0.03819585265131547,True,0.0,0.0
2000-01-03,2000,1999,IBM,0.055319283290322395,True,0.0,0.0
2000-01-03,2000,1999,HD,0.06121814316701466,True,0.0,0.0
2000-01-03,2000,1999,ORCL,0.022685676138103256,True,0.0,0.0
2000-01-03,2000,1999,KO,0.0746879392973933,True,0.0,0.0
2000-01-03,2000,1999,PG,0.06906325791498392,True,0.0,0.0
2000-01-03,2000,1999,MRK,0.0717645744422556,True,0.0,0.0
2000-01-03,2000,1999,AIG,0.047319409084933144,True,0.0,0.0
2000-01-03,2000,1999,JNJ,0.04952307837606234,True,0.0,0.0
2000-01-03,2000,1999,QCOM,0.01601499071479069,True,0.0,0.0
2000-01-03,2000,1999,BMY,0.038499544172957326,True,0.0,0.0
2000-01-03,2000,1999,PFE,0.05394432031238083,True,0.0,0.0
2000-01-03,2000,1999,T,0.05431322705049238,True,0.0,0.0
2000-01-03,2000,1999,VZ,0.05623431974764823,True,0.0,0.0
2000-07-03,2000,1999,MSFT,0.02757621941449034,True,0.284955,0.0
2000-07-03,2000,1999,CSCO,0.029313687416644463,True,0.0,0.0
2000-07-03,2000,1999,WMT,0.048958888673937245,True,0.0,0.0
2000-07-03,2000,1999,GE,0.05636054297649404,True,0.0,0.0
2000-07-03,2000,1999,XOM,0.10000000000000002,True,0.0,0.0
2000-07-03,2000,1999,INTC,0.021365504865526314,True,0.0,0.0
2000-07-03,2000,1999,C,0.027823402402347947,True,0.0,0.0
2000-07-03,2000,1999,IBM,0.059119465542722925,True,0.0,0.0
2000-07-03,2000,1999,HD,0.061780024324647985,True,0.0,0.0
2000-07-03,2000,1999,ORCL,0.021922872157242014,True,0.0,0.0
2000-07-03,2000,1999,KO,0.08484524718380153,True,0.0,0.0
2000-07-03,2000,1999,PG,0.07115302803630555,True,0.0,0.0
2000-07-03,2000,1999,MRK,0.05915822431955916,True,0.0,0.0
2000-07-03,2000,1999,AIG,0.06851668055507036,True,0.0,0.0
2000-07-03,2000,1999,JNJ,0.048605333396997435,True,0.0,0.0
2000-07-03,2000,1999,QCOM,0.016177259492097747,True,0.0,0.0
2000-07-03,2000,1999,BMY,0.05193642207533415,True,0.0,0.0
2000-07-03,2000,1999,PFE,0.031997255514677705,True,0.0,0.0
2000-07-03,2000,1999,T,0.05349643528546701,True,0.0,0.0
2000-07-03,2000,1999,VZ,0.0598935063666362,True,0.0,0.0
2001-01-02,2001,2000,XOM,0.10000000000000003,True,0.363253,0.0
2001-01-02,2001,2000,GE,0.07923344719281687,True,0.0,0.0
2001-01-02,2001,2000,CSCO,0.017882280816488114,True,0.0,0.0
2001-01-02,2001,2000,PFE,0.05627432347798726,True,0.0,0.0
2001-01-02,2001,2000,WMT,0.055182697027379976,True,0.0,0.0
2001-01-02,2001,2000,MSFT,0.046882070317545786,True,0.0,0.0
2001-01-02,2001,2000,C,0.029407134256028325,True,0.0,0.0
2001-01-02,2001,2000,INTC,0.028208705682421186,True,0.0,0.0
2001-01-02,2001,2000,MRK,0.06657338044332266,True,0.0,0.0
2001-01-02,2001,2000,AIG,0.04795200621619438,True,0.0,0.0
2001-01-02,2001,2000,ORCL,0.011287580309161991,True,0.0,0.0
2001-01-02,2001,2000,KO,0.07397379718106414,True,0.0,0.0
2001-01-02,2001,2000,JNJ,0.05720173956999594,True,0.0,0.0
2001-01-02,2001,2000,IBM,0.05117915680459899,True,0.0,0.0
2001-01-02,2001,2000,BMY,0.03426332063150765,True,0.0,0.0
2001-01-02,2001,2000,VZ,0.047987897245760816,True,0.0,0.0
2001-01-02,2001,2000,T,0.04606545248582177,True,0.0,0.0
2001-01-02,2001,2000,HD,0.043033159444362104,True,0.0,0.0
2001-01-02,2001,2000,LLY,0.045897183136593016,True,0.0,0.0
2001-01-02,2001,2000,PG,0.06151466776094912,True,0.0,0.0
2001-07-02,2001,2000,XOM,0.08794048666121192,True,0.351453,0.0
2001-07-02,2001,2000,GE,0.05359200345265091,True,0.0,0.0
2001-07-02,2001,2000,CSCO,0.021412971951755063,True,0.0,0.0
2001-07-02,2001,2000,PFE,0.035553351177491026,True,0.0,0.0
2001-07-02,2001,2000,WMT,0.04706409017798938,True,0.0,0.0
2001-07-02,2001,2000,MSFT,0.025236963270269887,True,0.0,0.0
2001-07-02,2001,2000,C,0.03163472030610107,True,0.0,0.0
2001-07-02,2001,2000,INTC,0.016623059251828637,True,0.0,0.0
2001-07-02,2001,2000,MRK,0.045220616161410966,True,0.0,0.0
2001-07-02,2001,2000,AIG,0.07913764275379614,True,0.0,0.0
2001-07-02,2001,2000,ORCL,0.01719347735154792,True,0.0,0.0
2001-07-02,2001,2000,KO,0.06007410879667797,True,0.0,0.0
2001-07-02,2001,2000,JNJ,0.08559034191013659,True,0.0,0.0
2001-07-02,2001,2000,IBM,0.050277960214889714,True,0.0,0.0
2001-07-02,2001,2000,BMY,0.04925224185181445,True,0.0,0.0
2001-07-02,2001,2000,VZ,0.07219361210084442,True,0.0,0.0
2001-07-02,2001,2000,T,0.06782285951178064,True,0.0,0.0
2001-07-02,2001,2000,HD,0.04110641509421535,True,0.0,0.0
2001-07-02,2001,2000,LLY,0.04720684783503044,True,0.0,0.0
2001-07-02,2001,2000,PG,0.06586623016855771,True,0.0,0.0
2002-01-02,2002,2001,MSFT,0.033976169975777626,True,0.503176,0.0
2002-01-02,2002,2001,XOM,0.10000000000000002,True,0.0,0.0
2002-01-02,2002,2001,C,0.034926635192098446,True,0.0,0.0
2002-01-02,2002,2001,WMT,0.026055907656909783,True,0.0,0.0
2002-01-02,2002,2001,GE,0.053812915966088566,True,0.0,0.0
2002-01-02,2002,2001,PFE,0.05037412596042176,True,0.0,0.0
2002-01-02,2002,2001,INTC,0.02209541172871785,True,0.0,0.0
2002-01-02,2002,2001,IBM,0.03649738042546942,True,0.0,0.0
2002-01-02,2002,2001,JNJ,0.068096377725092,True,0.0,0.0
2002-01-02,2002,2001,AIG,0.057574948167707696,True,0.0,0.0
2002-01-02,2002,2001,CSCO,0.020488411330789238,True,0.0,0.0
2002-01-02,2002,2001,VZ,0.048547515120509886,True,0.0,0.0
2002-01-02,2002,2001,MRK,0.06322386886846147,True,0.0,0.0
2002-01-02,2002,2001,HD,0.021436797994046464,True,0.0,0.0
2002-01-02,2002,2001,KO,0.0878605296908958,True,0.0,0.0
2002-01-02,2002,2001,PG,0.04416868505464114,True,0.0,0.0
2002-01-02,2002,2001,BMY,0.049772959071867295,True,0.0,0.0
2002-01-02,2002,2001,T,0.04430292821768079,True,0.0,0.0
2002-01-02,2002,2001,BAC,0.03678843185282478,True,0.0,0.0
2002-01-02,2002,2001,CVX,0.10000000000000002,True,0.0,0.0
2002-07-01,2002,2001,MSFT,0.026345682440269236,True,0.263977,0.0
2002-07-01,2002,2001,XOM,0.07831021301924217,True,0.0,0.0
2002-07-01,2002,2001,C,0.03377568767718815,True,0.0,0.0
2002-07-01,2002,2001,WMT,0.02456335871315333,True,0.0,0.0
2002-07-01,2002,2001,GE,0.04750516918571402,True,0.0,0.0
2002-07-01,2002,2001,PFE,0.05435821073319469,True,0.0,0.0
2002-07-01,2002,2001,INTC,0.02095975967694033,True,0.0,0.0
2002-07-01,2002,2001,IBM,0.04009033860119155,True,0.0,0.0
2002-07-01,2002,2001,JNJ,0.07271294031307109,True,0.0,0.0
2002-07-01,2002,2001,AIG,0.05286376551989495,True,0.0,0.0
2002-07-01,2002,2001,CSCO,0.01727916596226575,True,0.0,0.0
2002-07-01,2002,2001,VZ,0.07997672505229875,True,0.0,0.0
2002-07-01,2002,2001,MRK,0.06497472445972519,True,0.0,0.0
2002-07-01,2002,2001,HD,0.019674286072554673,True,0.0,0.0
2002-07-01,2002,2001,KO,0.09302054877160718,True,0.0,0.0
2002-07-01,2002,2001,PG,0.045109010162281506,True,0.0,0.0
2002-07-01,2002,2001,BMY,0.044020067534408285,True,0.0,0.0
2002-07-01,2002,2001,T,0.0747484877906598,True,0.0,0.0
2002-07-01,2002,2001,BAC,0.03278652599667146,True,0.0,0.0
2002-07-01,2002,2001,CVX,0.07692533231766786,True,0.0,0.0
2003-01-02,2003,2002,MSFT,0.027786379677683246,True,0.461242,0.0
2003-01-02,2003,2002,XOM,0.09999999999999999,True,0.0,0.0
2003-01-02,2003,2002,WMT,0.035942714828604914,True,0.0,0.0
2003-01-02,2003,2002,C,0.03160690545719254,True,0.0,0.0
2003-01-02,2003,2002,PFE,0.05495484830848785,True,0.0,0.0
2003-01-02,2003,2002,JNJ,0.09077844146891292,True,0.0,0.0
2003-01-02,2003,2002,GE,0.04681496619567258,True,0.0,0.0
2003-01-02,2003,2002,IBM,0.042132762538534034,True,0.0,0.0
2003-01-02,2003,2002,AIG,0.050024437325019794,True,0.0,0.0
2003-01-02,2003,2002,MRK,0.051000071350597705,True,0.0,0.0
2003-01-02,2003,2002,PG,0.048676873742362306,True,0.0,0.0
2003-01-02,2003,2002,KO,0.055300222009588326,True,0.0,0.0
2003-01-02,2003,2002,VZ,0.06404522765643611,True,0.0,0.0
2003-01-02,2003,2002,BAC,0.023824058146659777,True,0.0,0.0
2003-01-02,2003,2002,INTC,0.021729585844604417,True,0.0,0.0
2003-01-02,2003,2002,CSCO,0.017908551194149573,True,0.0,0.0
2003-01-02,2003,2002,WFC,0.03288929917383517,True,0.0,0.0
2003-01-02,2003,2002,PEP,0.06793225539483665,True,0.0,0.0
2003-01-02,2003,2002,LLY,0.03665239968682216,True,0.0,0.0
2003-01-02,2003,2002,CVX,0.10000000000000002,True,0.0,0.0
2003-07-01,2003,2002,MSFT,0.02745872768492672,True,0.052876,0.0
2003-07-01,2003,2002,XOM,0.09924017372024858,True,0.0,0.0
2003-07-01,2003,2002,WMT,0.03568470839203394,True,0.0,0.0
2003-07-01,2003,2002,C,0.032863727909336164,True,0.0,0.0
2003-07-01,2003,2002,PFE,0.05767199919128683,True,0.0,0.0
2003-07-01,2003,2002,JNJ,0.09104868551372544,True,0.0,0.0
2003-07-01,2003,2002,GE,0.04568191110394678,True,0.0,0.0
2003-07-01,2003,2002,IBM,0.0420442379729552,True,0.0,0.0
2003-07-01,2003,2002,AIG,0.047014013126460794,True,0.0,0.0
2003-07-01,2003,2002,MRK,0.04927560091105313,True,0.0,0.0
2003-07-01,2003,2002,PG,0.05102338233553465,True,0.0,0.0
2003-07-01,2003,2002,KO,0.055455604569944056,True,0.0,0.0
2003-07-01,2003,2002,VZ,0.06083040732487543,True,0.0,0.0
2003-07-01,2003,2002,BAC,0.024263473371014446,True,0.0,0.0
2003-07-01,2003,2002,INTC,0.02156035760955462,True,0.0,0.0
2003-07-01,2003,2002,CSCO,0.017723009262466418,True,0.0,0.0
2003-07-01,2003,2002,WFC,0.03377841997000901,True,0.0,0.0
2003-07-01,2003,2002,PEP,0.07122734173808035,True,0.0,0.0
2003-07-01,2003,2002,LLY,0.03615421829254749,True,0.0,0.0
2003-07-01,2003,2002,CVX,0.1,True,0.0,0.0
2004-01-02,2004,2003,MSFT,0.05,False,0.535076,0.0
2004-01-02,2004,2003,XOM,0.05,False,0.0,0.0
2004-01-02,2004,2003,PFE,0.05,False,0.0,0.0
2004-01-02,2004,2003,C,0.05,False,0.0,0.0
2004-01-02,2004,2003,WMT,0.05,False,0.0,0.0
2004-01-02,2004,2003,INTC,0.05,False,0.0,0.0
2004-01-02,2004,2003,GE,0.05,False,0.0,0.0
2004-01-02,2004,2003,CSCO,0.05,False,0.0,0.0
2004-01-02,2004,2003,JNJ,0.05,False,0.0,0.0
2004-01-02,2004,2003,IBM,0.05,False,0.0,0.0
2004-01-02,2004,2003,AIG,0.05,False,0.0,0.0
2004-01-02,2004,2003,PG,0.05,False,0.0,0.0
2004-01-02,2004,2003,KO,0.05,False,0.0,0.0
2004-01-02,2004,2003,BAC,0.05,False,0.0,0.0
2004-01-02,2004,2003,WFC,0.05,False,0.0,0.0
2004-01-02,2004,2003,MRK,0.05,False,0.0,0.0
2004-01-02,2004,2003,VZ,0.05,False,0.0,0.0
2004-01-02,2004,2003,CVX,0.05,False,0.0,0.0
2004-01-02,2004,2003,UPS,0.05,False,0.0,0.0
2004-01-02,2004,2003,HD,0.05,False,0.0,0.0
2004-07-01,2004,2003,MSFT,0.05,False,0.048564,0.0
2004-07-01,2004,2003,XOM,0.05,False,0.0,0.0
2004-07-01,2004,2003,PFE,0.05,False,0.0,0.0
2004-07-01,2004,2003,C,0.05,False,0.0,0.0
2004-07-01,2004,2003,WMT,0.05,False,0.0,0.0
2004-07-01,2004,2003,INTC,0.05,False,0.0,0.0
2004-07-01,2004,2003,GE,0.05,False,0.0,0.0
2004-07-01,2004,2003,CSCO,0.05,False,0.0,0.0
2004-07-01,2004,2003,JNJ,0.05,False,0.0,0.0
2004-07-01,2004,2003,IBM,0.05,False,0.0,0.0
2004-07-01,2004,2003,AIG,0.05,False,0.0,0.0
2004-07-01,2004,2003,PG,0.05,False,0.0,0.0
2004-07-01,2004,2003,KO,0.05,False,0.0,0.0
2004-07-01,2004,2003,BAC,0.05,False,0.0,0.0
2004-07-01,2004,2003,WFC,0.05,False,0.0,0.0
2004-07-01,2004,2003,MRK,0.05,False,0.0,0.0
2004-07-01,2004,2003,VZ,0.05,False,0.0,0.0
2004-07-01,2004,2003,CVX,0.05,False,0.0,0.0
2004-07-01,2004,2003,UPS,0.05,False,0.0,0.0
2004-07-01,2004,2003,HD,0.05,False,0.0,0.0
2005-01-03,2005,2004,XOM,0.07005673947090532,True,0.543393,0.0
2005-01-03,2005,2004,MSFT,0.01726628663212972,True,0.0,0.0
2005-01-03,2005,2004,C,0.018206446591562522,True,0.0,0.0
2005-01-03,2005,2004,GE,0.03538801832632141,True,0.0,0.0
2005-01-03,2005,2004,WMT,0.04026393283104987,True,0.0,0.0
2005-01-03,2005,2004,BAC,0.023293268948322378,True,0.0,0.0
2005-01-03,2005,2004,PFE,0.04462290076576402,True,0.0,0.0
2005-01-03,2005,2004,JNJ,0.09121192398198864,True,0.0,0.0
2005-01-03,2005,2004,IBM,0.04324361331153268,True,0.0,0.0
2005-01-03,2005,2004,INTC,0.010000000000000002,True,0.0,0.0
2005-01-03,2005,2004,AIG,0.040229601985874115,True,0.0,0.0
2005-01-03,2005,2004,PG,0.07704654070834943,True,0.0,0.0
2005-01-03,2005,2004,JPM,0.022532150519063678,True,0.0,0.0
2005-01-03,2005,2004,CSCO,0.012422161959822778,True,0.0,0.0
2005-01-03,2005,2004,VZ,0.06777513183685648,True,0.0,0.0
2005-01-03,2005,2004,CVX,0.10000000000000003,True,0.0,0.0
2005-01-03,2005,2004,WFC,0.07616498215523315,True,0.0,0.0
2005-01-03,2005,2004,KO,0.085314536298866,True,0.0,0.0
2005-01-03,2005,2004,UPS,0.10000000000000003,True,0.0,0.0
2005-01-03,2005,2004,HD,0.024961763676357888,True,0.0,0.0
2005-07-01,2005,2004,XOM,0.07262483608311511,True,0.198555,0.0
2005-07-01,2005,2004,MSFT,0.023776940857520305,True,0.0,0.0
2005-07-01,2005,2004,C,0.02725195661313215,True,0.0,0.0
2005-07-01,2005,2004,GE,0.01778038617862826,True,0.0,0.0
2005-07-01,2005,2004,WMT,0.04396180554221506,True,0.0,0.0
2005-07-01,2005,2004,BAC,0.04213490993695884,True,0.0,0.0
2005-07-01,2005,2004,PFE,0.06091112593515198,True,0.0,0.0
2005-07-01,2005,2004,JNJ,0.07808781053455537,True,0.0,0.0
2005-07-01,2005,2004,IBM,0.03663095971567019,True,0.0,0.0
2005-07-01,2005,2004,INTC,0.010000000000000002,True,0.0,0.0
2005-07-01,2005,2004,AIG,0.04439104435108264,True,0.0,0.0
2005-07-01,2005,2004,PG,0.0841925299564398,True,0.0,0.0
2005-07-01,2005,2004,JPM,0.012280854223860879,True,0.0,0.0
2005-07-01,2005,2004,CSCO,0.010000000000000002,True,0.0,0.0
2005-07-01,2005,2004,VZ,0.06230887563544801,True,0.0,0.0
2005-07-01,2005,2004,CVX,0.0815931583997189,True,0.0,0.0
2005-07-01,2005,2004,WFC,0.06944081773319813,True,0.0,0.0
2005-07-01,2005,2004,KO,0.10000000000000002,True,0.0,0.0
2005-07-01,2005,2004,UPS,0.10000000000000002,True,0.0,0.0
2005-07-01,2005,2004,HD,0.022631988303304516,True,0.0,0.0
2006-01-03,2006,2005,XOM,0.07503914606856742,True,0.444444,0.0
2006-01-03,2006,2005,MSFT,0.032350460302168496,True,0.0,0.0
2006-01-03,2006,2005,C,0.02031969726330135,True,0.0,0.0
2006-01-03,2006,2005,GE,0.0210318591803654,True,0.0,0.0
2006-01-03,2006,2005,WMT,0.03426881107022671,True,0.0,0.0
2006-01-03,2006,2005,BAC,0.055437515774681236,True,0.0,0.0
2006-01-03,2006,2005,JNJ,0.1,True,0.0,0.0
2006-01-03,2006,2005,PFE,0.06509813925755904,True,0.0,0.0
2006-01-03,2006,2005,INTC,0.01439973392560985,True,0.0,0.0
2006-01-03,2006,2005,AIG,0.03684372755358761,True,0.0,0.0
2006-01-03,2006,2005,JPM,0.025456845555117635,True,0.0,0.0
2006-01-03,2006,2005,PG,0.1,True,0.0,0.0
2006-01-03,2006,2005,CVX,0.08438520959413824,True,0.0,0.0
2006-01-03,2006,2005,IBM,0.03864499111917035,True,0.0,0.0
2006-01-03,2006,2005,CSCO,0.012021113827769438,True,0.0,0.0
2006-01-03,2006,2005,WFC,0.08391630874659248,True,0.0,0.0
2006-01-03,2006,2005,PEP,0.07008742459314726,True,0.0,0.0
2006-01-03,2006,2005,AMGN,0.03906630611526044,True,0.0,0.0
2006-01-03,2006,2005,KO,0.07362713932918112,True,0.0,0.0
2006-01-03,2006,2005,HD,0.018005570723555978,True,0.0,0.0
2006-07-03,2006,2005,XOM,0.04330056640978458,True,0.301526,0.0
2006-07-03,2006,2005,MSFT,0.02220070883869242,True,0.0,0.0
2006-07-03,2006,2005,C,0.03212389683566438,True,0.0,0.0
2006-07-03,2006,2005,GE,0.024012102039539737,True,0.0,0.0
2006-07-03,2006,2005,WMT,0.0614057240147687,True,0.0,0.0
2006-07-03,2006,2005,BAC,0.03877353894317688,True,0.0,0.0
2006-07-03,2006,2005,JNJ,0.081927467227214,True,0.0,0.0
2006-07-03,2006,2005,PFE,0.050686717627637816,True,0.0,0.0
2006-07-03,2006,2005,INTC,0.024215581790353612,True,0.0,0.0
2006-07-03,2006,2005,AIG,0.03782996360555899,True,0.0,0.0
2006-07-03,2006,2005,JPM,0.02388354455634468,True,0.0,0.0
2006-07-03,2006,2005,PG,0.1,True,0.0,0.0
2006-07-03,2006,2005,CVX,0.04811947203065268,True,0.0,0.0
2006-07-03,2006,2005,IBM,0.02801699079449969,True,0.0,0.0
2006-07-03,2006,2005,CSCO,0.02247365953064489,True,0.0,0.0
2006-07-03,2006,2005,WFC,0.08955609196715,True,0.0,0.0
2006-07-03,2006,2005,PEP,0.09198627383669478,True,0.0,0.0
2006-07-03,2006,2005,AMGN,0.04813587630932966,True,0.0,0.0
2006-07-03,2006,2005,KO,0.1,True,0.0,0.0
2006-07-03,2006,2005,HD,0.0313518236422925,True,0.0,0.0
2007-01-03,2007,2006,XOM,0.07535675107723205,True,0.443569,0.0
2007-01-03,2007,2006,MSFT,0.04254564393037044,True,0.0,0.0
2007-01-03,2007,2006,C,0.020936433595542488,True,0.0,0.0
2007-01-03,2007,2006,BAC,0.06458489329593856,True,0.0,0.0
2007-01-03,2007,2006,GE,0.02459906521554915,True,0.0,0.0
2007-01-03,2007,2006,PG,0.09263473934892583,True,0.0,0.0
2007-01-03,2007,2006,WMT,0.06402873205615417,True,0.0,0.0
2007-01-03,2007,2006,JNJ,0.09028040242527836,True,0.0,0.0
2007-01-03,2007,2006,PFE,0.05468176838715617,True,0.0,0.0
2007-01-03,2007,2006,JPM,0.0316440735771791,True,0.0,0.0
2007-01-03,2007,2006,CSCO,0.019963114031356644,True,0.0,0.0
2007-01-03,2007,2006,CVX,0.054728292761135264,True,0.0,0.0
2007-01-03,2007,2006,AIG,0.0423645168343132,True,0.0,0.0
2007-01-03,2007,2006,IBM,0.049228340045176795,True,0.0,0.0
2007-01-03,2007,2006,WFC,0.10000000000000003,True,0.0,0.0
2007-01-03,2007,2006,INTC,0.02004288538640523,True,0.0,0.0
2007-01-03,2007,2006,KO,0.07276744475342015,True,0.0,0.0
2007-01-03,2007,2006,VZ,0.04669342871778409,True,0.0,0.0
2007-01-03,2007,2006,T,0.03291947456108233,True,0.0,0.0
2007-07-02,2007,2006,XOM,0.05,False,0.427461,0.0
2007-07-02,2007,2006,MSFT,0.05,False,0.0,0.0
2007-07-02,2007,2006,C,0.05,False,0.0,0.0
2007-07-02,2007,2006,BAC,0.05,False,0.0,0.0
2007-07-02,2007,2006,GE,0.05,False,0.0,0.0
2007-07-02,2007,2006,PG,0.05,False,0.0,0.0
2007-07-02,2007,2006,WMT,0.05,False,0.0,0.0
2007-07-02,2007,2006,JNJ,0.05,False,0.0,0.0
2007-07-02,2007,2006,PFE,0.05,False,0.0,0.0
2007-07-02,2007,2006,JPM,0.05,False,0.0,0.0
2007-07-02,2007,2006,CSCO,0.05,False,0.0,0.0
2007-07-02,2007,2006,CVX,0.05,False,0.0,0.0
2007-07-02,2007,2006,AIG,0.05,False,0.0,0.0
2007-07-02,2007,2006,GOOGL,0.05,False,0.0,0.0
2007-07-02,2007,2006,IBM,0.05,False,0.0,0.0
2007-07-02,2007,2006,WFC,0.05,False,0.0,0.0
2007-07-02,2007,2006,INTC,0.05,False,0.0,0.0
2007-07-02,2007,2006,KO,0.05,False,0.0,0.0
2007-07-02,2007,2006,VZ,0.05,False,0.0,0.0
2007-07-02,2007,2006,T,0.05,False,0.0,0.0
2008-01-02,2008,2007,XOM,0.05,False,0.210253,0.0
2008-01-02,2008,2007,MSFT,0.05,False,0.0,0.0
2008-01-02,2008,2007,PG,0.05,False,0.0,0.0
2008-01-02,2008,2007,GE,0.05,False,0.0,0.0
2008-01-02,2008,2007,GOOGL,0.05,False,0.0,0.0
2008-01-02,2008,2007,CVX,0.05,False,0.0,0.0
2008-01-02,2008,2007,WMT,0.05,False,0.0,0.0
2008-01-02,2008,2007,T,0.05,False,0.0,0.0
2008-01-02,2008,2007,JNJ,0.05,False,0.0,0.0
2008-01-02,2008,2007,BAC,0.05,False,0.0,0.0
2008-01-02,2008,2007,AAPL,0.05,False,0.0,0.0
2008-01-02,2008,2007,CSCO,0.05,False,0.0,0.0
2008-01-02,2008,2007,C,0.05,False,0.0,0.0
2008-01-02,2008,2007,INTC,0.05,False,0.0,0.0
2008-01-02,2008,2007,JPM,0.05,False,0.0,0.0
2008-01-02,2008,2007,PFE,0.05,False,0.0,0.0
2008-01-02,2008,2007,IBM,0.05,False,0.0,0.0
2008-01-02,2008,2007,KO,0.05,False,0.0,0.0
2008-01-02,2008,2007,VZ,0.05,False,0.0,0.0
2008-01-02,2008,2007,AIG,0.05,False,0.0,0.0
2008-07-01,2008,2007,XOM,0.05,False,0.142842,0.0
2008-07-01,2008,2007,MSFT,0.05,False,0.0,0.0
2008-07-01,2008,2007,PG,0.05,False,0.0,0.0
2008-07-01,2008,2007,GE,0.05,False,0.0,0.0
2008-07-01,2008,2007,GOOGL,0.05,False,0.0,0.0
2008-07-01,2008,2007,CVX,0.05,False,0.0,0.0
2008-07-01,2008,2007,WMT,0.05,False,0.0,0.0
2008-07-01,2008,2007,T,0.05,False,0.0,0.0
2008-07-01,2008,2007,JNJ,0.05,False,0.0,0.0
2008-07-01,2008,2007,BAC,0.05,False,0.0,0.0
2008-07-01,2008,2007,AAPL,0.05,False,0.0,0.0
2008-07-01,2008,2007,CSCO,0.05,False,0.0,0.0
2008-07-01,2008,2007,C,0.05,False,0.0,0.0
2008-07-01,2008,2007,INTC,0.05,False,0.0,0.0
2008-07-01,2008,2007,JPM,0.05,False,0.0,0.0
2008-07-01,2008,2007,PFE,0.05,False,0.0,0.0
2008-07-01,2008,2007,IBM,0.05,False,0.0,0.0
2008-07-01,2008,2007,KO,0.05,False,0.0,0.0
2008-07-01,2008,2007,VZ,0.05,False,0.0,0.0
2008-07-01,2008,2007,AIG,0.05,False,0.0,0.0
2009-01-02,2009,2008,XOM,0.05263157894736842,False,0.414212,0.0
2009-01-02,2009,2008,WMT,0.05263157894736842,False,0.0,0.0
2009-01-02,2009,2008,PG,0.05263157894736842,False,0.0,0.0
2009-01-02,2009,2008,MSFT,0.05263157894736842,False,0.0,0.0
2009-01-02,2009,2008,JNJ,0.05263157894736842,False,0.0,0.0
2009-01-02,2009,2008,CVX,0.05263157894736842,False,0.0,0.0
2009-01-02,2009,2008,T,0.05263157894736842,False,0.0,0.0
2009-01-02,2009,2008,JPM,0.05263157894736842,False,0.0,0.0
2009-01-02,2009,2008,PFE,0.05263157894736842,False,0.0,0.0
2009-01-02,2009,2008,IBM,0.05263157894736842,False,0.0,0.0
2009-01-02,2009,2008,KO,0.05263157894736842,False,0.0,0.0
2009-01-02,2009,2008,VZ,0.05263157894736842,False,0.0,0.0
2009-01-02,2009,2008,WFC,0.05263157894736842,False,0.0,0.0
2009-01-02,2009,2008,GOOGL,0.05263157894736842,False,0.0,0.0
2009-01-02,2009,2008,GE,0.05263157894736842,False,0.0,0.0
2009-01-02,2009,2008,CSCO,0.05263157894736842,False,0.0,0.0
2009-01-02,2009,2008,ORCL,0.05263157894736842,False,0.0,0.0
2009-01-02,2009,2008,PEP,0.05263157894736842,False,0.0,0.0
2009-01-02,2009,2008,INTC,0.05263157894736842,False,0.0,0.0
2009-07-01,2009,2008,XOM,0.05263157894736842,False,0.144842,0.0
2009-07-01,2009,2008,WMT,0.05263157894736842,False,0.0,0.0
2009-07-01,2009,2008,PG,0.05263157894736842,False,0.0,0.0
2009-07-01,2009,2008,MSFT,0.05263157894736842,False,0.0,0.0
2009-07-01,2009,2008,JNJ,0.05263157894736842,False,0.0,0.0
2009-07-01,2009,2008,CVX,0.05263157894736842,False,0.0,0.0
2009-07-01,2009,2008,T,0.05263157894736842,False,0.0,0.0
2009-07-01,2009,2008,JPM,0.05263157894736842,False,0.0,0.0
2009-07-01,2009,2008,PFE,0.05263157894736842,False,0.0,0.0
2009-07-01,2009,2008,IBM,0.05263157894736842,False,0.0,0.0
2009-07-01,2009,2008,KO,0.05263157894736842,False,0.0,0.0
2009-07-01,2009,2008,VZ,0.05263157894736842,False,0.0,0.0
2009-07-01,2009,2008,WFC,0.05263157894736842,False,0.0,0.0
2009-07-01,2009,2008,GOOGL,0.05263157894736842,False,0.0,0.0
2009-07-01,2009,2008,GE,0.05263157894736842,False,0.0,0.0
2009-07-01,2009,2008,CSCO,0.05263157894736842,False,0.0,0.0
2009-07-01,2009,2008,ORCL,0.05263157894736842,False,0.0,0.0
2009-07-01,2009,2008,PEP,0.05263157894736842,False,0.0,0.0
2009-07-01,2009,2008,INTC,0.05263157894736842,False,0.0,0.0
2010-01-04,2010,2009,XOM,0.04719386404312185,True,0.571477,0.0
2010-01-04,2010,2009,MSFT,0.030380973843796795,True,0.0,0.0
2010-01-04,2010,2009,WMT,0.06966412041629767,True,0.0,0.0
2010-01-04,2010,2009,GOOGL,0.03415417892113552,True,0.0,0.0
2010-01-04,2010,2009,AAPL,0.02583142620306266,True,0.0,0.0
2010-01-04,2010,2009,JNJ,0.1,True,0.0,0.0
2010-01-04,2010,2009,PG,0.1,True,0.0,0.0
2010-01-04,2010,2009,JPM,0.023672480915027494,True,0.0,0.0
2010-01-04,2010,2009,IBM,0.08456253095550992,True,0.0,0.0
2010-01-04,2010,2009,CVX,0.04231760711143978,True,0.0,0.0
2010-01-04,2010,2009,WFC,0.013905956902623825,True,0.0,0.0
2010-01-04,2010,2009,PFE,0.06675473012775675,True,0.0,0.0
2010-01-04,2010,2009,CSCO,0.04301740561805162,True,0.0,0.0
2010-01-04,2010,2009,KO,0.077012627243902,True,0.0,0.0
2010-01-04,2010,2009,BAC,0.01,True,0.0,0.0
2010-01-04,2010,2009,T,0.0471344982183192,True,0.0,0.0
2010-01-04,2010,2009,ORCL,0.04876176578729663,True,0.0,0.0
2010-01-04,2010,2009,INTC,0.025059598060892977,True,0.0,0.0
2010-01-04,2010,2009,MRK,0.03401954286804804,True,0.0,0.0
2010-01-04,2010,2009,VZ,0.0765566927637172,True,0.0,0.0
2010-07-01,2010,2009,XOM,0.04865481381423637,True,0.062178,0.0
2010-07-01,2010,2009,MSFT,0.029229245300995778,True,0.0,0.0
2010-07-01,2010,2009,WMT,0.06967115294422078,True,0.0,0.0
2010-07-01,2010,2009,GOOGL,0.03535105437687761,True,0.0,0.0
2010-07-01,2010,2009,AAPL,0.027035704766921954,True,0.0,0.0
2010-07-01,2010,2009,JNJ,0.10000000000000002,True,0.0,0.0
2010-07-01,2010,2009,PG,0.10000000000000002,True,0.0,0.0
2010-07-01,2010,2009,JPM,0.023497725454520727,True,0.0,0.0
2010-07-01,2010,2009,IBM,0.08523838150551298,True,0.0,0.0
2010-07-01,2010,2009,CVX,0.042625013726085036,True,0.0,0.0
2010-07-01,2010,2009,WFC,0.013874927345991375,True,0.0,0.0
2010-07-01,2010,2009,PFE,0.06715423302895823,True,0.0,0.0
2010-07-01,2010,2009,CSCO,0.042259337306156816,True,0.0,0.0
2010-07-01,2010,2009,KO,0.07434883029391991,True,0.0,0.0
2010-07-01,2010,2009,BAC,0.010000000000000002,True,0.0,0.0
2010-07-01,2010,2009,T,0.04647993868102015,True,0.0,0.0
2010-07-01,2010,2009,ORCL,0.048957175523164906,True,0.0,0.0
2010-07-01,2010,2009,INTC,0.024154225817519637,True,0.0,0.0
2010-07-01,2010,2009,MRK,0.03499180486737206,True,0.0,0.0
2010-07-01,2010,2009,VZ,0.07647643524652567,True,0.0,0.0
2011-01-03,2011,2010,XOM,0.05200349681593299,True,0.48193,0.0
2011-01-03,2011,2010,AAPL,0.03804431938068925,True,0.0,0.0
2011-01-03,2011,2010,MSFT,0.05192289757223291,True,0.0,0.0
2011-01-03,2011,2010,BRK-B,0.07825059557068702,True,0.0,0.0
2011-01-03,2011,2010,WMT,0.06866154819665637,True,0.0,0.0
2011-01-03,2011,2010,GOOGL,0.05604223098729361,True,0.0,0.0
2011-01-03,2011,2010,CVX,0.029406069212459824,True,0.0,0.0
2011-01-03,2011,2010,PG,0.10000000000000003,True,0.0,0.0
2011-01-03,2011,2010,IBM,0.0873171645204731,True,0.0,0.0
2011-01-03,2011,2010,JNJ,0.10000000000000003,True,0.0,0.0
2011-01-03,2011,2010,JPM,0.014173191676675087,True,0.0,0.0
2011-01-03,2011,2010,WFC,0.010000000000000002,True,0.0,0.0
2011-01-03,2011,2010,ORCL,0.035492459736870374,True,0.0,0.0
2011-01-03,2011,2010,KO,0.07368832838687264,True,0.0,0.0
2011-01-03,2011,2010,C,0.011590966847447088,True,0.0,0.0
2011-01-03,2011,2010,BAC,0.010000000000000002,True,0.0,0.0
2011-01-03,2011,2010,PFE,0.042556501615290294,True,0.0,0.0
2011-01-03,2011,2010,T,0.07072703126391085,True,0.0,0.0
2011-01-03,2011,2010,GE,0.039022465829567574,True,0.0,0.0
2011-01-03,2011,2010,INTC,0.03110073238694117,True,0.0,0.0
2011-07-01,2011,2010,XOM,0.05489367126399941,True,0.070135,0.0
2011-07-01,2011,2010,AAPL,0.03930350584649533,True,0.0,0.0
2011-07-01,2011,2010,MSFT,0.05275389493147123,True,0.0,0.0
2011-07-01,2011,2010,BRK-B,0.07547345089289262,True,0.0,0.0
2011-07-01,2011,2010,WMT,0.06620258620990975,True,0.0,0.0
2011-07-01,2011,2010,GOOGL,0.05985833484195842,True,0.0,0.0
2011-07-01,2011,2010,CVX,0.032693917704551365,True,0.0,0.0
2011-07-01,2011,2010,PG,0.09999999999999998,True,0.0,0.0
2011-07-01,2011,2010,IBM,0.08634173831577792,True,0.0,0.0
2011-07-01,2011,2010,JNJ,0.09999999999999998,True,0.0,0.0
2011-07-01,2011,2010,JPM,0.014009018353576272,True,0.0,0.0
2011-07-01,2011,2010,WFC,0.009999999999999998,True,0.0,0.0
2011-07-01,2011,2010,ORCL,0.03325451148662849,True,0.0,0.0
2011-07-01,2011,2010,KO,0.07068289747948592,True,0.0,0.0
2011-07-01,2011,2010,C,0.01122855395196523,True,0.0,0.0
2011-07-01,2011,2010,BAC,0.009999999999999998,True,0.0,0.0
2011-07-01,2011,2010,PFE,0.04601766473709388,True,0.0,0.0
2011-07-01,2011,2010,T,0.06947686908872441,True,0.0,0.0
2011-07-01,2011,2010,GE,0.03774184854203973,True,0.0,0.0
2011-07-01,2011,2010,INTC,0.030067536353430017,True,0.0,0.0
2012-01-03,2012,2011,XOM,0.05,False,0.523039,0.0
2012-01-03,2012,2011,AAPL,0.05,False,0.0,0.0
2012-01-03,2012,2011,MSFT,0.05,False,0.0,0.0
2012-01-03,2012,2011,CVX,0.05,False,0.0,0.0
2012-01-03,2012,2011,GOOGL,0.05,False,0.0,0.0
2012-01-03,2012,2011,IBM,0.05,False,0.0,0.0
2012-01-03,2012,2011,WMT,0.05,False,0.0,0.0
2012-01-03,2012,2011,BRK-B,0.05,False,0.0,0.0
2012-01-03,2012,2011,PG,0.05,False,0.0,0.0
2012-01-03,2012,2011,JNJ,0.05,False,0.0,0.0
2012-01-03,2012,2011,KO,0.05,False,0.0,0.0
2012-01-03,2012,2011,PFE,0.05,False,0.0,0.0
2012-01-03,2012,2011,WFC,0.05,False,0.0,0.0
2012-01-03,2012,2011,PM,0.05,False,0.0,0.0
2012-01-03,2012,2011,T,0.05,False,0.0,0.0
2012-01-03,2012,2011,ORCL,0.05,False,0.0,0.0
2012-01-03,2012,2011,JPM,0.05,False,0.0,0.0
2012-01-03,2012,2011,INTC,0.05,False,0.0,0.0
2012-01-03,2012,2011,VZ,0.05,False,0.0,0.0
2012-01-03,2012,2011,GE,0.05,False,0.0,0.0
2012-07-02,2012,2011,XOM,0.05,False,0.074142,0.0
2012-07-02,2012,2011,AAPL,0.05,False,0.0,0.0
2012-07-02,2012,2011,MSFT,0.05,False,0.0,0.0
2012-07-02,2012,2011,CVX,0.05,False,0.0,0.0
2012-07-02,2012,2011,GOOGL,0.05,False,0.0,0.0
2012-07-02,2012,2011,IBM,0.05,False,0.0,0.0
2012-07-02,2012,2011,WMT,0.05,False,0.0,0.0
2012-07-02,2012,2011,BRK-B,0.05,False,0.0,0.0
2012-07-02,2012,2011,PG,0.05,False,0.0,0.0
2012-07-02,2012,2011,JNJ,0.05,False,0.0,0.0
2012-07-02,2012,2011,KO,0.05,False,0.0,0.0
2012-07-02,2012,2011,PFE,0.05,False,0.0,0.0
2012-07-02,2012,2011,WFC,0.05,False,0.0,0.0
2012-07-02,2012,2011,PM,0.05,False,0.0,0.0
2012-07-02,2012,2011,T,0.05,False,0.0,0.0
2012-07-02,2012,2011,ORCL,0.05,False,0.0,0.0
2012-07-02,2012,2011,JPM,0.05,False,0.0,0.0
2012-07-02,2012,2011,INTC,0.05,False,0.0,0.0
2012-07-02,2012,2011,VZ,0.05,False,0.0,0.0
2012-07-02,2012,2011,GE,0.05,False,0.0,0.0
2013-01-02,2013,2012,AAPL,0.05,False,0.154855,0.0
2013-01-02,2013,2012,XOM,0.05,False,0.0,0.0
2013-01-02,2013,2012,GOOGL,0.05,False,0.0,0.0
2013-01-02,2013,2012,WMT,0.05,False,0.0,0.0
2013-01-02,2013,2012,MSFT,0.05,False,0.0,0.0
2013-01-02,2013,2012,BRK-B,0.05,False,0.0,0.0
2013-01-02,2013,2012,CVX,0.05,False,0.0,0.0
2013-01-02,2013,2012,IBM,0.05,False,0.0,0.0
2013-01-02,2013,2012,JNJ,0.05,False,0.0,0.0
2013-01-02,2013,2012,PG,0.05,False,0.0,0.0
2013-01-02,2013,2012,WFC,0.05,False,0.0,0.0
2013-01-02,2013,2012,PFE,0.05,False,0.0,0.0
2013-01-02,2013,2012,JPM,0.05,False,0.0,0.0
2013-01-02,2013,2012,KO,0.05,False,0.0,0.0
2013-01-02,2013,2012,ORCL,0.05,False,0.0,0.0
2013-01-02,2013,2012,T,0.05,False,0.0,0.0
2013-01-02,2013,2012,PM,0.05,False,0.0,0.0
2013-01-02,2013,2012,GE,0.05,False,0.0,0.0
2013-01-02,2013,2012,BAC,0.05,False,0.0,0.0
2013-01-02,2013,2012,VZ,0.05,False,0.0,0.0
2013-07-01,2013,2012,AAPL,0.04202411511454877,True,0.373131,0.0
2013-07-01,2013,2012,XOM,0.0498936569668336,True,0.0,0.0
2013-07-01,2013,2012,GOOGL,0.0511285077321992,True,0.0,0.0
2013-07-01,2013,2012,WMT,0.06606611398992902,True,0.0,0.0
2013-07-01,2013,2012,MSFT,0.052758418271417355,True,0.0,0.0
2013-07-01,2013,2012,BRK-B,0.05988569186495914,True,0.0,0.0
2013-07-01,2013,2012,CVX,0.0284435542415505,True,0.0,0.0
2013-07-01,2013,2012,IBM,0.05284072284001087,True,0.0,0.0
2013-07-01,2013,2012,JNJ,0.1,True,0.0,0.0
2013-07-01,2013,2012,PG,0.07126050658697224,True,0.0,0.0
2013-07-01,2013,2012,WFC,0.01,True,0.0,0.0
2013-07-01,2013,2012,PFE,0.06052765755413549,True,0.0,0.0
2013-07-01,2013,2012,JPM,0.012631784151977597,True,0.0,0.0
2013-07-01,2013,2012,KO,0.06260703878405151,True,0.0,0.0
2013-07-01,2013,2012,ORCL,0.02972735935363652,True,0.0,0.0
2013-07-01,2013,2012,T,0.06573473733313812,True,0.0,0.0
2013-07-01,2013,2012,PM,0.0749104557471533,True,0.0,0.0
2013-07-01,2013,2012,GE,0.03198412737806811,True,0.0,0.0
2013-07-01,2013,2012,BAC,0.01,True,0.0,0.0
2013-07-01,2013,2012,VZ,0.06757555208941868,True,0.0,0.0
2014-01-02,2014,2013,AAPL,0.03765228740374849,True,0.49386,0.0
2014-01-02,2014,2013,XOM,0.05956007662698943,True,0.0,0.0
2014-01-02,2014,2013,GOOGL,0.030927510436256616,True,0.0,0.0
2014-01-02,2014,2013,MSFT,0.030050749796146536,True,0.0,0.0
2014-01-02,2014,2013,BRK-B,0.03365424227624292,True,0.0,0.0
2014-01-02,2014,2013,JNJ,0.10000000000000003,True,0.0,0.0
2014-01-02,2014,2013,WMT,0.1,True,0.0,0.0
2014-01-02,2014,2013,CVX,0.04872778223449674,True,0.0,0.0
2014-01-02,2014,2013,WFC,0.018263820185596538,True,0.0,0.0
2014-01-02,2014,2013,PG,0.1,True,0.0,0.0
2014-01-02,2014,2013,JPM,0.021767949277657267,True,0.0,0.0
2014-01-02,2014,2013,IBM,0.06925459360820672,True,0.0,0.0
2014-01-02,2014,2013,PFE,0.0464695758743518,True,0.0,0.0
2014-01-02,2014,2013,AMZN,0.015937767256061462,True,0.0,0.0
2014-01-02,2014,2013,KO,0.1,True,0.0,0.0
2014-01-02,2014,2013,ORCL,0.039867993343707955,True,0.0,0.0
2014-01-02,2014,2013,GE,0.02762287465120922,True,0.0,0.0
2014-01-02,2014,2013,BAC,0.010121388514664193,True,0.0,0.0
2014-01-02,2014,2013,C,0.010121388514664193,True,0.0,0.0
2014-01-02,2014,2013,VZ,0.10000000000000003,True,0.0,0.0
2014-07-01,2014,2013,AAPL,0.02879836460537319,True,0.184416,0.0
2014-07-01,2014,2013,XOM,0.06453345435962912,True,0.0,0.0
2014-07-01,2014,2013,GOOGL,0.03386155017921651,True,0.0,0.0
2014-07-01,2014,2013,MSFT,0.05209049509727766,True,0.0,0.0
2014-07-01,2014,2013,BRK-B,0.03681864369969297,True,0.0,0.0
2014-07-01,2014,2013,JNJ,0.10000000000000002,True,0.0,0.0
2014-07-01,2014,2013,WMT,0.10000000000000002,True,0.0,0.0
2014-07-01,2014,2013,CVX,0.05397090310513061,True,0.0,0.0
2014-07-01,2014,2013,WFC,0.017571412970110514,True,0.0,0.0
2014-07-01,2014,2013,PG,0.08586619065352206,True,0.0,0.0
2014-07-01,2014,2013,JPM,0.027086215348888415,True,0.0,0.0
2014-07-01,2014,2013,IBM,0.04687281872807248,True,0.0,0.0
2014-07-01,2014,2013,PFE,0.0433142200638107,True,0.0,0.0
2014-07-01,2014,2013,AMZN,0.02433005886948416,True,0.0,0.0
2014-07-01,2014,2013,KO,0.10000000000000002,True,0.0,0.0
2014-07-01,2014,2013,ORCL,0.041238568776215304,True,0.0,0.0
2014-07-01,2014,2013,GE,0.04999074183723622,True,0.0,0.0
2014-07-01,2014,2013,BAC,0.014208190437374745,True,0.0,0.0
2014-07-01,2014,2013,C,0.01388968007443216,True,0.0,0.0
2014-07-01,2014,2013,VZ,0.06555849119453318,True,0.0,0.0
2015-01-02,2015,2014,AAPL,0.05,False,0.669992,0.0
2015-01-02,2015,2014,XOM,0.05,False,0.0,0.0
2015-01-02,2015,2014,MSFT,0.05,False,0.0,0.0
2015-01-02,2015,2014,BRK-B,0.05,False,0.0,0.0
2015-01-02,2015,2014,GOOGL,0.05,False,0.0,0.0
2015-01-02,2015,2014,JNJ,0.05,False,0.0,0.0
2015-01-02,2015,2014,WFC,0.05,False,0.0,0.0
2015-01-02,2015,2014,WMT,0.05,False,0.0,0.0
2015-01-02,2015,2014,PG,0.05,False,0.0,0.0
2015-01-02,2015,2014,JPM,0.05,False,0.0,0.0
2015-01-02,2015,2014,META,0.05,False,0.0,0.0
2015-01-02,2015,2014,CVX,0.05,False,0.0,0.0
2015-01-02,2015,2014,ORCL,0.05,False,0.0,0.0
2015-01-02,2015,2014,VZ,0.05,False,0.0,0.0
2015-01-02,2015,2014,BAC,0.05,False,0.0,0.0
2015-01-02,2015,2014,PFE,0.05,False,0.0,0.0
2015-01-02,2015,2014,KO,0.05,False,0.0,0.0
2015-01-02,2015,2014,INTC,0.05,False,0.0,0.0
2015-01-02,2015,2014,C,0.05,False,0.0,0.0
2015-01-02,2015,2014,DIS,0.05,False,0.0,0.0
2015-07-01,2015,2014,AAPL,0.05,False,0.088785,0.0
2015-07-01,2015,2014,XOM,0.05,False,0.0,0.0
2015-07-01,2015,2014,MSFT,0.05,False,0.0,0.0
2015-07-01,2015,2014,BRK-B,0.05,False,0.0,0.0
2015-07-01,2015,2014,GOOGL,0.05,False,0.0,0.0
2015-07-01,2015,2014,JNJ,0.05,False,0.0,0.0
2015-07-01,2015,2014,WFC,0.05,False,0.0,0.0
2015-07-01,2015,2014,WMT,0.05,False,0.0,0.0
2015-07-01,2015,2014,PG,0.05,False,0.0,0.0
2015-07-01,2015,2014,JPM,0.05,False,0.0,0.0
2015-07-01,2015,2014,META,0.05,False,0.0,0.0
2015-07-01,2015,2014,CVX,0.05,False,0.0,0.0
2015-07-01,2015,2014,ORCL,0.05,False,0.0,0.0
2015-07-01,2015,2014,VZ,0.05,False,0.0,0.0
2015-07-01,2015,2014,BAC,0.05,False,0.0,0.0
2015-07-01,2015,2014,PFE,0.05,False,0.0,0.0
2015-07-01,2015,2014,KO,0.05,False,0.0,0.0
2015-07-01,2015,2014,INTC,0.05,False,0.0,0.0
2015-07-01,2015,2014,C,0.05,False,0.0,0.0
2015-07-01,2015,2014,DIS,0.05,False,0.0,0.0
2016-01-04,2016,2015,AAPL,0.05,False,0.383486,0.0
2016-01-04,2016,2015,GOOGL,0.05,False,0.0,0.0
2016-01-04,2016,2015,MSFT,0.05,False,0.0,0.0
2016-01-04,2016,2015,BRK-B,0.05,False,0.0,0.0
2016-01-04,2016,2015,XOM,0.05,False,0.0,0.0
2016-01-04,2016,2015,AMZN,0.05,False,0.0,0.0
2016-01-04,2016,2015,META,0.05,False,0.0,0.0
2016-01-04,2016,2015,JNJ,0.05,False,0.0,0.0
2016-01-04,2016,2015,WFC,0.05,False,0.0,0.0
2016-01-04,2016,2015,JPM,0.05,False,0.0,0.0
2016-01-04,2016,2015,PG,0.05,False,0.0,0.0
2016-01-04,2016,2015,WMT,0.05,False,0.0,0.0
2016-01-04,2016,2015,PFE,0.05,False,0.0,0.0
2016-01-04,2016,2015,VZ,0.05,False,0.0,0.0
2016-01-04,2016,2015,KO,0.05,False,0.0,0.0
2016-01-04,2016,2015,V,0.05,False,0.0,0.0
2016-01-04,2016,2015,GE,0.05,False,0.0,0.0
2016-01-04,2016,2015,BAC,0.05,False,0.0,0.0
2016-01-04,2016,2015,DIS,0.05,False,0.0,0.0
2016-01-04,2016,2015,CVX,0.05,False,0.0,0.0
2016-07-01,2016,2015,AAPL,0.05,False,0.104251,0.0
2016-07-01,2016,2015,GOOGL,0.05,False,0.0,0.0
2016-07-01,2016,2015,MSFT,0.05,False,0.0,0.0
2016-07-01,2016,2015,BRK-B,0.05,False,0.0,0.0
2016-07-01,2016,2015,XOM,0.05,False,0.0,0.0
2016-07-01,2016,2015,AMZN,0.05,False,0.0,0.0
2016-07-01,2016,2015,META,0.05,False,0.0,0.0
2016-07-01,2016,2015,JNJ,0.05,False,0.0,0.0
2016-07-01,2016,2015,WFC,0.05,False,0.0,0.0
2016-07-01,2016,2015,JPM,0.05,False,0.0,0.0
2016-07-01,2016,2015,PG,0.05,False,0.0,0.0
2016-07-01,2016,2015,WMT,0.05,False,0.0,0.0
2016-07-01,2016,2015,PFE,0.05,False,0.0,0.0
2016-07-01,2016,2015,VZ,0.05,False,0.0,0.0
2016-07-01,2016,2015,KO,0.05,False,0.0,0.0
2016-07-01,2016,2015,V,0.05,False,0.0,0.0
2016-07-01,2016,2015,GE,0.05,False,0.0,0.0
2016-07-01,2016,2015,BAC,0.05,False,0.0,0.0
2016-07-01,2016,2015,DIS,0.05,False,0.0,0.0
2016-07-01,2016,2015,CVX,0.05,False,0.0,0.0
2017-01-03,2017,2016,AAPL,0.05,False,0.306748,0.0
2017-01-03,2017,2016,GOOGL,0.05,False,0.0,0.0
2017-01-03,2017,2016,MSFT,0.05,False,0.0,0.0
2017-01-03,2017,2016,BRK-B,0.05,False,0.0,0.0
2017-01-03,2017,2016,XOM,0.05,False,0.0,0.0
2017-01-03,2017,2016,AMZN,0.05,False,0.0,0.0
2017-01-03,2017,2016,META,0.05,False,0.0,0.0
2017-01-03,2017,2016,JNJ,0.05,False,0.0,0.0
2017-01-03,2017,2016,JPM,0.05,False,0.0,0.0
2017-01-03,2017,2016,WFC,0.05,False,0.0,0.0
2017-01-03,2017,2016,PG,0.05,False,0.0,0.0
2017-01-03,2017,2016,BAC,0.05,False,0.0,0.0
2017-01-03,2017,2016,CVX,0.05,False,0.0,0.0
2017-01-03,2017,2016,VZ,0.05,False,0.0,0.0
2017-01-03,2017,2016,WMT,0.05,False,0.0,0.0
2017-01-03,2017,2016,T,0.05,False,0.0,0.0
2017-01-03,2017,2016,PFE,0.05,False,0.0,0.0
2017-01-03,2017,2016,V,0.05,False,0.0,0.0
2017-01-03,2017,2016,KO,0.05,False,0.0,0.0
2017-01-03,2017,2016,INTC,0.05,False,0.0,0.0
2017-07-03,2017,2016,AAPL,0.02257927229983838,True,0.518564,0.0
2017-07-03,2017,2016,GOOGL,0.03884393407281515,True,0.0,0.0
2017-07-03,2017,2016,MSFT,0.027277464999969293,True,0.0,0.0
2017-07-03,2017,2016,BRK-B,0.06740711287997028,True,0.0,0.0
2017-07-03,2017,2016,XOM,0.04982856812180825,True,0.0,0.0
2017-07-03,2017,2016,AMZN,0.019990504964233696,True,0.0,0.0
2017-07-03,2017,2016,META,0.012293090700692353,True,0.0,0.0
2017-07-03,2017,2016,JNJ,0.1,True,0.0,0.0
2017-07-03,2017,2016,JPM,0.0185535254295509,True,0.0,0.0
2017-07-03,2017,2016,WFC,0.02319147847958195,True,0.0,0.0
2017-07-03,2017,2016,PG,0.06644139890148396,True,0.0,0.0
2017-07-03,2017,2016,BAC,0.03186230646474639,True,0.0,0.0
2017-07-03,2017,2016,CVX,0.036557955344178474,True,0.0,0.0
2017-07-03,2017,2016,VZ,0.08837575674262868,True,0.0,0.0
2017-07-03,2017,2016,WMT,0.04938940781615398,True,0.0,0.0
2017-07-03,2017,2016,T,0.08499000929914714,True,0.0,0.0
2017-07-03,2017,2016,PFE,0.07809354796524778,True,0.0,0.0
2017-07-03,2017,2016,V,0.04659423132198468,True,0.0,0.0
2017-07-03,2017,2016,KO,0.09870895483050232,True,0.0,0.0
2017-07-03,2017,2016,INTC,0.03902147936546638,True,0.0,0.0
2018-01-02,2018,2017,AAPL,0.04021299810723926,True,0.490323,0.0
2018-01-02,2018,2017,GOOGL,0.04866494279561601,True,0.0,0.0
2018-01-02,2018,2017,MSFT,0.03787630005708348,True,0.0,0.0
2018-01-02,2018,2017,AMZN,0.017825406015469454,True,0.0,0.0
2018-01-02,2018,2017,META,0.02283351337789709,True,0.0,0.0
2018-01-02,2018,2017,BRK-B,0.07349427748146563,True,0.0,0.0
2018-01-02,2018,2017,JNJ,0.08282790175344433,True,0.0,0.0
2018-01-02,2018,2017,JPM,0.021392344221376727,True,0.0,0.0
2018-01-02,2018,2017,XOM,0.05554624911946012,True,0.0,0.0
2018-01-02,2018,2017,BAC,0.03618977496300599,True,0.0,0.0
2018-01-02,2018,2017,WFC,0.025356338016234773,True,0.0,0.0
2018-01-02,2018,2017,WMT,0.07603771863719601,True,0.0,0.0
2018-01-02,2018,2017,V,0.05360060267604589,True,0.0,0.0
2018-01-02,2018,2017,CVX,0.040056336093074595,True,0.0,0.0
2018-01-02,2018,2017,PG,0.08355417349612337,True,0.0,0.0
2018-01-02,2018,2017,HD,0.0716655016346439,True,0.0,0.0
2018-01-02,2018,2017,INTC,0.03248112242099858,True,0.0,0.0
2018-01-02,2018,2017,VZ,0.06257983085148916,True,0.0,0.0
2018-01-02,2018,2017,UNH,0.06040312073354683,True,0.0,0.0
2018-01-02,2018,2017,PFE,0.057401547548588935,True,0.0,0.0
2018-07-02,2018,2017,AAPL,0.04797348743253267,True,0.172571,0.0
2018-07-02,2018,2017,GOOGL,0.0420452775394661,True,0.0,0.0
2018-07-02,2018,2017,MSFT,0.028917261435059752,True,0.0,0.0
2018-07-02,2018,2017,AMZN,0.02760455275521641,True,0.0,0.0
2018-07-02,2018,2017,META,0.02148059290754242,True,0.0,0.0
2018-07-02,2018,2017,BRK-B,0.052082849886989045,True,0.0,0.0
2018-07-02,2018,2017,JNJ,0.0683433665153828,True,0.0,0.0
2018-07-02,2018,2017,JPM,0.04198158449905149,True,0.0,0.0
2018-07-02,2018,2017,XOM,0.06366551468116878,True,0.0,0.0
2018-07-02,2018,2017,BAC,0.02883309514421076,True,0.0,0.0
2018-07-02,2018,2017,WFC,0.03217986135692171,True,0.0,0.0
2018-07-02,2018,2017,WMT,0.07124159940143167,True,0.0,0.0
2018-07-02,2018,2017,V,0.0544633539474784,True,0.0,0.0
2018-07-02,2018,2017,CVX,0.05685624143544292,True,0.0,0.0
2018-07-02,2018,2017,PG,0.09029740244449741,True,0.0,0.0
2018-07-02,2018,2017,HD,0.07102372643343709,True,0.0,0.0
2018-07-02,2018,2017,INTC,0.028461277172089815,True,0.0,0.0
2018-07-02,2018,2017,VZ,0.06272688880046759,True,0.0,0.0
2018-07-02,2018,2017,UNH,0.05660747184484966,True,0.0,0.0
2018-07-02,2018,2017,PFE,0.05321459436676348,True,0.0,0.0
2019-01-02,2019,2018,MSFT,0.024001013991861064,True,0.42014,0.0
2019-01-02,2019,2018,AAPL,0.044471225588563056,True,0.0,0.0
2019-01-02,2019,2018,AMZN,0.02257887999139689,True,0.0,0.0
2019-01-02,2019,2018,GOOGL,0.03751950711955477,True,0.0,0.0
2019-01-02,2019,2018,BRK-B,0.05461025099105314,True,0.0,0.0
2019-01-02,2019,2018,META,0.02421247084770513,True,0.0,0.0
2019-01-02,2019,2018,JNJ,0.1,True,0.0,0.0
2019-01-02,2019,2018,JPM,0.04288543641313802,True,0.0,0.0
2019-01-02,2019,2018,V,0.029105872067500545,True,0.0,0.0
2019-01-02,2019,2018,XOM,0.04189723267278527,True,0.0,0.0
2019-01-02,2019,2018,WMT,0.045218257657727134,True,0.0,0.0
2019-01-02,2019,2018,UNH,0.038275816840114996,True,0.0,0.0
2019-01-02,2019,2018,BAC,0.02903143882907726,True,0.0,0.0
2019-01-02,2019,2018,PFE,0.052227800388173644,True,0.0,0.0
2019-01-02,2019,2018,VZ,0.08985570775404955,True,0.0,0.0
2019-01-02,2019,2018,PG,0.07761363693553215,True,0.0,0.0
2019-01-02,2019,2018,INTC,0.04191613300860577,True,0.0,0.0
2019-01-02,2019,2018,WFC,0.05783129731595341,True,0.0,0.0
2019-01-02,2019,2018,CVX,0.04674802158720817,True,0.0,0.0
2019-01-02,2019,2018,KO,0.1,True,0.0,0.0
2019-07-01,2019,2018,MSFT,0.025006362349903034,True,0.113386,0.0
2019-07-01,2019,2018,AAPL,0.02258830744466868,True,0.0,0.0
2019-07-01,2019,2018,AMZN,0.023348941989463797,True,0.0,0.0
2019-07-01,2019,2018,GOOGL,0.036114492644732106,True,0.0,0.0
2019-07-01,2019,2018,BRK-B,0.051004361266417525,True,0.0,0.0
2019-07-01,2019,2018,META,0.02448967100177902,True,0.0,0.0
2019-07-01,2019,2018,JNJ,0.1,True,0.0,0.0
2019-07-01,2019,2018,JPM,0.04409221092246629,True,0.0,0.0
2019-07-01,2019,2018,V,0.05689601009101365,True,0.0,0.0
2019-07-01,2019,2018,XOM,0.039499656079745225,True,0.0,0.0
2019-07-01,2019,2018,WMT,0.04674666087752893,True,0.0,0.0
2019-07-01,2019,2018,UNH,0.03764287353091057,True,0.0,0.0
2019-07-01,2019,2018,BAC,0.029847810942290963,True,0.0,0.0
2019-07-01,2019,2018,PFE,0.05533058347300194,True,0.0,0.0
2019-07-01,2019,2018,VZ,0.08996270429003601,True,0.0,0.0
2019-07-01,2019,2018,PG,0.07739270608772615,True,0.0,0.0
2019-07-01,2019,2018,INTC,0.03682479927797135,True,0.0,0.0
2019-07-01,2019,2018,WFC,0.05917869589463229,True,0.0,0.0
2019-07-01,2019,2018,CVX,0.044033151835712554,True,0.0,0.0
2019-07-01,2019,2018,KO,0.1,True,0.0,0.0
2020-01-02,2020,2019,AAPL,0.03453615601936045,True,0.465044,0.0
2020-01-02,2020,2019,MSFT,0.03585699915257967,True,0.0,0.0
2020-01-02,2020,2019,GOOGL,0.031092207334270705,True,0.0,0.0
2020-01-02,2020,2019,AMZN,0.013331900265610786,True,0.0,0.0
2020-01-02,2020,2019,META,0.02455643803213361,True,0.0,0.0
2020-01-02,2020,2019,BRK-B,0.08070465029990591,True,0.0,0.0
2020-01-02,2020,2019,JPM,0.02697132546860839,True,0.0,0.0
2020-01-02,2020,2019,V,0.05096431702539963,True,0.0,0.0
2020-01-02,2020,2019,JNJ,0.08911424451672997,True,0.0,0.0
2020-01-02,2020,2019,WMT,0.04628891420411626,True,0.0,0.0
2020-01-02,2020,2019,BAC,0.018081072897040057,True,0.0,0.0
2020-01-02,2020,2019,PG,0.07192551026038523,True,0.0,0.0
2020-01-02,2020,2019,MA,0.02432702084616657,True,0.0,0.0
2020-01-02,2020,2019,XOM,0.061579436981187945,True,0.0,0.0
2020-01-02,2020,2019,UNH,0.036456686271491935,True,0.0,0.0
2020-01-02,2020,2019,DIS,0.07291588268549787,True,0.0,0.0
2020-01-02,2020,2019,INTC,0.034012395070802545,True,0.0,0.0
2020-01-02,2020,2019,VZ,0.09862948556515974,True,0.0,0.0
2020-01-02,2020,2019,HD,0.048655357103552684,True,0.0,0.0
2020-01-02,2020,2019,KO,0.1,True,0.0,0.0
2020-07-01,2020,2019,AAPL,0.04351400980866554,True,0.267759,0.0
2020-07-01,2020,2019,MSFT,0.04106798706318907,True,0.0,0.0
2020-07-01,2020,2019,GOOGL,0.025143541092407365,True,0.0,0.0
2020-07-01,2020,2019,AMZN,0.02594547826935556,True,0.0,0.0
2020-07-01,2020,2019,META,0.022854526799608196,True,0.0,0.0
2020-07-01,2020,2019,BRK-B,0.049070622315096186,True,0.0,0.0
2020-07-01,2020,2019,JPM,0.042981399587502835,True,0.0,0.0
2020-07-01,2020,2019,V,0.027170984047500863,True,0.0,0.0
2020-07-01,2020,2019,JNJ,0.06533254610217543,True,0.0,0.0
2020-07-01,2020,2019,WMT,0.09448800201679948,True,0.0,0.0
2020-07-01,2020,2019,BAC,0.0342938098981281,True,0.0,0.0
2020-07-01,2020,2019,PG,0.06257976182161495,True,0.0,0.0
2020-07-01,2020,2019,MA,0.042966839976136435,True,0.0,0.0
2020-07-01,2020,2019,XOM,0.03167028235680198,True,0.0,0.0
2020-07-01,2020,2019,UNH,0.044833440010753456,True,0.0,0.0
2020-07-01,2020,2019,DIS,0.05641906229478944,True,0.0,0.0
2020-07-01,2020,2019,INTC,0.03671955018947494,True,0.0,0.0
2020-07-01,2020,2019,VZ,0.1,True,0.0,0.0
2020-07-01,2020,2019,HD,0.05294815635000024,True,0.0,0.0
2020-07-01,2020,2019,KO,0.1,True,0.0,0.0
2021-01-04,2021,2020,AAPL,0.045491482746141294,True,0.506608,0.0
2021-01-04,2021,2020,MSFT,0.03333851879041134,True,0.0,0.0
2021-01-04,2021,2020,AMZN,0.053206176330070507,True,0.0,0.0
2021-01-04,2021,2020,GOOGL,0.03689117739790683,True,0.0,0.0
2021-01-04,2021,2020,META,0.03832102339792366,True,0.0,0.0
2021-01-04,2021,2020,TSLA,0.016176477245765285,True,0.0,0.0
2021-01-04,2021,2020,BRK-B,0.06590828581756986,True,0.0,0.0
2021-01-04,2021,2020,V,0.03726691588559682,True,0.0,0.0
2021-01-04,2021,2020,JNJ,0.08050648629512554,True,0.0,0.0
2021-01-04,2021,2020,WMT,0.06488656274197527,True,0.0,0.0
2021-01-04,2021,2020,JPM,0.04062323138251937,True,0.0,0.0
2021-01-04,2021,2020,MA,0.048523584262605696,True,0.0,0.0
2021-01-04,2021,2020,PG,0.10000000000000002,True,0.0,0.0
2021-01-04,2021,2020,UNH,0.06584839241332927,True,0.0,0.0
2021-01-04,2021,2020,NVDA,0.02386393103620667,True,0.0,0.0
2021-01-04,2021,2020,DIS,0.03978939185942014,True,0.0,0.0
2021-01-04,2021,2020,HD,0.038917175439595504,True,0.0,0.0
2021-01-04,2021,2020,PYPL,0.03911306792378257,True,0.0,0.0
2021-01-04,2021,2020,BAC,0.031328119034054504,True,0.0,0.0
2021-01-04,2021,2020,VZ,0.10000000000000002,True,0.0,0.0
2021-07-01,2021,2020,AAPL,0.04090143128205838,True,0.121071,0.0
2021-07-01,2021,2020,MSFT,0.04985793036899737,True,0.0,0.0
2021-07-01,2021,2020,AMZN,0.03335826494144373,True,0.0,0.0
2021-07-01,2021,2020,GOOGL,0.03949284749481391,True,0.0,0.0
2021-07-01,2021,2020,META,0.045057690943591536,True,0.0,0.0
2021-07-01,2021,2020,TSLA,0.015288535085683312,True,0.0,0.0
2021-07-01,2021,2020,BRK-B,0.06448972172399213,True,0.0,0.0
2021-07-01,2021,2020,V,0.03886014202938058,True,0.0,0.0
2021-07-01,2021,2020,JNJ,0.07848958070454196,True,0.0,0.0
2021-07-01,2021,2020,WMT,0.06596670843134214,True,0.0,0.0
2021-07-01,2021,2020,JPM,0.04232365800132233,True,0.0,0.0
2021-07-01,2021,2020,MA,0.048324202290567345,True,0.0,0.0
2021-07-01,2021,2020,PG,0.1,True,0.0,0.0
2021-07-01,2021,2020,UNH,0.06490765969602244,True,0.0,0.0
2021-07-01,2021,2020,NVDA,0.02325562629374433,True,0.0,0.0
2021-07-01,2021,2020,DIS,0.038018011420837265,True,0.0,0.0
2021-07-01,2021,2020,HD,0.03977886821699577,True,0.0,0.0
2021-07-01,2021,2020,PYPL,0.03835569801303395,True,0.0,0.0
2021-07-01,2021,2020,BAC,0.03327342306163159,True,0.0,0.0
2021-07-01,2021,2020,VZ,0.1,True,0.0,0.0
2022-01-03,2022,2021,AAPL,0.04034606253247533,True,0.482014,0.0
2022-01-03,2022,2021,MSFT,0.049220500481387444,True,0.0,0.0
2022-01-03,2022,2021,GOOGL,0.04122620513712164,True,0.0,0.0
2022-01-03,2022,2021,AMZN,0.03499415585967091,True,0.0,0.0
2022-01-03,2022,2021,TSLA,0.01481360391046387,True,0.0,0.0
2022-01-03,2022,2021,META,0.04158157727857834,True,0.0,0.0
2022-01-03,2022,2021,NVDA,0.022862361504648862,True,0.0,0.0
2022-01-03,2022,2021,BRK-B,0.054376222610050894,True,0.0,0.0
2022-01-03,2022,2021,UNH,0.036592883537498726,True,0.0,0.0
2022-01-03,2022,2021,JPM,0.028502631564258606,True,0.0,0.0
2022-01-03,2022,2021,V,0.05215731836133992,True,0.0,0.0
2022-01-03,2022,2021,JNJ,0.10000000000000003,True,0.0,0.0
2022-01-03,2022,2021,HD,0.04439023473380706,True,0.0,0.0
2022-01-03,2022,2021,WMT,0.06995940552736525,True,0.0,0.0
2022-01-03,2022,2021,PG,0.08169410072044522,True,0.0,0.0
2022-01-03,2022,2021,BAC,0.05087094073364584,True,0.0,0.0
2022-01-03,2022,2021,MA,0.039881312700801835,True,0.0,0.0
2022-01-03,2022,2021,PFE,0.1,True,0.0,0.0
2022-01-03,2022,2021,DIS,0.05315500153309512,True,0.0,0.0
2022-01-03,2022,2021,AVGO,0.04337548127334513,True,0.0,0.0
2022-07-01,2022,2021,AAPL,0.04127060906214937,True,0.192317,0.0
2022-07-01,2022,2021,MSFT,0.04891006529223134,True,0.0,0.0
2022-07-01,2022,2021,GOOGL,0.037745345380296565,True,0.0,0.0
2022-07-01,2022,2021,AMZN,0.028846458278425198,True,0.0,0.0
2022-07-01,2022,2021,TSLA,0.014426135667812834,True,0.0,0.0
2022-07-01,2022,2021,META,0.035703482155477306,True,0.0,0.0
2022-07-01,2022,2021,NVDA,0.02196804818411481,True,0.0,0.0
2022-07-01,2022,2021,BRK-B,0.1,True,0.0,0.0
2022-07-01,2022,2021,UNH,0.041111987336993845,True,0.0,0.0
2022-07-01,2022,2021,JPM,0.027182381051023944,True,0.0,0.0
2022-07-01,2022,2021,V,0.05373949397837514,True,0.0,0.0
2022-07-01,2022,2021,JNJ,0.1,True,0.0,0.0
2022-07-01,2022,2021,HD,0.04637892943328034,True,0.0,0.0
2022-07-01,2022,2021,WMT,0.0685159682742476,True,0.0,0.0
2022-07-01,2022,2021,PG,0.08054958020500066,True,0.0,0.0
2022-07-01,2022,2021,BAC,0.022155748083801746,True,0.0,0.0
2022-07-01,2022,2021,MA,0.042130522022969664,True,0.0,0.0
2022-07-01,2022,2021,PFE,0.09204284572569099,True,0.0,0.0
2022-07-01,2022,2021,DIS,0.053608392762998815,True,0.0,0.0
2022-07-01,2022,2021,AVGO,0.04371400710510993,True,0.0,0.0
2023-01-03,2023,2022,AAPL,0.04234115874957803,True,0.455299,0.0
2023-01-03,2023,2022,MSFT,0.02742341390152855,True,0.0,0.0
2023-01-03,2023,2022,GOOGL,0.02681893704109479,True,0.0,0.0
2023-01-03,2023,2022,AMZN,0.04697733527205101,True,0.0,0.0
2023-01-03,2023,2022,BRK-B,0.08793611314218946,True,0.0,0.0
2023-01-03,2023,2022,UNH,0.04655541194657642,True,0.0,0.0
2023-01-03,2023,2022,JNJ,0.10000000000000002,True,0.0,0.0
2023-01-03,2023,2022,XOM,0.05353757690089737,True,0.0,0.0
2023-01-03,2023,2022,V,0.028410421799984088,True,0.0,0.0
2023-01-03,2023,2022,JPM,0.04538020734809949,True,0.0,0.0
2023-01-03,2023,2022,TSLA,0.014169720171733279,True,0.0,0.0
2023-01-03,2023,2022,WMT,0.06971856270534717,True,0.0,0.0
2023-01-03,2023,2022,NVDA,0.024377511748614737,True,0.0,0.0
2023-01-03,2023,2022,PG,0.08020127369218125,True,0.0,0.0
2023-01-03,2023,2022,LLY,0.06872764084397877,True,0.0,0.0
2023-01-03,2023,2022,CVX,0.032810359856245794,True,0.0,0.0
2023-01-03,2023,2022,MA,0.022403443788829944,True,0.0,0.0
2023-01-03,2023,2022,HD,0.05816565184001863,True,0.0,0.0
2023-01-03,2023,2022,META,0.03491271996594308,True,0.0,0.0
2023-01-03,2023,2022,PFE,0.08913253928510828,True,0.0,0.0
2023-07-03,2023,2022,AAPL,0.0449664656934742,True,0.248705,0.0
2023-07-03,2023,2022,MSFT,0.02881461750862567,True,0.0,0.0
2023-07-03,2023,2022,GOOGL,0.027529742443312855,True,0.0,0.0
2023-07-03,2023,2022,AMZN,0.046836770241538116,True,0.0,0.0
2023-07-03,2023,2022,BRK-B,0.09150354948731605,True,0.0,0.0
2023-07-03,2023,2022,UNH,0.04601712733767331,True,0.0,0.0
2023-07-03,2023,2022,JNJ,0.09999999999999998,True,0.0,0.0
2023-07-03,2023,2022,XOM,0.05159425212588857,True,0.0,0.0
2023-07-03,2023,2022,V,0.028762568511233686,True,0.0,0.0
2023-07-03,2023,2022,JPM,0.04447903838330278,True,0.0,0.0
2023-07-03,2023,2022,TSLA,0.013529178946969898,True,0.0,0.0
2023-07-03,2023,2022,WMT,0.0746061188583522,True,0.0,0.0
2023-07-03,2023,2022,NVDA,0.02072504951470229,True,0.0,0.0
2023-07-03,2023,2022,PG,0.08037831390260987,True,0.0,0.0
2023-07-03,2023,2022,LLY,0.06865726284055884,True,0.0,0.0
2023-07-03,2023,2022,CVX,0.03239144551060461,True,0.0,0.0
2023-07-03,2023,2022,MA,0.02255185989626138,True,0.0,0.0
2023-07-03,2023,2022,HD,0.05704940441077943,True,0.0,0.0
2023-07-03,2023,2022,META,0.031083109531513258,True,0.0,0.0
2023-07-03,2023,2022,PFE,0.08852412485528294,True,0.0,0.0
2024-01-02,2024,2023,AAPL,0.04439879972007049,True,0.484388,0.0
2024-01-02,2024,2023,MSFT,0.04367991208602075,True,0.0,0.0
2024-01-02,2024,2023,GOOGL,0.040199348059690006,True,0.0,0.0
2024-01-02,2024,2023,AMZN,0.02248401608410224,True,0.0,0.0
2024-01-02,2024,2023,NVDA,0.010494451504614049,True,0.0,0.0
2024-01-02,2024,2023,META,0.020017309454336288,True,0.0,0.0
2024-01-02,2024,2023,TSLA,0.013912116792417446,True,0.0,0.0
2024-01-02,2024,2023,BRK-B,0.06819185858316758,True,0.0,0.0
2024-01-02,2024,2023,LLY,0.03917851452072668,True,0.0,0.0
2024-01-02,2024,2023,V,0.05607143574889474,True,0.0,0.0
2024-01-02,2024,2023,AVGO,0.03221243440129911,True,0.0,0.0
2024-01-02,2024,2023,JPM,0.04986206595919731,True,0.0,0.0
2024-01-02,2024,2023,UNH,0.07104589423791632,True,0.0,0.0
2024-01-02,2024,2023,WMT,0.0779496006586439,True,0.0,0.0
2024-01-02,2024,2023,MA,0.044258345778451544,True,0.0,0.0
2024-01-02,2024,2023,XOM,0.028251345958487134,True,0.0,0.0
2024-01-02,2024,2023,JNJ,0.1,True,0.0,0.0
2024-01-02,2024,2023,PG,0.1,True,0.0,0.0
2024-01-02,2024,2023,HD,0.07008601668636097,True,0.0,0.0
2024-01-02,2024,2023,COST,0.06770653376560347,True,0.0,0.0
2024-07-01,2024,2023,AAPL,0.02905212657583032,True,0.146152,0.0
2024-07-01,2024,2023,MSFT,0.032019695665753425,True,0.0,0.0
2024-07-01,2024,2023,GOOGL,0.04812493264057284,True,0.0,0.0
2024-07-01,2024,2023,AMZN,0.04023908454311732,True,0.0,0.0
2024-07-01,2024,2023,NVDA,0.018744382591817665,True,0.0,0.0
2024-07-01,2024,2023,META,0.034023026782718076,True,0.0,0.0
2024-07-01,2024,2023,TSLA,0.012898125860756653,True,0.0,0.0
2024-07-01,2024,2023,BRK-B,0.06611198198874085,True,0.0,0.0
2024-07-01,2024,2023,LLY,0.03817789171324943,True,0.0,0.0
2024-07-01,2024,2023,V,0.05340475503735419,True,0.0,0.0
2024-07-01,2024,2023,AVGO,0.03797822961593859,True,0.0,0.0
2024-07-01,2024,2023,JPM,0.04701217994550689,True,0.0,0.0
2024-07-01,2024,2023,UNH,0.06583977138780217,True,0.0,0.0
2024-07-01,2024,2023,WMT,0.08281762710213074,True,0.0,0.0
2024-07-01,2024,2023,MA,0.04251604638168182,True,0.0,0.0
2024-07-01,2024,2023,XOM,0.026613513492515395,True,0.0,0.0
2024-07-01,2024,2023,JNJ,0.1,True,0.0,0.0
2024-07-01,2024,2023,PG,0.0833986343478035,True,0.0,0.0
2024-07-01,2024,2023,HD,0.06871928552091781,True,0.0,0.0
2024-07-01,2024,2023,COST,0.07230870880579231,True,0.0,0.0
2025-01-02,2025,2024,AAPL,0.031165359901741223,True,0.296922,0.0
2025-01-02,2025,2024,NVDA,0.01891648846541743,True,0.0,0.0
2025-01-02,2025,2024,MSFT,0.03356988980124215,True,0.0,0.0
2025-01-02,2025,2024,GOOGL,0.04736086848626455,True,0.0,0.0
2025-01-02,2025,2024,AMZN,0.03881939017405608,True,0.0,0.0
2025-01-02,2025,2024,META,0.03365644311357067,True,0.0,0.0
2025-01-02,2025,2024,TSLA,0.012532699993959121,True,0.0,0.0
2025-01-02,2025,2024,AVGO,0.031988696485350986,True,0.0,0.0
2025-01-02,2025,2024,BRK-B,0.07038295263073162,True,0.0,0.0
2025-01-02,2025,2024,WMT,0.07601992125744214,True,0.0,0.0
2025-01-02,2025,2024,LLY,0.04604648360992196,True,0.0,0.0
2025-01-02,2025,2024,JPM,0.04887200110677515,True,0.0,0.0
2025-01-02,2025,2024,V,0.057276507176968125,True,0.0,0.0
2025-01-02,2025,2024,MA,0.04665276301756591,True,0.0,0.0
2025-01-02,2025,2024,XOM,0.028915948612010384,True,0.0,0.0
2025-01-02,2025,2024,ORCL,0.059582878772223576,True,0.0,0.0
2025-01-02,2025,2024,UNH,0.05446477480477302,True,0.0,0.0
2025-01-02,2025,2024,COST,0.09933544342839931,True,0.0,0.0
2025-01-02,2025,2024,PG,0.0878866449171832,True,0.0,0.0
2025-01-02,2025,2024,HD,0.07655384424440352,True,0.0,0.0
2025-07-01,2025,2024,AAPL,0.02259516512305699,True,0.306135,0.0
2025-07-01,2025,2024,NVDA,0.016810082650212912,True,0.0,0.0
2025-07-01,2025,2024,MSFT,0.04373880418197647,True,0.0,0.0
2025-07-01,2025,2024,GOOGL,0.03750860110595293,True,0.0,0.0
2025-07-01,2025,2024,AMZN,0.015896663639100368,True,0.0,0.0
2025-07-01,2025,2024,META,0.01894085754039908,True,0.0,0.0
2025-07-01,2025,2024,TSLA,0.01141945238319665,True,0.0,0.0
2025-07-01,2025,2024,AVGO,0.031185883302656436,True,0.0,0.0
2025-07-01,2025,2024,BRK-B,0.09888846159188686,True,0.0,0.0
2025-07-01,2025,2024,WMT,0.1,True,0.0,0.0
2025-07-01,2025,2024,LLY,0.04220164407061205,True,0.0,0.0
2025-07-01,2025,2024,JPM,0.06732400152176646,True,0.0,0.0
2025-07-01,2025,2024,V,0.06935441219513057,True,0.0,0.0
2025-07-01,2025,2024,MA,0.057410472400255576,True,0.0,0.0
2025-07-01,2025,2024,XOM,0.0371375285144089,True,0.0,0.0
2025-07-01,2025,2024,ORCL,0.039531347104108674,True,0.0,0.0
2025-07-01,2025,2024,UNH,0.07375751373356584,True,0.0,0.0
2025-07-01,2025,2024,COST,0.060345238703624605,True,0.0,0.0
2025-07-01,2025,2024,PG,0.1,True,0.0,0.0
2025-07-01,2025,2024,HD,0.05595387023808862,True,0.0,0.0
